date,regime,regime_name,growth_factor,inflation_factor,monetary_policy_factor,market_volatility_factor,erp,prob_R0,prob_R1,prob_R2,prob_R3
1990-01-01,2,High Growth / High Inflation,-0.5057798809853797,0.7571455612341405,8.23,22.29,-0.0754196194721885,0.17487770452710943,0.17487770452710943,0.4753668864186717,0.17487770452710943
1990-02-01,2,High Growth / High Inflation,0.9081631000016132,0.4406264410021787,8.24,22.29,0.0024883501337749,0.17487770452710943,0.17487770452710943,0.4753668864186717,0.17487770452710943
1990-03-01,2,High Growth / High Inflation,0.4981569957103637,0.3774804033259027,8.28,22.29,0.0170981517372268,0.17487770452710943,0.17487770452710943,0.4753668864186717,0.17487770452710943
1990-04-01,2,High Growth / High Inflation,-0.261981249171328,0.2100520048108567,8.26,22.29,-0.0332878267589537,0.17487770452710943,0.17487770452710943,0.4753668864186717,0.17487770452710943
1990-05-01,2,High Growth / High Inflation,0.304151938227859,0.224825464442091,8.18,22.29,0.084975668456295,0.17487770452710943,0.17487770452710943,0.4753668864186717,0.17487770452710943
1990-06-01,2,High Growth / High Inflation,0.3391573440977957,0.4418957665710987,8.29,22.29,-0.0155629965812373,0.17487770452710943,0.17487770452710943,0.4753668864186717,0.17487770452710943
1990-07-01,2,High Growth / High Inflation,-0.1747344767991432,0.2468430951101607,8.15,22.29,-0.0118060204894991,0.17487770452710943,0.17487770452710943,0.4753668864186717,0.17487770452710943
1990-08-01,2,High Growth / High Inflation,0.3492835780922076,0.6650027638653855,8.13,22.29,-0.101360449353467,0.17487770452710943,0.17487770452710943,0.4753668864186717,0.17487770452710943
1990-09-01,2,High Growth / High Inflation,0.0076254021208255,0.614017571884995,8.2,22.29,-0.0569284184147121,0.17487770452710943,0.17487770452710943,0.4753668864186717,0.17487770452710943
1990-10-01,2,High Growth / High Inflation,-0.5842518859517476,0.5722318696766759,8.11,22.29,-0.0131785276954674,0.17487770452710943,0.17487770452710943,0.4753668864186717,0.17487770452710943
1990-11-01,2,High Growth / High Inflation,-1.271560849731168,0.126621828287643,7.81,22.29,0.0541321692246543,0.17487770452710946,0.17487770452710943,0.4753668864186717,0.17487770452710943
1990-12-01,2,High Growth / High Inflation,-0.7339529719835425,0.09361450532126,7.31,22.29,0.0192978082912949,0.17487770452710957,0.1748777045271094,0.4753668864186716,0.1748777045271094
1991-01-01,2,High Growth / High Inflation,-0.3255879168894804,0.380671096890639,6.91,26.62,0.0361621017055271,0.17487770452711635,0.174877704527108,0.47536688641866776,0.174877704527108
1991-02-01,2,High Growth / High Inflation,-0.7388505859934114,0.0506726384098543,6.25,21.04,0.0626595376701035,0.17487770452841164,0.17487770452740617,0.4753668864167761,0.17487770452740617
1991-03-01,2,High Growth / High Inflation,-0.5754418806996231,0.0212390537184692,6.12,20.86,0.0173556132523351,0.1748777045296426,0.17487770452769508,0.4753668864149674,0.17487770452769508
1991-04-01,2,High Growth / High Inflation,0.2638618636735756,0.1813103346890887,5.91,17.42,-0.0047782652536851,0.17487770452802406,0.17487770452732793,0.47536688641732006,0.17487770452732793
1991-05-01,2,High Growth / High Inflation,0.9414187900247616,0.4141394378138541,5.78,17.77,0.0336751821146612,0.1748777045352264,0.17487770452898566,0.4753668864068023,0.17487770452898566
1991-06-01,2,High Growth / High Inflation,0.8103066817548354,0.1688695482739532,5.9,16.87,-0.0524668659686283,0.17487770452819618,0.17487770452736018,0.4753668864170835,0.17487770452736018
1991-07-01,2,High Growth / High Inflation,0.2800606256528226,0.1572378019127907,5.82,18.64,0.0398266761004793,0.17487770452932155,0.17487770452762566,0.4753668864154272,0.17487770452762566
1991-08-01,2,High Growth / High Inflation,-0.0011339613319227,0.2330587340378942,5.66,15.47,0.0148381835663307,0.17487770453217003,0.17487770452828186,0.4753668864112662,0.17487770452828186
1991-09-01,2,High Growth / High Inflation,0.7932959445843046,0.3439311491821639,5.45,16.57,-0.02341704956175,0.17487770456181442,0.17487770453512522,0.47536688636793517,0.17487770453512522
1991-10-01,2,High Growth / High Inflation,-0.0546452478724535,0.1866632337796048,5.21,14.81,0.0073336553243335,0.1748777046296113,0.17487770455078847,0.47536688626881174,0.17487770455078847
1991-11-01,2,High Growth / High Inflation,-0.1582362447837493,0.2200449726951436,4.81,15.6,-0.0474453239344666,0.17487770613030099,0.17487770489754006,0.4753668840746189,0.17487770489754006
1991-12-01,2,High Growth / High Inflation,-0.4862523777080851,0.2500120198086319,4.43,20.18,0.1080951685482503,0.1748777683811623,0.17487771928113546,0.4753667930565668,0.17487771928113544
1992-01-01,2,High Growth / High Inflation,-0.5237500242776694,0.1358847697152887,4.03,18.95,-0.0231839668667169,0.17487818503426614,0.17487781555212525,0.4753661838614848,0.17487781555212373
1992-02-01,2,High Growth / High Inflation,0.7059692556002473,0.2538395223346867,4.06,18.2,0.0066071306513311,0.1748778211704282,0.17487773147856478,0.4753667158724639,0.17487773147854319
1992-03-01,2,High Growth / High Inflation,0.8525660185312312,0.2420497794480614,3.98,16.88,-0.0254511717010593,0.17487786410807013,0.17487774140012705,0.4753666530920774,0.1748777413997255
1992-04-01,2,High Growth / High Inflation,0.7590126747747616,0.2700598897520168,3.73,16.48,0.0246886054123089,0.17487819263418683,0.17487781735833044,0.4753661726899239,0.17487781731755886
1992-05-01,2,High Growth / High Inflation,0.3291094964783747,0.1330819563047702,3.82,16.61,-0.0019917574958177,0.17487802440332514,0.1748777817254649,0.4753664148168966,0.17487777905431331
1992-06-01,2,High Growth / High Inflation,0.0511853448275756,0.1772067781592667,3.76,14.43,-0.0206334051403597,0.17487856533624888,0.17487794448003885,0.4753655790542682,0.17487791112944398
1992-07-01,2,High Growth / High Inflation,0.9207064715544,0.3300955539761618,3.25,13.34,0.0365067334245561,0.17490224235844287,0.17488389224335427,0.4753303945751974,0.17488347082300554
1992-08-01,2,High Growth / High Inflation,-0.5591861589262614,0.1338076947295485,3.3,13.83,-0.026666808324258,0.17493763307709484,0.1749099963925499,0.47525736161323956,0.17489500891711574
1992-09-01,2,High Growth / High Inflation,0.3298543432663114,0.1634988759452227,3.22,13.4,0.0066288947493802,0.17491392679330559,0.1749490128535525,0.47523917957154066,0.17489788078160132
1992-10-01,2,High Growth / High Inflation,0.675158053367686,0.3531461397203062,3.1,16.31,-0.0003406230145659,0.1750063223686095,0.17498599588393388,0.4750855395610221,0.17492214218643456
1992-11-01,2,High Growth / High Inflation,0.3792217126696195,0.1970659075979597,3.09,16.67,0.0278419423883458,0.1749786187691495,0.17507104220169897,0.47501745270826373,0.17493288632088774
1992-12-01,2,High Growth / High Inflation,0.1688920989630027,0.1748251748251883,2.92,12.8,0.0072304444227884,0.174958792445462,0.17511558805867056,0.4749881078702899,0.1749375116255777
1993-01-01,2,High Growth / High Inflation,0.3839896069506743,0.2430815258040342,3.02,13.36,0.0047279534581874,0.17494794162025007,0.17513058214699956,0.4749831919931333,0.17493828423961702
1993-02-01,2,High Growth / High Inflation,0.4815953484483826,0.1507803270534236,3.03,12.33,0.0082248512527878,0.17494509903618863,0.17513597609052986,0.4749801638923527,0.17493876098092884
1993-03-01,2,High Growth / High Inflation,-0.0873531980976505,0.2048766859644057,3.07,13.6,0.0159424665162164,0.17494632355544987,0.1751388021550461,0.47497535462917023,0.1749395196603339
1993-04-01,2,High Growth / High Inflation,0.2743160602107775,0.266414708570184,2.96,13.02,-0.0278616919898421,0.17494725158303387,0.1751405440585007,0.4749721845871584,0.17494001977130716
1993-05-01,2,High Growth / High Inflation,-0.3784401377208368,0.3089614261659434,3.0,12.9,0.0203139295816374,0.1749579222078525,0.17514284730474766,0.47495677866356906,0.1749424518238308
1993-06-01,2,High Growth / High Inflation,0.2255186465793812,0.0338810774182407,3.04,13.67,-0.0019936012770387,0.17494968384560125,0.17514094439294772,0.4749688209453127,0.17494055081613843
1993-07-01,2,High Growth / High Inflation,0.2696746193213917,0.160110845970296,3.06,11.51,-0.0079227224437727,0.17494337518946637,0.17513884083551606,0.47497880997873715,0.17493897399628044
1993-08-01,2,High Growth / High Inflation,-0.120574086248093,0.1706143654221614,3.03,11.47,0.0317304799632851,0.17494705159984866,0.17513699297260693,0.47497663792238304,0.17493931750516145
1993-09-01,2,High Growth / High Inflation,0.5305512966212289,0.1043424888752531,3.09,11.48,-0.0124980579068898,0.17494514693734656,0.17513245942142566,0.47498428202934206,0.17493811161188574
1993-10-01,2,High Growth / High Inflation,0.733038914392603,0.3142340353781581,2.99,11.83,0.0169361049823015,0.17495324985405078,0.1751234494006455,0.4749853565060085,0.17493794423929532
1993-11-01,2,High Growth / High Inflation,0.4569413629881946,0.1894778662347329,3.02,11.78,-0.015437112279053,0.17494668904944782,0.17511261136034112,0.475006014945307,0.1749346846449041
1993-12-01,2,High Growth / High Inflation,0.5922741331301662,0.0228773620876365,2.96,13.83,0.0073570499895849,0.17498988951134867,0.17506943603861236,0.47500597610801115,0.17493469834202777
1994-01-01,2,High Growth / High Inflation,0.2877812441767657,0.0335457900033642,3.05,12.57,0.0300817589187341,0.17498578465552855,0.17499896160855716,0.475094530887978,0.17492072284793633
1994-02-01,2,High Growth / High Inflation,0.0582901651454692,0.2316931894396745,3.25,10.65,-0.0325591573129598,0.17493418540746244,0.17495038258211487,0.47521349391643575,0.17490193809398705
1994-03-01,2,High Growth / High Inflation,1.0201575463503865,0.2752600523146187,3.34,15.83,-0.0490289803222462,0.1749342100398944,0.17490439110083453,0.4752680837444059,0.1748933151148652
1994-04-01,2,High Growth / High Inflation,0.5913554477638527,0.1182947358842501,3.56,23.87,0.0086763615113489,0.1748980796003369,0.17488241550725955,0.47533709235638916,0.17488241253601447
1994-05-01,2,High Growth / High Inflation,0.4601048425961096,0.1454214951147614,4.01,14.11,0.0088347741896821,0.17487779270041573,0.17487772492213113,0.4753667574730618,0.17487772490439135
1994-06-01,2,High Growth / High Inflation,0.6751136558680537,0.2435298210585301,4.25,12.72,-0.0305068982907092,0.17487772458725906,0.17487770916232873,0.47536685708820114,0.17487770916221104
1994-07-01,2,High Growth / High Inflation,0.1330389863973824,0.3153669724770491,4.26,14.36,0.0279470066956182,0.17487773260742956,0.17487771101530555,0.4753668453619594,0.17487771101530544
1994-08-01,2,High Growth / High Inflation,0.6704230927067067,0.2301409425249367,4.47,11.17,0.0333811322161841,0.17487770976304304,0.17487770573691372,0.4753668787631295,0.17487770573691372
1994-09-01,2,High Growth / High Inflation,0.3145485953005789,0.1110544166641691,4.73,11.86,-0.0308445350853255,0.17487770584471263,0.1748777048315478,0.47536688449219183,0.1748777048315478
1994-10-01,2,High Growth / High Inflation,0.8045120691220431,0.1693949751154333,4.76,15.44,0.0167767796876665,0.17487770621460277,0.17487770491701288,0.4753668839513714,0.17487770491701288
1994-11-01,2,High Growth / High Inflation,0.6835881660052667,0.1900600110743555,5.29,14.84,-0.0438381026049962,0.17487770457680774,0.17487770453859078,0.47536688634601065,0.17487770453859078
1994-12-01,2,High Growth / High Inflation,1.0218279603479097,0.0642289538149043,5.45,16.69,0.0074841734684498,0.17487770457464114,0.17487770453808782,0.4753668863491831,0.17487770453808782
1995-01-01,2,High Growth / High Inflation,0.1701982929575018,0.2030123449418441,5.53,14.25,0.0195834930595473,0.17487770453615253,0.1748777045292017,0.475366886405444,0.1748777045292017
1995-02-01,2,High Growth / High Inflation,-0.1128050577073547,0.1772759098425336,5.92,11.73,0.0315864599670581,0.17487770452772522,0.17487770452725382,0.4753668864177671,0.17487770452725382
1995-03-01,2,High Growth / High Inflation,0.1661680221370254,0.1843975849864731,5.98,11.65,0.0219208588186767,0.1748777045274063,0.17487770452718396,0.4753668864182257,0.17487770452718396
1995-04-01,2,High Growth / High Inflation,-0.1726234131196657,0.2627282173073952,6.05,13.5,0.0235495199071824,0.1748777045274232,0.17487770452718038,0.475366886418216,0.17487770452718038
1995-05-01,2,High Growth / High Inflation,0.4910926249013236,0.1539668675144767,6.01,12.14,0.0311940925532538,0.17487770452733173,0.17487770452715395,0.4753668864183604,0.17487770452715395
1995-06-01,2,High Growth / High Inflation,0.3314331723927699,0.0975595334880452,6.0,12.21,0.0163439898902195,0.17487770452741064,0.17487770452718307,0.47536688641822333,0.17487770452718307
1995-07-01,2,High Growth / High Inflation,-0.4181127385757377,0.1255223946719619,5.85,11.57,0.0273277834470575,0.17487770452908277,0.1748777045275617,0.4753668864157939,0.1748777045275617
1995-08-01,2,High Growth / High Inflation,1.3256420444688333,0.2153328810359456,5.74,13.56,-0.0054123724958117,0.17487770453269746,0.17487770452839915,0.4753668864105042,0.17487770452839915
1995-09-01,2,High Growth / High Inflation,0.4033288089442033,0.0691705421793198,5.8,11.29,0.035775985216244,0.17487770452845583,0.17487770452741966,0.47536688641670477,0.17487770452741966
1995-10-01,2,High Growth / High Inflation,-0.1757561088312487,0.2588425619530765,5.76,13.95,-0.009526100739381,0.17487770452985912,0.17487770452774076,0.4753668864146593,0.17487770452774076
1995-11-01,2,High Growth / High Inflation,0.2635472662998461,-0.0029337988294297,5.8,13.41,0.0364405152820546,0.17487770452974727,0.1748777045277187,0.47536688641481545,0.1748777045277187
1995-12-01,2,High Growth / High Inflation,0.347083386577518,0.1921694611920488,5.6,11.11,0.0132338946234429,0.17487770453104112,0.17487770452801715,0.47536688641292457,0.17487770452801715
1996-01-01,2,High Growth / High Inflation,-0.5723636015089628,0.2225475841874047,5.56,12.19,0.0283164957585351,0.1748777045484598,0.17487770453204535,0.4753668863874494,0.17487770453204535
1996-02-01,2,High Growth / High Inflation,1.4635221208469718,0.1577747910944893,5.22,12.65,0.0029862821491688,0.1748777047931976,0.17487770458859833,0.47536688602960564,0.17487770458859833
1996-03-01,2,High Growth / High Inflation,-0.1224292570634499,0.3019253208867978,5.31,16.72,0.0036599360737545,0.17487770461831134,0.1748777045481895,0.47536688628530965,0.1748777045481895
1996-04-01,2,High Growth / High Inflation,0.995039749949056,0.2995622900519246,5.22,17.9,0.0089803533930508,0.17487770473818104,0.17487770457588464,0.4753668861100497,0.17487770457588464
1996-05-01,2,High Growth / High Inflation,0.7473370902025378,0.1725312803560807,5.24,16.07,0.0183445058447471,0.1748777046138808,0.17487770454715845,0.47536688629180235,0.17487770454715845
1996-06-01,2,High Growth / High Inflation,0.7622281048073498,-0.0014473455682395,5.27,16.86,-0.0019034874734333,0.17487770470405817,0.17487770456799745,0.4753668861599469,0.17487770456799745
1996-07-01,2,High Growth / High Inflation,0.0153757855237079,0.2113155114269682,5.4,13.78,-0.0503836500201996,0.17487770455095417,0.17487770453261628,0.47536688638381325,0.17487770453261628
1996-08-01,2,High Growth / High Inflation,0.5118289203219328,0.0953247541054747,5.22,18.76,0.0142740029225494,0.17487770469062064,0.17487770456488938,0.4753668861796006,0.17487770456488938
1996-09-01,2,High Growth / High Inflation,0.6259139173877992,0.2828160397096768,5.3,18.47,0.0500383219038171,0.17487770461449528,0.1748777045473031,0.4753668862908985,0.1748777045473031
1996-10-01,2,High Growth / High Inflation,0.0296137890187786,0.3021626210449213,5.24,17.05,0.0216188200358298,0.17487770465256258,0.17487770455609528,0.4753668862352469,0.17487770455609528
1996-11-01,2,High Growth / High Inflation,0.9186726470557404,0.1778823394396722,5.31,17.89,0.0694713304541065,0.17487770461537064,0.174877704547507,0.4753668862896154,0.174877704547507
1996-12-01,2,High Growth / High Inflation,0.6407086216587032,0.1159910071169889,5.29,17.93,-0.0257141853140703,0.1748777046146092,0.1748777045473248,0.47536688629074136,0.1748777045473248
1997-01-01,2,High Growth / High Inflation,0.1585125359039318,0.1301599107474738,5.25,21.14,0.0570034636828287,0.17487770473664702,0.1748777045755225,0.47536688611230793,0.1748777045755225
1997-02-01,2,High Growth / High Inflation,1.1938518753170868,0.2085565316763071,5.19,19.58,0.0020434342625694,0.1748777049516972,0.17487770462521837,0.475366885797866,0.17487770462521837
1997-03-01,2,High Growth / High Inflation,0.6346132066227916,0.1054867357557221,5.39,20.89,-0.046816408915246,0.1748777046101596,0.17487770454629775,0.475366886297245,0.17487770454629775
1997-04-01,2,High Growth / High Inflation,0.1172201006550244,0.0982556069775819,5.51,20.84,0.0537643345755658,0.17487770456667803,0.17487770453624774,0.4753668863608264,0.17487770453624774
1997-05-01,2,High Growth / High Inflation,0.5539648397783647,-0.0455230887415614,5.5,19.87,0.0542373862897647,0.17487770460974628,0.1748777045462021,0.4753668862978496,0.1748777045462021
1997-06-01,2,High Growth / High Inflation,0.4595965749441433,0.1280919985198414,5.56,20.85,0.0392183256372267,0.17487770454966137,0.17487770453231757,0.4753668863857035,0.17487770453231757
1997-07-01,2,High Growth / High Inflation,0.8542220977454162,0.0596997953149935,5.52,21.0,0.0736010805857247,0.17487770458016338,0.17487770453936863,0.4753668863410994,0.17487770453936863
1997-08-01,2,High Growth / High Inflation,1.0004661403578252,0.0795522345654387,5.54,22.29,-0.0618744362079278,0.17487770459636653,0.17487770454310467,0.4753668863174242,0.17487770454310467
1997-09-01,2,High Growth / High Inflation,0.9159267160430806,0.2413058907026366,5.54,24.53,0.0489076614345715,0.17487770461123373,0.17487770454655113,0.4753668862956639,0.17487770454655113
1997-10-01,2,High Growth / High Inflation,0.8866930363580661,0.1302747097139622,5.5,22.32,-0.0389506758334419,0.1748777045914874,0.1748777045419854,0.47536688632454177,0.1748777045419854
1997-11-01,2,High Growth / High Inflation,0.7875135934105604,0.0056567485009484,5.52,32.09,0.0408078736523467,0.17487770670686587,0.17487770503076505,0.475366883231604,0.17487770503076505
1997-12-01,2,High Growth / High Inflation,0.4258485271143364,-0.0212116069913448,5.5,26.01,0.0110904286437081,0.17487770483141796,0.1748777045974268,0.4753668859737285,0.1748777045974268
1998-01-01,2,High Growth / High Inflation,0.4383363230729298,0.0495042502935083,5.56,23.42,0.006031787330619,0.17487770458570134,0.17487770454064602,0.4753668863330066,0.17487770454064602
1998-02-01,2,High Growth / High Inflation,0.1618798460184756,-0.0523071703234623,5.51,21.36,0.0664986313715432,0.17487770464769578,0.1748777045549734,0.4753668862423574,0.1748777045549734
1998-03-01,2,High Growth / High Inflation,0.0351652827490056,0.0155589187965876,5.49,19.19,0.0454296256625617,0.17487770458238652,0.17487770453988247,0.4753668863378485,0.17487770453988247
1998-04-01,2,High Growth / High Inflation,0.3431256509800251,0.1244519869891158,5.45,23.37,0.0048322006040866,0.17487770461580981,0.17487770454759718,0.4753668862889958,0.17487770454759718
1998-05-01,2,High Growth / High Inflation,0.6591340431881365,0.1370095200429411,5.49,19.34,-0.0229134542303565,0.17487770455533677,0.17487770453363458,0.475366886377394,0.17487770453363458
1998-06-01,2,High Growth / High Inflation,-0.5998591461821245,-0.0846322025530699,5.56,22.83,0.0349552442768146,0.17487770516639936,0.1748777046748277,0.4753668854839453,0.1748777046748277
1998-07-01,2,High Growth / High Inflation,-0.3845573464364205,0.2470530105174173,5.54,18.0,-0.0160724683193538,0.17487770456026672,0.174877704534766,0.47536688637020136,0.174877704534766
1998-08-01,2,High Growth / High Inflation,2.070330159316258,0.1380087311646294,5.55,25.98,-0.1500059183373461,0.1748777083890443,0.17487770541943543,0.47536688077208483,0.17487770541943543
1998-09-01,2,High Growth / High Inflation,-0.0532186253594302,-0.0576587725713118,5.51,36.48,0.0584388957691295,0.1748777358678886,0.17487771176866718,0.475366840594777,0.17487771176866718
1998-10-01,2,High Growth / High Inflation,0.6836260369526892,0.2195111655198589,5.07,43.48,0.0768966479955555,0.17488264881738347,0.17487884691758185,0.4753596573474529,0.17487884691758185
1998-11-01,2,High Growth / High Inflation,-0.0758139631345966,0.0042121224885116,4.83,27.26,0.0557042304617971,0.17487774355172264,0.174877713544073,0.47536682936013136,0.174877713544073
1998-12-01,2,High Growth / High Inflation,0.4530380879463447,0.1010866818296651,4.68,24.97,0.0524421502704071,0.1748777236372444,0.17487770894267393,0.4753668584774077,0.17487770894267393
1999-01-01,2,High Growth / High Inflation,0.4320551891963342,0.1402563886784946,4.63,26.17,0.0376517026726157,0.17487773668692924,0.17487771195791657,0.4753668393972377,0.17487771195791657
1999-02-01,2,High Growth / High Inflation,0.608149732155816,-0.056023978262687,4.76,27.67,-0.0357226339934734,0.17487778887561184,0.17487772401654694,0.47536676309129433,0.17487772401654694
1999-03-01,2,High Growth / High Inflation,0.2268622127301833,0.0756747666694757,4.81,28.37,0.0346180069861994,0.17487773443006172,0.17487771143644854,0.4753668426970414,0.17487771143644854
1999-04-01,2,High Growth / High Inflation,0.2298623885966577,0.4831120820030232,4.74,22.06,0.0340876959191578,0.1748777285877372,0.1748777100865231,0.4753668512392165,0.1748777100865231
1999-05-01,2,High Growth / High Inflation,0.6322550732504428,0.0654988363504527,4.74,24.15,-0.0286522364255111,0.17487771790950551,0.1748777076192268,0.4753668668520408,0.1748777076192268
1999-06-01,2,High Growth / High Inflation,-0.0784370132803524,0.0306389616177238,4.76,26.62,0.0503135684556006,0.17487774375388423,0.17487771359079643,0.475366829064523,0.17487771359079643
1999-07-01,2,High Growth / High Inflation,0.5786177951119464,0.2659204187898556,4.99,19.69,-0.0359581295858681,0.17487770527643676,0.17487770470025418,0.47536688532305493,0.17487770470025418
1999-08-01,2,High Growth / High Inflation,0.4015282897980921,0.18190149548023,5.07,25.59,-0.0105175522999536,0.17487770628666147,0.17487770493367424,0.47536688384598996,0.17487770493367424
1999-09-01,2,High Growth / High Inflation,-0.403708999870811,0.3589843100293866,5.22,22.93,-0.0325780880254431,0.17487770581449755,0.17487770482457343,0.47536688453635567,0.17487770482457343
1999-10-01,2,High Growth / High Inflation,1.2222981351874385,0.1684919966301601,5.2,24.93,0.05854898666269,0.17487770610077003,0.17487770489071847,0.47536688411779293,0.17487770489071847
1999-11-01,2,High Growth / High Inflation,0.4847386851960289,0.0896193246839205,5.42,22.09,0.0149048784214838,0.1748777046168151,0.17487770454784224,0.4753668862875003,0.17487770454784224
1999-12-01,2,High Growth / High Inflation,0.7713127928427044,0.2328016089484075,5.3,22.23,0.0531568807584721,0.17487770472176298,0.17487770457207957,0.4753668861340778,0.17487770457207957
2000-01-01,2,High Growth / High Inflation,-0.1368048752282802,0.2721163228563972,5.45,24.21,-0.0552768669551649,0.17487770469014968,0.17487770456478305,0.4753668861802843,0.17487770456478305
2000-02-01,2,High Growth / High Inflation,0.3123293058620469,0.3152369073888827,5.73,23.45,-0.0246632067679308,0.17487770454189544,0.17487770453052734,0.47536688639704994,0.17487770453052734
2000-03-01,2,High Growth / High Inflation,0.3555719153728098,0.4290144963178477,5.85,21.64,0.0913541901813361,0.174877704535374,0.1748777045290231,0.4753668864065798,0.1748777045290231
2000-04-01,2,High Growth / High Inflation,0.5952225926311616,-0.0829875518672085,6.02,24.03,-0.0351942436120933,0.17487770453512666,0.17487770452896098,0.4753668864069514,0.17487770452896098
2000-05-01,2,High Growth / High Inflation,0.2707691245527277,0.0830564784052967,6.27,25.88,-0.0271614227748792,0.17487770452766793,0.17487770452724308,0.47536688641784597,0.17487770452724308
2000-06-01,2,High Growth / High Inflation,0.0390532964532397,0.3387524658186702,6.53,22.36,0.0188035705349129,0.17487770452715037,0.1748777045271237,0.47536688641860236,0.1748777045271237
2000-07-01,2,High Growth / High Inflation,-0.1950827111980024,0.2508338530791354,6.54,19.83,-0.0212275673113654,0.1748777045271211,0.17487770452710696,0.475366886418665,0.17487770452710696
2000-08-01,2,High Growth / High Inflation,-0.272291950416359,-0.0067623311107767,6.5,20.55,0.0549539431383805,0.1748777045271758,0.17487770452711832,0.4753668864185877,0.17487770452711832
2000-09-01,2,High Growth / High Inflation,0.4614698099772996,0.4301133443341376,6.52,17.53,-0.0583951665012637,0.1748777045271233,0.17487770452710652,0.47536688641866376,0.17487770452710652
2000-10-01,2,High Growth / High Inflation,-0.388581532213661,0.1360232721004051,6.51,21.23,-0.0102082544485779,0.17487770452715876,0.17487770452712192,0.47536688641859753,0.17487770452712192
2000-11-01,2,High Growth / High Inflation,0.0279643567820064,0.1398733070622659,6.51,24.28,-0.0853787671240111,0.17487770452716095,0.17487770452712145,0.4753668864185962,0.17487770452712145
2000-12-01,2,High Growth / High Inflation,-0.3263035410896342,0.1531085055804126,6.4,27.48,-0.0006690787109699,0.17487770452764248,0.17487770452722556,0.4753668864179065,0.17487770452722556
2001-01-01,2,High Growth / High Inflation,-0.4759506830623206,0.4841023990559412,5.98,29.99,0.0302229781430936,0.17487770472118272,0.17487770457195057,0.4753668861349161,0.17487770457195057
2001-02-01,2,High Growth / High Inflation,-0.6513459989989423,0.15480702503603,5.49,21.66,-0.0960712490579076,0.17487770472253256,0.1748777045722601,0.4753668861329472,0.1748777045722601
2001-03-01,2,High Growth / High Inflation,-0.20503069984249,0.0093273638204882,5.31,28.08,-0.0681717342949287,0.1748777073311169,0.17487770517500445,0.47536688231887414,0.17487770517500445
2001-04-01,2,High Growth / High Inflation,-0.3589921440973143,0.175871027912855,4.8,31.21,0.0736620252816266,0.17487784844583276,0.1748777377807459,0.47536667599267535,0.1748777377807459
2001-05-01,2,High Growth / High Inflation,-0.4775903715313778,0.2633433971298338,4.21,24.2,0.0018522693124554,0.17487826712213503,0.17487783451914218,0.47536606383958957,0.1748778345191332
2001-06-01,2,High Growth / High Inflation,-0.5280254107386972,0.1764276712873824,3.97,21.59,-0.02801067379092,0.17487997827822951,0.17487822994351623,0.4753635618778675,0.17487822990038665
2001-07-01,2,High Growth / High Inflation,-0.6404208352618568,-0.0331046902725229,3.77,18.76,-0.0137388478246532,0.17507172940076682,0.17492250011834848,0.47508327928486294,0.17492249119602188
2001-08-01,2,High Growth / High Inflation,-0.114778036075025,-0.0119216351184836,3.65,20.56,-0.0672507970994178,0.18035433910152354,0.17610780765227216,0.4674310643019974,0.17610678894420703
2001-09-01,0,Low Growth / Low Inflation,-0.5065005386753141,-0.3404695034709193,3.07,25.85,-0.0835412100418772,0.4741769294620379,0.17506519373059728,0.17569268349016187,0.175065193317203
2001-10-01,0,Low Growth / Low Inflation,-0.2741454785151309,0.3522671381285924,2.49,32.32,0.0161786172059321,0.475346550613086,0.17488095873523468,0.1748915726172623,0.17488091803441713
2001-11-01,0,Low Growth / Low Inflation,-0.6047102317151998,-0.0675568272134774,2.09,32.31,0.0736617967906332,0.47536658327200093,0.17487780601170255,0.17487785828290447,0.1748777524333919
2001-12-01,0,Low Growth / Low Inflation,-0.0427418438103899,-0.1033920547182654,1.82,25.77,0.0062078646321226,0.4693483698434288,0.17902239124294883,0.17581480003866204,0.17581443887496037
2002-01-01,1,Low Growth / Low Inflation,0.6655112336294788,0.0902299536907902,1.73,22.71,-0.0169787348379588,0.26435503261825644,0.3609365812476786,0.18735449863885462,0.18735388749521026
2002-02-01,1,Low Growth / Low Inflation,0.0115231321228703,0.1683657912529446,1.74,21.12,-0.0220916706780791,0.18647346465454004,0.45873518653199336,0.17739582148571975,0.17739552732774694
2002-03-01,1,Low Growth / Low Inflation,0.7238404207491778,0.271314751581575,1.73,19.96,0.0352894517112285,0.17825812289977255,0.47045192794719326,0.17564511182859935,0.17564483732443478
2002-04-01,1,Low Growth / Low Inflation,0.4882884782311247,0.4184100418409997,1.75,18.73,-0.0629421730813497,0.17929754633351416,0.46895202863958735,0.17587531244689558,0.1758751125800029
2002-05-01,1,Low Growth / Low Inflation,0.4017677782241824,0.0657202944269075,1.75,20.06,-0.0106194871567475,0.18759881903810036,0.45715432761118313,0.17762363472190726,0.17762321862880917
2002-06-01,1,Low Growth / Low Inflation,0.8248855097594765,0.12478654932353,1.75,23.37,-0.0738308490062249,0.30133624718362895,0.32124251034949536,0.1887109236839502,0.18871031878292552
2002-07-01,0,Low Growth / Low Inflation,-0.032191881251653,0.2204001311905568,1.73,27.11,-0.0805013638192262,0.4616051849852916,0.18443929082275334,0.17697855245744207,0.17697697173451293
2002-08-01,0,Low Growth / Low Inflation,-0.111053642107306,0.1963530689984782,1.74,36.95,0.0034423371780152,0.47536676675885287,0.17487772730849738,0.174877782495686,0.17487772343696373
2002-09-01,0,Low Growth / Low Inflation,0.0849008900792869,0.1802908169264316,1.75,39.97,-0.1113418335580195,0.4753668538481277,0.1748777096776131,0.17487772680001884,0.17487770967424032
2002-10-01,0,Low Growth / Low Inflation,-0.2082664575177251,0.1825745621470753,1.75,34.12,0.0850423286203452,0.4753664865697149,0.17487778490020287,0.17487796081484241,0.17487776771523966
2002-11-01,0,Low Growth / Low Inflation,0.5602209932537017,0.0989312818109766,1.34,29.3,0.0561231793976533,0.4753498366007538,0.17488863057035753,0.1748811340229585,0.17488039880593023
2002-12-01,0,Low Growth / Low Inflation,-0.5561106769072954,0.0962326228591381,1.24,27.46,-0.0613421942065239,0.4753251704588417,0.17490591238584244,0.17488462092729629,0.1748842962280195
2003-01-01,0,Low Growth / Low Inflation,0.8521508823282398,0.2988138389782957,1.24,25.39,-0.0284060391500473,0.4750614869281056,0.1750848829186175,0.17492769978473516,0.17492593036854168
2003-02-01,0,Low Growth / Low Inflation,0.1188126191277394,0.4209790028626647,1.26,31.02,-0.0178976519460439,0.47536598775464006,0.17487816462053019,0.17487800108196466,0.1748778465428651
2003-03-01,0,Low Growth / Low Inflation,-0.2628510747773482,0.2566880788380743,1.25,30.43,0.0073980405060551,0.4753632179581569,0.17487995018313426,0.1748785476089664,0.17487828424974242
2003-04-01,0,Low Growth / Low Inflation,-0.5956902191332047,-0.1698295271791439,1.26,28.36,0.0800833612692397,0.4753249468535705,0.17490637813109353,0.17488434346799747,0.1748843315473385
2003-05-01,0,Low Growth / Low Inflation,-0.0272742229883049,-0.1147010683953397,1.26,21.59,0.0499915230873155,0.3474289850969392,0.27655484812100284,0.18800810527690917,0.18800806150514882
2003-06-01,1,Low Growth / Low Inflation,0.1277930569822061,0.1083815028901646,1.22,20.85,0.0105417943701691,0.18591779850556514,0.459518200152984,0.17728200934031021,0.17728199200114075
2003-07-01,1,Low Growth / Low Inflation,0.5138291523584027,0.2938598752384447,1.01,19.46,0.0154198247895442,0.17553545928410408,0.47440623475387544,0.1750291546144019,0.17502915134761862
2003-08-01,1,Low Growth / Low Inflation,-0.2181774282939197,0.3379767657037069,1.03,20.75,0.0170653409378782,0.17518076418659279,0.47492400442133287,0.1749476157355732,0.17494761565650127
2003-09-01,1,Low Growth / Low Inflation,0.6447447582867083,0.3125040023565839,1.01,19.02,-0.0127406595109852,0.17495168706009281,0.47525872871875796,0.1748947921432317,0.1748947920779176
2003-10-01,1,Low Growth / Low Inflation,0.1231614573486528,0.0127676416889155,1.01,21.07,0.054138949867353,0.17502287884911294,0.47515467662418026,0.17491122226407824,0.17491122226262862
2003-11-01,1,Low Growth / Low Inflation,0.6704970388109022,0.1263835165256077,1.0,16.55,0.0064481358703158,0.17489190482177625,0.475346124420937,0.17488098537921026,0.17488098537807642
2003-12-01,1,Low Growth / Low Inflation,0.0295989825756182,0.2205732354141121,0.98,16.77,0.049966733758255,0.17488937920014028,0.47534981701508794,0.1748804018926362,0.17488040189213552
2004-01-01,1,Low Growth / Low Inflation,0.1521782957331519,0.3867438458113437,1.0,18.22,0.0165614975624515,0.17494079343718463,0.47527465287700704,0.17489227684301628,0.17489227684279196
2004-02-01,1,Low Growth / Low Inflation,0.6032428360854825,0.2129034710869337,1.01,17.11,0.0114964879376753,0.17489188291149052,0.4753461564555882,0.17488098031676727,0.17488098031615393
2004-03-01,1,Low Growth / Low Inflation,-0.4000731513156497,0.154280005564189,1.0,14.44,-0.0172295362215008,0.17489021694937584,0.47534859217829434,0.17488059543619297,0.1748805954361369
2004-04-01,1,Low Growth / Low Inflation,0.3714380452357391,0.18560840414652,1.0,16.65,-0.0175895457383469,0.17488711357438771,0.4753531295077166,0.174879878459053,0.1748798784588428
2004-05-01,1,Low Growth / Low Inflation,0.7223716776067812,0.3251581680235871,1.0,16.62,0.0112581228594659,0.17490573381266475,0.4753259062597305,0.17488417996427982,0.17488417996332498
2004-06-01,1,Low Growth / Low Inflation,-0.7802242062877385,0.2851615496708648,1.03,16.3,0.0169151165814511,0.1749721094918864,0.47522887732326935,0.17489950659256626,0.17489950659227796
2004-07-01,1,Low Growth / Low Inflation,0.747165423006102,0.0926958199195748,1.26,15.2,-0.0354224816182016,0.1748925626495524,0.47534516264633037,0.17488113735282648,0.17488113735129077
2004-08-01,1,Low Growth / Low Inflation,0.0671191867890774,0.0513109317314297,1.43,15.37,0.0009742087304207,0.17489234215360663,0.47534548502311735,0.17488108641174036,0.17488108641153566
2004-09-01,1,Low Growth / Low Inflation,0.127099138396014,0.1976334025467263,1.61,14.91,0.0079617806354095,0.1748879886204682,0.475351850126192,0.17488008062822183,0.17488008062511795
2004-10-01,1,Low Growth / Low Inflation,0.8531500308810669,0.4294417257565186,1.76,12.75,0.0125890773915198,0.17497811720057388,0.4752200962319504,0.1749008932870486,0.1749008932804271
2004-11-01,1,Low Growth / Low Inflation,0.2483434077411805,0.3853420843277666,1.93,16.27,0.0369209904631002,0.17493997050712196,0.47527585579793225,0.17489208686274005,0.1748920868322058
2004-12-01,1,Low Growth / Low Inflation,0.7967816436364572,0.053245498897958,2.16,12.97,0.0305158537775789,0.17490179992828414,0.47533165743393985,0.17488327136000553,0.17488327127777054
2005-01-01,1,Low Growth / Low Inflation,0.3596531168715611,0.1311864952166397,2.28,14.08,-0.0271738771167935,0.17488962565379199,0.4753494549417674,0.17488046029873233,0.17488045910570824
2005-02-01,1,Low Growth / Low Inflation,0.7259066271311676,0.2780970744187927,2.5,12.03,0.0169567497830287,0.17489889666513775,0.4753358700147687,0.17488262764621346,0.17488260567388014
2005-03-01,1,Low Growth / Low Inflation,-0.1351265996452522,0.299511906522687,2.63,12.04,-0.0215613656749799,0.17490672075320118,0.47532388360424976,0.17488489609326258,0.1748844995492866
2005-04-01,1,Low Growth / Low Inflation,0.2152508771784189,0.2801843317972174,2.79,14.09,-0.0224751414328266,0.17491799984465928,0.4753020616008767,0.1748919912402343,0.17488794731422974
2005-05-01,1,Low Growth / Low Inflation,0.0900125396779527,0.0563704765756289,3.0,15.12,0.0275309841902635,0.17497938408409364,0.47519190092204594,0.1749233676859201,0.17490534730794033
2005-06-01,1,Low Growth / Low Inflation,0.449761319492814,0.062462491885995,3.04,12.36,-0.0027968272470229,0.1750618471811532,0.4749988994849211,0.17500343716133512,0.17493581617259046
2005-07-01,1,Low Growth / Low Inflation,-0.3166442501335131,0.4235006119950979,3.26,11.4,0.0333558406519804,0.17786699205525303,0.4708216237290695,0.1757231474656718,0.17558823675000568
2005-08-01,1,Low Growth / Low Inflation,0.3259087661922066,0.4034322209492069,3.5,12.08,-0.0144380733444804,0.19292868553005138,0.4492891261557023,0.17905059304435783,0.17873159526988838
2005-09-01,0,Low Growth / Low Inflation,-1.9373698979145648,0.9650752030299748,3.62,13.15,0.004032994058152,0.47536433192224087,0.17487810821199132,0.1748794516538116,0.1748781082119562
2005-10-01,2,High Growth / High Inflation,1.2137396970635097,0.1599095849564857,3.78,12.46,-0.0207549686418178,0.1755069819712337,0.17502335122930057,0.4744469131863201,0.17502275361314557
2005-11-01,2,High Growth / High Inflation,1.1240218459586115,-0.2088710161454954,4.0,14.85,0.0320270252734149,0.17489719372689796,0.17488220724875603,0.47533839181152915,0.17488220721281672
2005-12-01,2,High Growth / High Inflation,0.5164986354512013,0.0,4.16,11.24,-0.0042667427886781,0.17487776742724156,0.1748777190613225,0.4753667944506049,0.1748777190608311
2006-01-01,2,High Growth / High Inflation,0.1577843688421287,0.4847770386498418,4.29,11.14,0.0220199380136218,0.17487776759836973,0.17487771910026217,0.475366794201106,0.17487771910026206
2006-02-01,2,High Growth / High Inflation,0.042158902402134,0.0598558670720894,4.49,12.36,-0.0029750768911127,0.1748777127412714,0.17487770642506076,0.4753668744086071,0.17487770642506076
2006-03-01,2,High Growth / High Inflation,0.2254652574833704,0.1938169984685878,4.59,11.54,0.00686348827476,0.17487770710097703,0.1748777051218176,0.4753668826553878,0.1748777051218176
2006-04-01,2,High Growth / High Inflation,0.3036679842539413,0.4644997970052467,4.79,11.57,0.0085897304069024,0.17487770737254318,0.1748777051845737,0.4753668822583093,0.1748777051845737
2006-05-01,2,High Growth / High Inflation,0.0254146846250469,0.2686159148986844,4.94,12.54,-0.035147642818101,0.17487770496680285,0.174877704628706,0.47536688577578523,0.174877704628706
2006-06-01,2,High Growth / High Inflation,0.3166411740827879,0.2465594291200856,4.99,14.52,-0.0042154544132027,0.17487770483685072,0.1748777045986807,0.4753668859657879,0.1748777045986807
2006-07-01,2,High Growth / High Inflation,-0.051261507350675,0.3417327862455632,5.24,13.05,0.0010491252196336,0.17487770462697294,0.17487770455017937,0.4753668862726684,0.17487770455017937
2006-08-01,2,High Growth / High Inflation,0.4388741318681832,0.3146432864314485,5.25,15.05,0.016617892625931,0.17487770460312135,0.17487770454467397,0.4753668863075307,0.17487770454467397
2006-09-01,2,High Growth / High Inflation,-0.1661580401191797,-0.2619676945668114,5.25,11.96,0.02064629568106,0.17487770880316442,0.17487770551513548,0.4753668801665646,0.17487770551513548
2006-10-01,2,High Growth / High Inflation,-0.1146817857333282,-0.2355657110550968,5.25,12.57,0.0272944386306299,0.17487770716342504,0.174877705136255,0.47536688256406495,0.174877705136255
2006-11-01,2,High Growth / High Inflation,-0.042034425892401,0.0342376803381228,5.25,11.51,0.0122303094659028,0.17487770462421928,0.17487770454954887,0.47536688627668305,0.17487770454954887
2006-12-01,2,High Growth / High Inflation,1.0193348910427114,0.3552418831360482,5.24,11.66,0.0086615180527918,0.17487770464495542,0.1748777045543401,0.4753668862463645,0.1748777045543401
2007-01-01,2,High Growth / High Inflation,-0.3383130268983403,0.3339919089284215,5.25,12.04,0.0097960898209821,0.17487770466051347,0.17487770455793797,0.4753668862236107,0.17487770455793797
2007-02-01,2,High Growth / High Inflation,0.9422584955516512,0.3106099676496887,5.26,10.31,-0.0257461891376309,0.1748777045948583,0.17487770454275997,0.4753668863196217,0.17487770454275997
2007-03-01,2,High Growth / High Inflation,0.1780198123945142,0.3657353851906464,5.26,15.82,0.0055356342972203,0.17487770463820013,0.17487770455277088,0.4753668862562581,0.17487770455277088
2007-04-01,2,High Growth / High Inflation,0.672281726358448,0.2351735860479209,5.25,14.53,0.0391101612134952,0.17487770458989974,0.17487770454161175,0.4753668863268768,0.17487770454161175
2007-05-01,2,High Growth / High Inflation,0.0956378513362832,0.2903735365173743,5.25,13.51,0.0282909952301202,0.17487770459401275,0.17487770454257268,0.47536688632084195,0.17487770454257268
2007-06-01,2,High Growth / High Inflation,0.0577014192386649,0.2119380168160489,5.25,12.78,-0.0217753415452075,0.17487770458306226,0.17487770454003704,0.47536688633686364,0.17487770454003704
2007-07-01,2,High Growth / High Inflation,-0.119953669000572,0.1525500121346557,5.26,15.4,-0.036124182770111,0.17487770461821564,0.17487770454816398,0.4753668862854565,0.17487770454816398
2007-08-01,2,High Growth / High Inflation,0.1925891536306734,0.0680813745514097,5.02,23.67,0.0089160844310787,0.1748777066402078,0.1748777050153644,0.47536688332906346,0.1748777050153644
2007-09-01,2,High Growth / High Inflation,0.2222593090719815,0.3851476014760102,4.94,22.78,0.0327781942689142,0.17487770814995982,0.17487770536420416,0.47536688112163183,0.17487770536420416
2007-10-01,2,High Growth / High Inflation,-0.2820077304793611,0.3032600454889955,4.76,17.84,0.0113220566250573,0.1748777090804168,0.17487770557918347,0.47536687976121633,0.17487770557918347
2007-11-01,2,High Growth / High Inflation,0.5334891922024632,0.53024576834102,4.49,23.21,-0.0467090939806384,0.17487793271658184,0.17487775725217602,0.47536655277906603,0.17487775725217602
2007-12-01,2,High Growth / High Inflation,0.0348821530398391,0.231257333591528,4.24,23.61,-0.0110650341924578,0.17487820310217442,0.1748778197294559,0.4753661574410319,0.17487781972733768
2008-01-01,2,High Growth / High Inflation,-0.1323496805537893,0.2523186033824398,3.94,23.17,-0.0635161030231783,0.1752522328176105,0.17496407068451417,0.47481962693338003,0.17496406956449542
2008-02-01,2,High Growth / High Inflation,-0.3921959845390677,0.1995329115933142,2.98,24.02,-0.036487973460644,0.2628242656899157,0.1872570778667906,0.36266206397397277,0.1872565924693209
2008-03-01,0,Low Growth / Low Inflation,-0.3045840787558984,0.2862573827249859,2.61,26.28,-0.0069787256463645,0.43095131977395174,0.1811229138301319,0.20683045527697863,0.1810953111189378
2008-04-01,0,Low Growth / Low Inflation,-0.6452051340639975,0.1850284876177665,2.28,22.68,0.0464008207381663,0.4696898050644542,0.17642193034349646,0.1781240084838151,0.17576425610823407
2008-05-01,0,Low Growth / Low Inflation,-0.6057782381776122,0.4290588857982724,1.98,18.88,0.0092028856710519,0.4734887810947294,0.17605905200634345,0.17527892812406443,0.17517323877486266
2008-06-01,0,Low Growth / Low Inflation,-0.2332762193893445,0.7254989908050957,2.0,19.83,-0.0875389607339445,0.47536289007793286,0.1748801155071038,0.17487865835105995,0.1748783360639034
2008-07-01,0,Low Growth / Low Inflation,-0.3573802776070001,0.4653389292751608,2.01,23.65,-0.0113052126166085,0.47528296535355935,0.17493224227197798,0.17489382840549295,0.17489096396896966
2008-08-01,0,Low Growth / Low Inflation,-1.5699867570929893,-0.080890908083564,2.0,22.57,0.0107287725616074,0.47536544299126027,0.1748786614053311,0.17487796297205374,0.174877932631355
2008-09-01,0,Low Growth / Low Inflation,-4.4048023108496315,0.0831743778556548,1.81,21.99,-0.0917474394269504,0.4753668864186717,0.17487770452710943,0.17487770452710943,0.17487770452710943
2008-10-01,0,Low Growth / Low Inflation,0.9941411352017092,-0.6604097643134965,0.97,39.81,-0.1700235138744236,0.4753668864186707,0.17487770452710907,0.1748777045271112,0.17487770452710907
2008-11-01,0,Low Growth / Low Inflation,-1.3200748718089517,-1.1801318445973763,0.39,53.68,-0.0749875330608668,0.4753668863969768,0.1748777045305402,0.1748777045305402,0.174877704541943
2008-12-01,3,Low Growth / Low Inflation,-2.819896973943936,-0.55873488876097,0.16,68.51,0.0077918033394426,0.1754862561619655,0.1750178586111857,0.1750178586111857,0.47447802661566313
2009-01-01,3,Low Growth / Low Inflation,-2.4942836351786957,0.0113509954823065,0.15,39.19,-0.0857601312303145,0.17488148416747465,0.17487857782778576,0.17487857782778576,0.47536136017695363
2009-02-01,3,Low Growth / Low Inflation,-0.6085582025516345,0.1793253734053701,0.22,45.52,-0.1101538673947929,0.17487790453475308,0.17487775074054104,0.17487775074054104,0.4753665939841648
2009-03-01,3,Low Growth / Low Inflation,-1.5655848507912018,-0.1098950898420825,0.18,52.65,0.0852159992888985,0.17487770633966282,0.17487770494592167,0.17487770494592167,0.4753668837684939
2009-04-01,3,Low Growth / Low Inflation,-0.8290557258392117,0.1429073710714767,0.15,42.28,0.0937933212385371,0.1748777045547286,0.17487770453348858,0.17487770453348858,0.47536688637829416
2009-05-01,3,Low Growth / Low Inflation,-1.009956431882919,0.1041961605980024,0.18,35.3,0.0529409410954424,0.1748777045674737,0.17487770453647172,0.1748777045364386,0.47536688635961594
2009-06-01,3,Low Growth / Low Inflation,-0.376881616147362,0.5939787525314877,0.21,30.04,3.987125604543133e-05,0.17487770480124676,0.17487770459074978,0.174877704590506,0.47536688601749755
2009-07-01,3,Low Growth / Low Inflation,1.129022170984073,0.0112470757603011,0.16,26.22,0.0739814272240353,0.1748777045388692,0.17487770454545437,0.17487770453276252,0.4753668863829138
2009-08-01,3,Low Growth / Low Inflation,1.096698237045057,0.2901419221340129,0.16,25.56,0.0334169096323024,0.1748777045602146,0.17487770457893226,0.17487770454304652,0.4753668863178065
2009-09-01,3,Low Growth / Low Inflation,0.881437075988023,0.1614711818793246,0.15,29.15,0.0356206010238064,0.17487770458219248,0.17487770454631563,0.17487770454105325,0.47536688633043866
2009-10-01,3,Low Growth / Low Inflation,0.2695457878894469,0.3795172629976306,0.12,28.27,-0.0198238924321509,0.17487770454590276,0.1748777045410305,0.17487770453325258,0.4753668863798143
2009-11-01,3,Low Growth / Low Inflation,0.4338107685935455,0.2498243422593526,0.12,29.78,0.0573247105085581,0.1748777045451946,0.17487770453397097,0.1748777045317952,0.4753668863890392
2009-12-01,3,Low Growth / Low Inflation,0.4058071779700745,0.0578504121841794,0.12,21.92,0.0177229776168619,0.1748777046474683,0.17487770501877387,0.17487770464197824,0.4753668856917795
2010-01-01,3,Low Growth / Low Inflation,1.089961110803106,0.2190373475355445,0.11,20.04,-0.0370206919884243,0.17487770517950846,0.17487770542640177,0.17487770481834683,0.47536688457574283
2010-02-01,3,Low Growth / Low Inflation,0.3752968908449006,-0.0022188692642144,0.13,22.59,0.0284315474123186,0.17487770550527137,0.17487770554534607,0.1748777049018212,0.47536688404756144
2010-03-01,3,Low Growth / Low Inflation,0.6856761810881018,0.1409013246943313,0.16,19.26,0.0586590569523428,0.1748777101179118,0.17487772660379522,0.17487770972004807,0.4753668535582448
2010-04-01,3,Low Growth / Low Inflation,0.3392297060230698,0.0542870121093441,0.2,17.47,0.0146176509485338,0.1748777359348611,0.17487778198507975,0.17487772496021906,0.47536675711984006
2010-05-01,3,Low Growth / Low Inflation,1.3508964217083586,0.0321116155464373,0.2,20.19,-0.0821029079870661,0.17487777670984622,0.17487772990564843,0.17487772283847974,0.47536677054602566
2010-06-01,3,Low Growth / Low Inflation,0.1849209892946346,-0.0420637819767755,0.18,35.54,-0.0539903187533812,0.17487771505589572,0.17487770695988594,0.17487770695987334,0.47536687102434505
2010-07-01,3,Low Growth / Low Inflation,0.3797036289796551,0.0852703735285231,0.18,32.86,0.0686464753347868,0.17487770468089497,0.17487770456354562,0.1748777045628084,0.47536688619275086
2010-08-01,3,Low Growth / Low Inflation,0.3664634007673584,0.1372015313461094,0.19,22.01,-0.0475844910501471,0.17487771027956625,0.17487772935079615,0.17487771026597163,0.47536685010366597
2010-09-01,3,Low Growth / Low Inflation,0.2947761395331261,0.0994453161256236,0.19,23.89,0.0874245091072836,0.17487773060384498,0.1748777208803967,0.17487771249083991,0.47536683602491836
2010-10-01,3,Low Growth / Low Inflation,-0.2833668805007239,0.3190127163546385,0.19,22.5,0.0367491896716982,0.1748777172634644,0.17487771519347756,0.17487770891958648,0.47536685862347156
2010-11-01,3,Low Growth / Low Inflation,0.0869562402969981,0.1991615409161484,0.19,21.83,-0.0024037809565216,0.1748777146909734,0.17487771665995236,0.17487770871199917,0.4753668599370752
2010-12-01,3,Low Growth / Low Inflation,0.9785396067085728,0.2262194988030152,0.18,21.36,0.0651770489078238,0.17487771513978587,0.17487770965171068,0.17487770748085457,0.47536686772764897
2011-01-01,3,Low Growth / Low Inflation,-0.2106135119296248,0.3002147521584897,0.17,17.61,0.022524948320252,0.1748777096967417,0.17487771702463048,0.17487770784308013,0.47536686543554774
2011-02-01,3,Low Growth / Low Inflation,-0.3970843397723911,0.2785606606803492,0.16,17.63,0.0318569747205594,0.17487771672677382,0.1748777124032732,0.174877708295163,0.47536686257478994
2011-03-01,3,Low Growth / Low Inflation,1.040272709112422,0.4019739207163697,0.14,21.01,-0.0011389725593412,0.17487770991196241,0.17487770597039629,0.17487770580868617,0.4753668783089552
2011-04-01,3,Low Growth / Low Inflation,-0.3230270794270296,0.4242345333420161,0.1,17.4,0.0284489280316089,0.17487770497299376,0.17487770554378065,0.17487770480162285,0.4753668846816026
2011-05-01,3,Low Growth / Low Inflation,0.1206079665240889,0.3035967025724506,0.09,15.99,-0.0135350552201963,0.17487770699943866,0.1748777122536509,0.1748777064413488,0.47536687430556157
2011-06-01,3,Low Growth / Low Inflation,0.30248807089297,-0.020465757556165,0.09,18.3,-0.0182900483622554,0.1748777122803554,0.174877709435383,0.17487770690356624,0.47536687138069533
2011-07-01,3,Low Growth / Low Inflation,0.492715456823678,0.1702237688404384,0.07,15.87,-0.0215041989525459,0.1748777096592758,0.1748777180779841,0.17487770803374542,0.4753668642289948
2011-08-01,3,Low Growth / Low Inflation,0.6751130647956405,0.2355421233208199,0.1,23.66,-0.0568133203553504,0.17487771755423365,0.1748777087473907,0.17487770776428818,0.47536686593408745
2011-09-01,3,Low Growth / Low Inflation,-0.0827080374789179,0.1405639727027008,0.08,31.82,-0.0717735209780459,0.1748777059004141,0.17487770484527682,0.17487770484458912,0.4753668844097201
2011-10-01,3,Low Growth / Low Inflation,0.6940410373954542,0.0021430025608726,0.07,45.45,0.1077079588343148,0.17487770454232585,0.1748777045306194,0.1748777045306194,0.4753668863964355
2011-11-01,3,Low Growth / Low Inflation,-0.0086587493010492,0.2046523588595139,0.08,34.77,-0.0050697563459507,0.17487770453975315,0.1748777045300569,0.1748777045300382,0.47536688640015184
2011-12-01,3,Low Growth / Low Inflation,0.5306290656609036,0.0577416595380686,0.07,27.41,0.0085232277998195,0.17487770454627516,0.17487770457108393,0.17487770453896465,0.4753668863436763
2012-01-01,3,Low Growth / Low Inflation,0.596427248225595,0.3419753350289767,0.08,22.97,0.0435556339620581,0.1748777046463645,0.17487770484977894,0.1748777046100531,0.4753668858938035
2012-02-01,3,Low Growth / Low Inflation,0.3215662971284949,0.2236564636717952,0.1,18.55,0.040516431541189,0.17487770587907733,0.17487770929543983,0.17487770567583832,0.47536687914964454
2012-03-01,3,Low Growth / Low Inflation,-0.5177723960984593,0.191277735271611,0.13,17.26,0.03125896127553,0.1748777095019155,0.17487770822140417,0.1748777061542155,0.47536687612246475
2012-04-01,3,Low Growth / Low Inflation,0.7193508372958624,0.1315175427431869,0.14,15.64,-0.0075673408759204,0.17487770871643427,0.17487771625699527,0.17487770751500378,0.47536686751156665
2012-05-01,3,Low Growth / Low Inflation,0.2309210465547106,-0.1122786204558856,0.16,16.6,-0.0627288488777217,0.17487771680822328,0.17487771777646102,0.1748777093189432,0.4753668560963724
2012-06-01,3,Low Growth / Low Inflation,0.0055293367151154,-0.0509002990392581,0.16,26.66,0.0394787280399866,0.17487771563923504,0.17487770713993253,0.17487770710316006,0.4753668701176725
2012-07-01,3,Low Growth / Low Inflation,0.2098983989359704,0.0360727396184756,0.16,16.8,0.0125166835435117,0.1748777071229372,0.17487771549159928,0.17487770707226433,0.4753668703131993
2012-08-01,3,Low Growth / Low Inflation,-0.4279088966837152,0.3362039708128428,0.13,18.96,0.0196697066695767,0.17487771554242407,0.17487770905796002,0.17487770744498812,0.4753668679546278
2012-09-01,3,Low Growth / Low Inflation,-0.0733690772427575,0.3044236562549596,0.14,17.98,0.0241567223126815,0.1748777077356558,0.17487771094827245,0.17487770633451596,0.4753668749815559
2012-10-01,3,Low Growth / Low Inflation,0.3473983631303801,0.2961230016966576,0.16,16.32,-0.0198767087559778,0.17487771209918132,0.17487771997561058,0.1748777088478626,0.47536685907734544
2012-11-01,3,Low Growth / Low Inflation,0.3667648049054728,-0.0682959631832402,0.16,16.69,0.002772493960381,0.17487771901685642,0.17487771306608338,0.1748777088493921,0.47536685906766807
2012-12-01,3,Low Growth / Low Inflation,0.2369549856899411,-0.0157713781030244,0.16,16.64,0.0070127535126873,0.17487771061533303,0.17487771039272054,0.17487770677073441,0.47536687222121204
2013-01-01,3,Low Growth / Low Inflation,0.0245142665911135,0.190337981365829,0.14,14.68,0.0503661569960729,0.17487770973654035,0.1748777127256852,0.1748777070436654,0.4753668704941089
2013-02-01,3,Low Growth / Low Inflation,0.4676907932336993,0.3558121228024236,0.15,12.9,0.0109859972242676,0.17487771162958488,0.17487771180961403,0.17487770722703533,0.47536686933376565
2013-03-01,3,Low Growth / Low Inflation,0.4028580654107827,-0.1317798648733492,0.14,15.36,0.035918749522805,0.17487771060515053,0.1748777071867293,0.17487770616708395,0.4753668760410363
2013-04-01,3,Low Growth / Low Inflation,-0.0862971950387203,-0.1015834450402097,0.15,13.58,0.0180333817323796,0.17487770613627748,0.1748777062287852,0.17487770514852458,0.4753668824864128
2013-05-01,3,Low Growth / Low Inflation,0.0780978038776414,0.0733821849021376,0.11,14.49,0.0207242907074944,0.17487770711462405,0.1748777116735732,0.17487770635408836,0.4753668748577144
2013-06-01,3,Low Growth / Low Inflation,0.2074933532559386,0.2220802212421935,0.09,16.28,-0.0150394055871664,0.17487771175659858,0.1748777154161235,0.1748777079277911,0.475366864899487
2013-07-01,3,Low Growth / Low Inflation,-0.3101931085414344,0.1243820095533809,0.09,16.37,0.0494311583763382,0.1748777141695375,0.17487771065823926,0.1748777074876665,0.4753668676845567
2013-08-01,3,Low Growth / Low Inflation,0.5782114503832148,0.148237848672128,0.08,12.94,-0.0313361092523728,0.1748777089143368,0.1748777130230068,0.17487770694515586,0.47536687111750064
2013-09-01,3,Low Growth / Low Inflation,0.5084577384016464,0.0437800988179359,0.08,16.61,0.0297367763944305,0.17487771246187506,0.1748777119112539,0.1748777074023309,0.4753668682245401
2013-10-01,3,Low Growth / Low Inflation,-0.0788730144467453,0.1323247478536293,0.09,15.54,0.0445544892225517,0.17487771078792969,0.17487771323750084,0.17487770733706773,0.4753668686375016
2013-11-01,3,Low Growth / Low Inflation,0.2336084410783145,0.1487986847444888,0.08,13.28,0.0279982691573852,0.17487771192229185,0.17487771768444785,0.1748777083846276,0.4753668620086327
2013-12-01,3,Low Growth / Low Inflation,0.2010650366143673,0.1745527086840059,0.09,14.23,0.0235072762744044,0.17487771512327754,0.1748777228805283,0.17487770996068377,0.4753668520355104
2014-01-01,3,Low Growth / Low Inflation,-0.3557589474469713,0.2074387537079669,0.07,14.23,-0.0356190068366749,0.17487771977324115,0.17487772359218307,0.17487771096701102,0.4753668456675647
2014-02-01,3,Low Growth / Low Inflation,0.7556916490531584,0.0476121473078405,0.07,21.44,0.0430773542861373,0.17487772095214282,0.17487770885199586,0.1748777084216811,0.47536686177418025
2014-03-01,3,Low Growth / Low Inflation,0.9685206031106786,0.1603558866128729,0.08,16.0,0.0068885056579817,0.17487770538895767,0.17487770613860668,0.1748777049913337,0.47536688348110195
2014-04-01,3,Low Growth / Low Inflation,0.0967670387519659,0.1776584206992781,0.09,13.1,0.0061750028974503,0.17487770672162484,0.17487770949894177,0.1748777058721705,0.475366877907263
2014-05-01,3,Low Growth / Low Inflation,0.3831643017938591,0.1649705630651698,0.09,13.25,0.0210032976467489,0.17487770915560527,0.17487770949183495,0.17487770632767266,0.47536687502488706
2014-06-01,3,Low Growth / Low Inflation,0.3432190311729588,0.1091129937105472,0.1,11.58,0.0190285511225907,0.17487770846324432,0.17487770949609804,0.17487770619852624,0.4753668758421314
2014-07-01,3,Low Growth / Low Inflation,0.2221248844113565,0.1418979363104533,0.09,11.15,-0.0151028792021064,0.1748777090133894,0.1748777150239388,0.17487770733930386,0.47536686862336797
2014-08-01,3,Low Growth / Low Inflation,-0.1888053207359519,-0.0123214670760152,0.09,17.03,0.0376279404187929,0.1748777145528504,0.17487770887985563,0.17487770722581655,0.4753668693414775
2014-09-01,3,Low Growth / Low Inflation,0.2873440188072562,0.0349151254377178,0.09,12.25,-0.0155305259456501,0.17487770748547216,0.17487771157720877,0.17487770640561287,0.4753668745317062
2014-10-01,3,Low Growth / Low Inflation,0.0119343204860067,-0.0297701538808925,0.09,16.71,0.0231867735334272,0.1748777114444362,0.1748777088414098,0.17487770663518065,0.47536687307897335
2014-11-01,3,Low Growth / Low Inflation,0.6172120873449094,-0.0954982337961096,0.09,14.73,0.0245181080977141,0.17487770765528732,0.17487770726900453,0.1748777056288649,0.4753668794468433
2014-12-01,3,Low Growth / Low Inflation,-0.0079064645954196,-0.1757613756668052,0.12,14.29,-0.0042139091938924,0.17487770870259592,0.174877715801107,0.1748777074268342,0.4753668680694628
2015-01-01,3,Low Growth / Low Inflation,-0.7848268733052777,-0.4798187808896292,0.11,17.79,-0.0310626726768924,0.17487771554233153,0.17487770707234396,0.174877707072285,0.4753668703130394
2015-02-01,3,Low Growth / Low Inflation,-0.6385429169845525,0.1769197343100215,0.11,19.43,0.0548790135775305,0.17487770469411326,0.17487770513298542,0.1748777046721741,0.47536688550072714
2015-03-01,3,Low Growth / Low Inflation,-0.3346261254872473,0.1890007745933397,0.11,13.04,-0.0174202626969971,0.1748777058854114,0.17487770849955997,0.1748777055276398,0.47536688008738875
2015-04-01,3,Low Growth / Low Inflation,-0.5455808831756226,0.0886524822695022,0.12,15.11,0.0085005244199414,0.17487770853133852,0.17487770704482464,0.17487770575121397,0.4753668786726228
2015-05-01,3,Low Growth / Low Inflation,-0.4413063536470418,0.2399736337981739,0.12,12.7,0.010478343225972,0.1748777065609244,0.1748777075032488,0.17487770546743817,0.47536688046838865
2015-06-01,3,Low Growth / Low Inflation,-0.3145062410606636,0.1941907178891755,0.13,13.97,-0.0210248681758216,0.17487770772597486,0.1748777097626806,0.17487770611017892,0.47536687640116565
2015-07-01,3,Low Growth / Low Inflation,0.6480993526961187,0.0912670741211707,0.13,16.09,0.0197138649544128,0.1748777096668953,0.1748777131669649,0.17487770711342102,0.4753668700527188
2015-08-01,3,Low Growth / Low Inflation,-0.1838518594625027,0.0071717637416091,0.14,12.56,-0.0626407269586124,0.17487771506243902,0.17487773813715504,0.17487771281279776,0.47536683398760804
2015-09-01,3,Low Growth / Low Inflation,-0.2791065028845962,-0.1383026677047816,0.14,31.4,-0.0264630579027692,0.17487773753014035,0.17487771221691423,0.17487771216478376,0.4753668380881617
2015-10-01,3,Low Growth / Low Inflation,-0.4835506432950498,0.0,0.12,22.55,0.0829691894164219,0.1748863649106841,0.17491519213403428,0.17488636467751592,0.47531207827776567
2015-11-01,3,Low Growth / Low Inflation,-0.7357319171217069,0.0625788647578229,0.12,14.15,0.0004097207044848,0.1760437739537038,0.1800664977893807,0.17604377080295092,0.4678459574539646
2015-12-01,3,Low Growth / Low Inflation,-0.490405888487655,-0.0840697984375249,0.24,14.67,-0.0177298205500144,0.1887691660548341,0.3132853802772769,0.1887679273544594,0.30917752631342943
2016-01-01,1,Low Growth / Low Inflation,0.5240216999506275,0.0410441635199321,0.34,20.7,-0.0509294099016335,0.17492144524960165,0.475265534008431,0.17489371821490068,0.17491930252706664
2016-02-01,1,Low Growth / Low Inflation,-0.5184776724149187,-0.052309838352349,0.38,19.98,-0.0043779880202101,0.17519242683259492,0.4749069697599103,0.1749503015640657,0.17495030184342913
2016-03-01,1,Low Growth / Low Inflation,-0.7419897116952456,0.2339781415157338,0.36,17.7,0.0657315527875017,0.17495068666325772,0.4752601909190508,0.1748945611308436,0.17489456128684777
2016-04-01,1,Low Growth / Low Inflation,0.3382172239537073,0.3276238059647829,0.37,13.1,0.00250927325367,0.17488368816771285,0.47535813771865504,0.1748790870552162,0.17487908705841587
2016-05-01,1,Low Growth / Low Inflation,-0.2267794379884335,0.1632769687630819,0.37,14.68,0.0150989112586261,0.17488299373740313,0.4753591530424366,0.17487892660999393,0.17487892661016632
2016-06-01,1,Low Growth / Low Inflation,0.4723710200531528,0.1752366203783939,0.38,14.2,0.0006679512620548,0.17488104959667486,0.4753619955626412,0.1748784774203221,0.17487847742036183
2016-07-01,1,Low Growth / Low Inflation,0.1172088714676666,0.0172896008136191,0.39,14.77,0.0353708912376729,0.1748851114412695,0.4753560567779738,0.17487941589037334,0.17487941589038328
2016-08-01,1,Low Growth / Low Inflation,-0.1507082885518373,0.1393097557503386,0.4,12.44,-0.0014926240068712,0.17488151977500285,0.47536130811524296,0.17487858605487588,0.1748785860548784
2016-09-01,1,Low Growth / Low Inflation,-0.1055134041476946,0.1898881995146206,0.4,13.48,-0.0014797492891862,0.1748814711305203,0.4753613792382501,0.1748785748156144,0.17487857481561525
2016-10-01,1,Low Growth / Low Inflation,0.015595615809083,0.2047311130480622,0.4,13.57,-0.0196887531523111,0.17488123902136546,0.4753617186048114,0.1748785211869227,0.1748785211869006
2016-11-01,1,Low Growth / Low Inflation,-0.417168298044468,0.0333778371161663,0.41,18.56,0.0338152585590312,0.17492448133515376,0.47529849865278706,0.1748885100060303,0.1748885100060288
2016-12-01,1,Low Growth / Low Inflation,0.6835853098808187,0.171889060777941,0.54,14.07,0.0177740800821535,0.17488274386643968,0.4753595183766191,0.17487886887858584,0.17487886887835546
2017-01-01,1,Low Growth / Low Inflation,-0.2628724699913376,0.3835633030856655,0.65,12.85,0.0174723560140899,0.17489925349835397,0.47533538044579676,0.1748826830279329,0.17488268302791646
2017-02-01,1,Low Growth / Low Inflation,-0.4014738596471723,0.1357452413751625,0.66,11.81,0.0368013605469097,0.1748857507501787,0.475355122057759,0.174879563596081,0.17487956359598125
2017-03-01,1,Low Growth / Low Inflation,0.6598918716692825,-0.0512120177534991,0.79,12.54,-0.0010719926763755,0.17489945027837125,0.475335092751358,0.17488272848515626,0.17488272848511438
2017-04-01,1,Low Growth / Low Inflation,1.01874791064267,0.1908876274677284,0.9,12.38,0.0084815170809395,0.17488905132994312,0.4753502963814542,0.174880326144423,0.17488032614417978
2017-05-01,1,Low Growth / Low Inflation,0.1183734843394956,-0.0431185760842223,0.91,10.11,0.0107874212087561,0.17489559647241756,0.4753407270896297,0.17488183821899544,0.17488183821895725
2017-06-01,1,Low Growth / Low Inflation,0.2060099380072788,0.0842679721514416,1.04,9.89,0.0039412465879224,0.1748838973143458,0.47535783193279246,0.1748791353765017,0.17487913537636005
2017-07-01,1,Low Growth / Low Inflation,-0.2394688037820613,0.0370867830723709,1.15,11.22,0.0184861140456848,0.17489106734404292,0.47534734885603414,0.1748807918999882,0.17488079189993475
2017-08-01,1,Low Growth / Low Inflation,-0.4138579996563751,0.2244421510375405,1.16,10.09,-0.0003959957184835,0.17489107087418343,0.4753473436945907,0.17488079271571141,0.1748807927155144
2017-09-01,1,Low Growth / Low Inflation,0.1032173934849778,0.3728993171843608,1.15,10.13,0.0184720115271494,0.17489592572089338,0.4753402457183877,0.1748819142806429,0.17488191428007607
2017-10-01,1,Low Growth / Low Inflation,1.231820304342679,0.1304780876494105,1.15,9.45,0.0212766682697822,0.17490843219147034,0.4753219613067705,0.17488480325096237,0.1748848032507969
2017-11-01,1,Low Growth / Low Inflation,0.239248421425664,0.1432393987923941,1.16,10.2,0.027040020649387,0.17488302081001605,0.4753591134599029,0.17487893286510434,0.17487893286497666
2017-12-01,1,Low Growth / Low Inflation,0.1955238855138485,0.1450211075242125,1.3,11.43,0.0087663987154404,0.1748832069212527,0.47535884134844564,0.17487897586521037,0.17487897586509124
2018-01-01,1,Low Growth / Low Inflation,-0.0018725779682204,0.3749218912726615,1.41,9.77,0.0549843951350563,0.17490216407877893,0.47533112516689957,0.1748833553772666,0.17488335537705493
2018-02-01,1,Low Growth / Low Inflation,0.2424541086608389,0.2144289963339485,1.42,13.47,-0.0401452809669878,0.17489021845294087,0.47534858994172813,0.17488059581577473,0.17488059578955625
2018-03-01,1,Low Growth / Low Inflation,0.4898312333777355,0.1064920722568363,1.51,22.47,-0.0283243889499936,0.17569157640075764,0.47417854409312915,0.17506493982955681,0.17506493967655642
2018-04-01,1,Low Growth / Low Inflation,1.1018847101021745,0.2383672826129723,1.69,23.62,0.0012276638992805,0.17759641694259368,0.4714099542741698,0.1754968152728459,0.17549681351039043
2018-05-01,1,Low Growth / Low Inflation,-0.9004876472062606,0.1719631311046798,1.7,15.49,0.0199487068096126,0.1753423557103415,0.4746880447938739,0.17498479981293052,0.17498479968285413
2018-06-01,1,Low Growth / Low Inflation,0.7769349155879013,0.0863244425697074,1.82,13.46,0.0032284627153034,0.17490115153075003,0.4753326054629119,0.17488312151967192,0.17488312148666615
2018-07-01,1,Low Growth / Low Inflation,0.1614372371557593,0.1058522576914411,1.91,15.6,0.0343579683933974,0.17489213551283567,0.4753457871386912,0.1748810386752185,0.17488103867325472
2018-08-01,1,Low Growth / Low Inflation,0.6463528132455432,0.0695144756552412,1.91,13.15,0.0283698395875404,0.17489209695191446,0.475345843518232,0.1748810297653292,0.17488102976452435
2018-09-01,1,Low Growth / Low Inflation,0.0650756925466566,0.2054633688165497,1.95,13.16,0.0026604981739397,0.17488706162087703,0.4753532054659239,0.17487986645722303,0.17487986645597592
2018-10-01,1,Low Growth / Low Inflation,-0.1102781545507913,0.1728211837762838,2.19,12.0,-0.0714072571160375,0.17489071796232283,0.4753478596444279,0.17488071120548715,0.17488071118776224
2018-11-01,1,Low Growth / Low Inflation,0.0793379083257717,0.0341147229397043,2.2,19.34,0.015973567652791,0.17501429773410074,0.47516721691981767,0.17490924278547706,0.17490924256060464
2018-12-01,1,Low Growth / Low Inflation,0.0245031858946198,0.0691805514956511,2.27,16.44,-0.0935971741111801,0.1752905971471569,0.47476357952687703,0.17497292208356355,0.17497290124240242
2019-01-01,1,Low Growth / Low Inflation,-0.6643059707801324,-0.0516061187330163,2.4,23.22,0.0766626195421558,0.18721453670147,0.45769404839685773,0.17754570773596162,0.17754570716571075
2019-02-01,1,Low Growth / Low Inflation,-0.5464105661296959,0.1831501831501825,2.4,16.14,0.0278892336450122,0.17567544631622092,0.47420205646807145,0.1750612512987484,0.17506124591695926
2019-03-01,1,Low Growth / Low Inflation,0.0375350919074701,0.2265743513944595,2.41,13.57,0.0158774541267117,0.17490280637470473,0.4753301831120039,0.1748835062901039,0.17488350422318744
2019-04-01,1,Low Growth / Low Inflation,-0.584880588904857,0.2823351347155833,2.42,13.4,0.0372840955205166,0.17493761532132532,0.47527929860077284,0.1748915430691514,0.17489154300875057
2019-05-01,1,Low Growth / Low Inflation,0.1153763419832865,0.0725619195046434,2.39,14.8,-0.0678778444710977,0.17489827562788726,0.47533680992314675,0.1748824572867409,0.17488245716222509
2019-06-01,1,Low Growth / Low Inflation,0.0444370653957415,0.0473727461690831,2.38,18.86,0.0671672007167254,0.17496011052846727,0.4752464159185901,0.17489673679466244,0.17489673675828005
2019-07-01,1,Low Growth / Low Inflation,-0.4848810250152602,0.1333539484364765,2.4,14.06,0.0112539017855002,0.17491690428981002,0.47530957535463675,0.17488676025170968,0.1748867601038436
2019-08-01,1,Low Growth / Low Inflation,0.6849073187575438,0.0463222095693938,2.13,17.87,-0.0198307930464448,0.17495140462001266,0.47525914142180925,0.17489472706453918,0.1748947268936388
2019-09-01,1,Low Growth / Low Inflation,-0.3383704050117342,0.0607697501687987,2.04,19.66,0.0156447300831474,0.17509771657860035,0.4750453221571979,0.1749284807846748,0.17492848047952683
2019-10-01,1,Low Growth / Low Inflation,-0.8442522707120981,0.1773784620130447,1.83,18.56,0.0189652458907392,0.17522508266031803,0.4748592768846861,0.17495782023297565,0.17495782022202022
2019-11-01,1,Low Growth / Low Inflation,0.5019319103877651,0.1029667908041931,1.55,12.3,0.0328610808880653,0.17488864300584453,0.4753508933544539,0.17488023182755674,0.17488023181214485
2019-12-01,1,Low Growth / Low Inflation,-0.2323979862111191,0.2720526032454096,1.55,14.91,0.0272846276134353,0.1749004507525849,0.47533363004155327,0.17488295960613276,0.1748829595997289
2020-01-01,1,Low Growth / Low Inflation,-0.6553569655153413,0.175443642325046,1.55,12.47,-0.0029225378329812,0.17512084572582046,0.4750115311781009,0.17493381167028244,0.17493381142579617
2020-02-01,1,Low Growth / Low Inflation,0.3362241150981271,0.0794334386065687,1.58,17.97,-0.0852757942408484,0.181587165365091,0.46566628269484506,0.17637328638764277,0.17637326555242122
2020-03-01,0,Low Growth / Low Inflation,-3.9119691043517424,-0.2887934744149945,0.65,33.42,-0.1253772874015805,0.4753668864186717,0.17487770452710943,0.17487770452710943,0.17487770452710943
2020-04-01,3,Low Growth / Low Inflation,-13.18775293149008,-0.415264071505983,0.05,57.06,0.1267290173024282,0.17487770452710946,0.17487770452710943,0.17487770452710943,0.4753668864186717
2020-05-01,3,Low Growth / Low Inflation,1.6538180906531252,0.1001560122498412,0.05,37.19,0.0451805796742246,0.17487770453368615,0.17487770452862486,0.17487770452862486,0.47536688640906416
2020-06-01,3,Low Growth / Low Inflation,6.553017435935615,0.3155606011044698,0.08,28.23,0.0182491083122444,0.17487770452710946,0.17487770452710943,0.17487770452710943,0.4753668864186717
2020-07-01,3,Low Growth / Low Inflation,3.7472132271539222,0.2953869761197047,0.09,28.62,0.0549905768458076,0.17487770452720602,0.17487770452713478,0.17487770452713478,0.4753668864185245
2020-08-01,3,Low Growth / Low Inflation,0.9779469953359988,0.2792174262273184,0.1,24.28,0.0699777789666982,0.17487770456340695,0.17487770466968822,0.17487770456068547,0.47536688620621936
2020-09-01,3,Low Growth / Low Inflation,0.0125058751559326,0.1783160102984515,0.09,26.12,-0.039318434182367,0.1748777047103071,0.174877704708858,0.17487770459561158,0.47536688598522325
2020-10-01,3,Low Growth / Low Inflation,0.8049650452395696,0.0894752372521567,0.09,26.7,-0.0277495081020904,0.17487770469385375,0.17487770462276686,0.17487770457636026,0.47536688610701916
2020-11-01,3,Low Growth / Low Inflation,0.3537338457753503,0.1017584236003399,0.09,37.13,0.1074770050262841,0.17487770459776092,0.17487770454342777,0.17487770454342763,0.4753668863153838
2020-12-01,3,Low Growth / Low Inflation,1.319920561671828,0.4189705295559509,0.09,20.77,0.0370452134135896,0.17487770455246562,0.17487770462549476,0.17487770455033994,0.47536688627169976
2021-01-01,3,Low Growth / Low Inflation,0.5278407531287055,0.423845069489781,0.09,26.97,-0.0111997372811984,0.17487770463668323,0.17487770456293197,0.17487770455439944,0.47536688624598533
2021-02-01,3,Low Growth / Low Inflation,-3.3042347358776314,0.3325576794445339,0.08,30.24,0.0260593316273247,0.17487770454309334,0.17487770453080034,0.17487770453080034,0.475366886395306
2021-03-01,3,Low Growth / Low Inflation,2.8977701174189185,0.5201877934272403,0.07,23.35,0.0424100621923135,0.17487770452794055,0.17487770452729984,0.1748777045272998,0.47536688641745983
2021-04-01,3,Low Growth / Low Inflation,0.1759403815192461,0.526836923421814,0.07,17.33,0.0524070584294913,0.17487770478960132,0.17487770562966323,0.17487770478331396,0.4753668847974215
2021-05-01,3,Low Growth / Low Inflation,0.8873899513690775,0.5175714099871831,0.06,18.31,0.0054722167713117,0.17487770572718098,0.17487770521453855,0.17487770488137164,0.47536688417690875
2021-06-01,3,Low Growth / Low Inflation,0.3674825234604384,0.5407903859486973,0.08,17.9,0.0221826266505458,0.17487770502691274,0.17487770487523777,0.17487770468626165,0.4753668854115879
2021-07-01,3,Low Growth / Low Inflation,0.4541141317472075,0.4560500183891092,0.1,15.48,0.0227044576652193,0.17487770518531212,0.17487770642775613,0.1748777050073775,0.4753668833795542
2021-08-01,3,Low Growth / Low Inflation,-0.2076768619846625,0.3825876839715914,0.09,19.46,0.0289427012626974,0.17487770664966099,0.17487770632131266,0.17487770526224664,0.4753668817667797
2021-09-01,3,Low Growth / Low Inflation,-1.1852820317521218,0.3282455276546914,0.08,16.11,-0.047604061635741,0.17487770600431887,0.1748777053236819,0.17487770495387397,0.4753668837181252
2021-10-01,3,Low Growth / Low Inflation,1.34354462314088,0.6616136830434272,0.08,21.15,0.0691026026518171,0.17487770502571892,0.174877704643697,0.17487770464257812,0.47536688568800584
2021-11-01,3,Low Growth / Low Inflation,0.678038170963835,0.666293494158654,0.08,16.41,-0.0083746052273743,0.17487770460224092,0.17487770479446124,0.17487770459139154,0.4753668860119063
2021-12-01,3,Low Growth / Low Inflation,-0.2902878489551397,0.6197309417040442,0.08,31.12,0.0435616832470502,0.1748777048395858,0.1748777045993946,0.17487770459932284,0.47536688596169674
2022-01-01,3,Low Growth / Low Inflation,-0.3847966543571557,0.547280976192388,0.08,16.6,-0.0527005716023339,0.17487776166396016,0.1748779516895522,0.1748777616412732,0.4753665250052144
2022-02-01,3,Low Growth / Low Inflation,0.6196499297304259,0.5903993617304204,0.08,21.96,-0.0315978490487671,0.17487859419261254,0.1748806067343499,0.1748784162185226,0.4753623828545151
2022-03-01,3,Low Growth / Low Inflation,0.5796258967684542,0.8795198773254853,0.2,33.32,0.0353648258024965,0.17488132674677662,0.17487854146775306,0.1748785414580646,0.47536159032740566
2022-04-01,1,Low Growth / Low Inflation,0.0486237889668395,0.2996444452209701,0.33,19.63,-0.0885628458489227,0.17488175107700787,0.4753609579953827,0.17487864142016885,0.1748786495074407
2022-05-01,0,Low Growth / Low Inflation,-0.1049881703469979,0.6210152248893985,0.77,32.34,-0.0007744630006849,0.4753664367355727,0.1748780120833471,0.17487777559056755,0.17487777559051265
2022-06-01,0,Low Growth / Low Inflation,-0.3113481721247146,0.9634278294741394,1.21,25.69,-0.0852029182688983,0.47536688636974794,0.17487770453652096,0.17487770455889318,0.17487770453483778
2022-07-01,0,Low Growth / Low Inflation,0.2029341305509913,-0.0060014746480652,1.68,26.7,0.0892909583053953,0.47511164632853314,0.17501513649324388,0.17495519762828396,0.1749180195499389
2022-08-01,0,Low Growth / Low Inflation,-0.1251691809173838,0.2786566178803351,2.33,22.84,-0.0449271993676798,0.46859809652876555,0.17690186341806852,0.1785672615830805,0.17593277847008543
2022-09-01,0,Low Growth / Low Inflation,0.1933799753304432,0.3548342966585682,2.56,25.56,-0.0960840574969747,0.45594715514736117,0.1779361611756746,0.18831899083472156,0.17779769284224262
2022-10-01,0,Low Growth / Low Inflation,-0.0384038984399537,0.4668955704560718,3.08,30.1,0.0767855522257128,0.4133540517661436,0.1830946090587118,0.22045673408539232,0.18309460508975223
2022-11-01,2,High Growth / High Inflation,-0.2940162701512649,0.2586521256116469,3.78,25.81,0.0503163107884623,0.1803548770371911,0.17610670969423478,0.4674317314385617,0.1761066818300123
2022-12-01,2,High Growth / High Inflation,-1.1775520230755787,0.1353363107321703,4.1,19.84,-0.0626094829258694,0.17500210971673386,0.1749064306122101,0.475185029318851,0.17490643035220516
2023-01-01,2,High Growth / High Inflation,0.7403294095005952,0.5355453439654045,4.33,22.9,0.0580260129265259,0.17487876919582354,0.17487795052654428,0.47536532975108925,0.17487795052654287
2023-02-01,2,High Growth / High Inflation,0.1359136361374968,0.2949133744475585,4.57,17.87,-0.0297285466835375,0.1748777122467585,0.17487770631080043,0.4753668751316407,0.17487770631080035
2023-03-01,2,High Growth / High Inflation,0.3764844756045216,0.1415777965803499,4.65,20.58,0.0306076311212568,0.17487771123456294,0.17487770607692749,0.475366876611582,0.17487770607692749
2023-04-01,2,High Growth / High Inflation,0.2301513059230542,0.3454968294600791,4.83,18.55,0.010608063100904,0.1748777067433307,0.17487770503918673,0.4753668831782959,0.17487770503918673
2023-05-01,2,High Growth / High Inflation,-0.3203855688226453,0.1659010762728119,5.06,16.08,-0.0021620668142441,0.1748777050287964,0.1748777046430335,0.47536688568513646,0.1748777046430335
2023-06-01,2,High Growth / High Inflation,-0.8015567440745164,0.2655014565126734,5.08,15.65,0.060204705368559,0.17487770611679312,0.174877704894424,0.47536688409435895,0.174877704894424
2023-07-01,2,High Growth / High Inflation,0.786159752935478,0.1145522914608676,5.12,13.57,0.026773937019124,0.17487770469134883,0.17487770456505577,0.47536688617853967,0.17487770456505577
2023-08-01,2,High Growth / High Inflation,-0.0667943753982713,0.3009775551999549,5.33,13.93,-0.0228025731625932,0.17487770457834964,0.17487770453895118,0.47536688634374785,0.17487770453895118
2023-09-01,2,High Growth / High Inflation,0.1802868524474199,0.3711664048937635,5.33,13.09,-0.0531376645594323,0.17487770457984744,0.17487770453929813,0.4753668863415563,0.17487770453929813
2023-10-01,2,High Growth / High Inflation,-0.5466184787138562,0.0535336314744894,5.33,17.61,-0.0266607253152437,0.17487770480677683,0.1748777045917222,0.4753668860097787,0.1748777045917222
2023-11-01,2,High Growth / High Inflation,0.393156489222024,0.0074083829969318,5.33,16.87,0.0845667830556662,0.1748777046215979,0.1748777045489361,0.47536688628052975,0.1748777045489361
2023-12-01,2,High Growth / High Inflation,-0.2585662461990878,0.1374564789740961,5.33,12.63,0.0399012495645159,0.17487770458238477,0.17487770453988283,0.4753668863378495,0.17487770453988283
2024-01-01,2,High Growth / High Inflation,-1.3725223179007373,0.4685188229492043,5.33,13.2,0.0113410539618061,0.17487771344279196,0.1748777065871479,0.47536687338291217,0.1748777065871479
2024-02-01,2,High Growth / High Inflation,1.0710293956096573,0.3010717499795534,5.33,13.88,0.0473938909269902,0.1748777045941836,0.17487770454260518,0.47536688632060603,0.17487770454260518
2024-03-01,2,High Growth / High Inflation,0.1720097721493729,0.3588965562244084,5.33,13.11,0.0266697264451729,0.1748777045763452,0.17487770453848267,0.47536688634668955,0.17487770453848267
2024-04-01,2,High Growth / High Inflation,-0.2131249533384838,0.2462653814268689,5.33,13.65,-0.0463782185255014,0.17487770458074597,0.17487770453949714,0.47536688634025986,0.17487770453949714
2024-05-01,2,High Growth / High Inflation,0.6180955554181189,0.0056753228853345,5.33,15.39,0.0432480829614447,0.17487770460907856,0.1748777045460458,0.47536688629882984,0.1748777045460458
2024-06-01,2,High Growth / High Inflation,0.0307347590295714,0.1548464506923474,5.33,13.11,0.03050999734886,0.1748777045636256,0.1748777045355431,0.47536688636528807,0.1748777045355431
2024-07-01,2,High Growth / High Inflation,-0.9101631415148635,0.1594638130469006,5.33,12.22,0.0065685376097011,0.17487770483257664,0.1748777045976852,0.475366885972053,0.1748777045976852
2024-08-01,2,High Growth / High Inflation,0.4553106404856288,0.1236503523630805,5.33,18.59,0.0182014579052165,0.17487770459595287,0.17487770454300905,0.475366886318029,0.17487770454300905
2024-09-01,2,High Growth / High Inflation,-0.619829156166074,0.2219728950915822,5.13,15.55,0.0162832644600445,0.17487770513481796,0.17487770466752436,0.47536688553013334,0.17487770466752436
2024-10-01,2,High Growth / High Inflation,-0.3395505789091979,0.2657775200541223,4.83,19.26,-0.0140239359465471,0.1748777083899149,0.17487770541964037,0.47536688077080447,0.17487770541964037
2024-11-01,2,High Growth / High Inflation,-0.1779439928822346,0.1148649734123763,4.64,21.88,0.0538122654114001,0.17487772113715577,0.17487770836499572,0.4753668621328529,0.17487770836499572
2024-12-01,2,High Growth / High Inflation,1.0421733766397212,0.2743968484478998,4.48,13.34,-0.0286556463577611,0.1748777146011403,0.17487770685480558,0.4753668716892487,0.17487770685480558
2025-01-01,2,High Growth / High Inflation,-0.261743314132834,0.350458877091353,4.33,17.93,0.0233910289733056,0.1748777687814693,0.1748777193736237,0.4753667924712833,0.1748777193736237
2025-02-01,2,High Growth / High Inflation,1.033931046612846,0.4018593970514406,4.33,18.62,-0.0175134560334442,0.17487779679084323,0.17487772584542174,0.4753667515183133,0.17487772584542163
2025-03-01,2,High Growth / High Inflation,-0.0582595527367613,0.0158829742457511,4.33,22.78,-0.0611640325060767,0.17487787094305202,0.1748777429789048,0.4753666430991385,0.17487774297890474
2025-04-01,2,High Growth / High Inflation,0.1983365069813558,0.1659507229575751,4.33,21.77,-0.0112331055905213,0.1748777584959618,0.17487771699707977,0.4753668075098792,0.17487771699707935
2025-05-01,2,High Growth / High Inflation,-0.1038119019209582,0.1823226317875459,4.33,24.6,0.0578830267707504,0.1748778528311424,0.17487773879399615,0.4753666695808654,0.17487773879399615
2025-06-01,2,High Growth / High Inflation,0.424479189840965,0.2872289919291004,4.33,18.36,0.0460922119042397,0.17487773248322577,0.17487771098660568,0.4753668455435642,0.17487771098660443
2025-07-01,2,High Growth / High Inflation,-0.2144439521488683,0.1625336310486558,4.33,16.83,0.0178074985880258,0.17487773831987,0.17487771233535085,0.4753668370095438,0.1748777123352353
2025-08-01,2,High Growth / High Inflation,-0.0757791039120991,0.2646732152281617,4.33,20.38,0.0154730670702754,0.17487857941274032,0.1748779067212473,0.47536560718152554,0.1748779066844868
