date,inflation_sentiment,ec_growth_sentiment,monetary_policy_sentiment,market_vol_sentiment
1990-01-01,0.1,0.1,-0.5,-0.1
1990-01-08,0.03,-0.05,-0.3,-0.15
1990-01-15,0.075,-0.1,-0.1,-0.1
1990-01-22,0.085,0.4,-0.1,0.6
1990-01-29,-0.2,0.1,0.4,-0.1
1990-02-05,-0.2,0.0,-0.1,-0.4
1990-02-12,0.1,0.3,0.2,0.0
1990-02-19,0.2,0.0,-0.1,-0.3
1990-02-26,0.2,0.1,-0.3,-0.3
1990-03-05,0.15,0.3,-0.2,0.05
1990-03-12,0.0,0.0,-0.1,0.3
1990-03-19,0.1,-0.2,-0.1,0.1
1990-03-26,-0.05,0.6,-0.1,-0.2
1990-04-02,0.0,0.2,0.2,0.0
1990-04-09,0.3,-0.8,-0.5,-0.3
1990-04-16,0.1,-0.2,0.05,-0.05
1990-04-23,0.15,-0.2,-0.2,-0.2
1990-04-30,0.15,0.1,0.15,0.1
1990-05-07,0.35,-0.45,-0.35,-0.2
1990-05-14,0.05,-0.5,-0.2,0.0
1990-05-21,0.025,0.1,-0.15,-0.1
1990-05-28,-0.1,-0.6,-0.4,-0.2
1990-06-04,0.0,0.0,-0.25,-0.1
1990-06-11,0.0,-0.15,-0.3,-0.1
1990-06-18,0.1,0.5,0.3,-0.2
1990-06-25,0.45,0.65,-0.65,0.4
1990-07-02,0.12,-0.43,-0.67,0.12
1990-07-09,0.05,0.2,0.5,-0.3
1990-07-16,0.2,0.6,0.7,0.4
1990-07-23,0.03,0.13,0.07,-0.13
1990-07-30,0.2,-0.1,-0.4,-0.3
1990-08-06,0.25,-0.45,-0.55,-1.0
1990-08-13,0.3,-0.2,-0.4,-0.4
1990-08-20,0.0,-0.4,-0.5,-0.2
1990-08-27,0.05,-0.1,-0.25,0.0
1990-09-03,0.03,0.03,-0.28,-0.23
1990-09-10,0.1,-0.1,-0.4,-0.2
1990-09-17,0.03,-0.63,-0.53,-0.27
1990-09-24,0.2,0.0,-0.4,-0.1
1990-10-01,0.0,0.0,0.2,0.0
1990-10-08,-0.2,-0.8,-0.4,-0.3
1990-10-15,0.07,0.2,-0.05,0.1
1990-10-22,0.4,0.1,0.3,-0.1
1990-10-29,0.3,-0.4,-0.4,0.3
1990-11-05,-0.1,-0.7,-0.5,-0.1
1990-11-12,-0.025,-0.4,0.4,-0.1
1990-11-19,0.0,-0.7,-1.0,-0.3
1990-11-26,0.1,-0.5,-0.8,-0.2
1990-12-03,0.05,-0.5,-0.9,0.1
1990-12-10,0.05,-0.55,-0.25,-0.65
1990-12-17,0.4,-0.7,0.5,-0.1
1990-12-24,-0.2,-0.8,-0.7,-0.1
1990-12-31,-0.25,-0.45,-0.3,-0.2
1991-01-07,0.1,-0.6,-0.8,-0.2
1991-01-14,0.0,0.2,-0.4,-0.2
1991-01-21,0.1,-0.3,-0.2,0.1
1991-01-28,-0.1,-0.6,0.7,0.9
1991-02-04,0.1,0.0,-0.2,0.8
1991-02-11,0.3,-0.2,0.5,-0.2
1991-02-18,0.2,0.85,0.7,-0.15
1991-02-25,-0.4,0.4,-0.3,0.5
1991-03-04,0.4,-0.4,0.8,-0.6
1991-03-11,0.1,0.4,-0.3,0.5
1991-03-18,0.15,0.25,-0.45,0.15
1991-03-25,0.15,0.1,-0.2,-0.15
1991-04-01,0.05,-0.35,-0.35,-0.1
1991-04-08,-0.05,-0.6,-0.4,-0.3
1991-04-15,0.1,0.3,-0.3,0.3
1991-04-22,-0.35,-0.65,-0.45,0.1
1991-04-29,0.0,0.7,1.0,-0.2
1991-05-06,0.05,0.2,0.2,-0.1
1991-05-13,0.05,-0.1,0.0,-0.1
1991-05-20,-0.2,-0.8,-0.4,-0.2
1991-05-27,-0.025,0.2,-0.1,-0.2
1991-06-03,-0.2,-0.1,-0.1,-0.6
1991-06-10,0.05,0.15,-0.2,0.05
1991-06-17,0.1,0.5,0.3,0.0
1991-06-24,0.05,0.3,-0.1,0.0
1991-07-01,0.05,-0.2,0.0,-0.1
1991-07-08,0.25,0.4,0.4,0.15
1991-07-15,0.15,0.6,0.3,0.05
1991-07-22,0.0,0.5,-0.2,0.1
1991-07-29,-0.4,-0.4,-0.6,-0.2
1991-08-05,0.0,0.2,-0.2,-0.1
1991-08-12,0.1,0.7,0.7,0.0
1991-08-19,0.3,0.0,0.0,-0.1
1991-08-26,0.25,0.5,-0.05,-0.1
1991-09-02,0.0,0.48,-0.18,-0.12
1991-09-09,0.3,0.3,-0.3,-0.3
1991-09-16,-0.2,-0.8,-0.5,-0.7
1991-09-23,0.0,-0.46,-0.12,-0.24
1991-09-30,0.0,-0.4,-0.8,-0.3
1991-10-07,0.23,0.43,0.13,-0.33
1991-10-14,0.1,-0.4,0.0,-0.1
1991-10-21,0.2,0.6,0.2,0.0
1991-10-28,0.1,-0.1,-0.45,-0.2
1991-11-04,0.2,0.2,0.05,0.1
1991-11-11,0.2,0.1,-0.1,-0.2
1991-11-18,0.15,-0.35,-0.1,0.2
1991-11-25,0.15,-0.35,-0.25,-0.2
1991-12-02,0.15,-0.35,-0.4,0.2
1991-12-09,0.25,-0.45,-0.35,0.25
1991-12-16,0.0,-0.75,-0.85,-0.4
1991-12-23,0.0,0.5,0.5,-0.3
1991-12-30,-0.2,-0.5,-0.1,-0.4
1992-01-06,0.0,0.4,-0.1,0.0
1992-01-13,0.0,0.15,0.2,-0.1
1992-01-20,0.1,0.3,0.15,-0.2
1992-01-27,0.3,-0.1,0.7,0.1
1992-02-03,0.3,0.1,-0.4,0.6
1992-02-10,0.1,-0.4,0.0,-0.3
1992-02-17,0.2,0.4,0.1,-0.1
1992-02-24,0.25,-0.5,-0.6,-0.2
1992-03-02,0.07,-0.14,-0.37,-0.15
1992-03-09,0.07,0.53,-0.13,-0.23
1992-03-16,0.05,0.45,-0.15,-0.4
1992-03-23,0.2,0.1,-0.4,-0.2
1992-03-30,0.0,-0.3,-0.7,0.0
1992-04-06,0.5,0.6,0.5,0.35
1992-04-13,0.2,0.7,0.4,-0.2
1992-04-20,0.5,0.3,0.0,0.0
1992-04-27,0.06,0.22,0.15,-0.09
1992-05-04,-0.05,0.05,-0.3,-0.45
1992-05-11,0.5,0.7,0.3,0.1
1992-05-18,0.175,0.2,-0.4,-0.1
1992-05-25,0.0,0.4,-0.1,-0.1
1992-06-01,0.0,0.4,-0.3,-0.2
1992-06-08,0.1,-0.2,-0.5,-0.2
1992-06-15,0.7,0.5,0.4,0.2
1992-06-22,0.5,0.3,-0.2,-0.1
1992-06-29,0.55,-0.3,-0.1,-0.5
1992-07-06,0.0,0.3,-0.3,-0.3
1992-07-13,0.15,0.1,-0.3,0.0
1992-07-20,0.2,0.3,0.1,-0.2
1992-07-27,0.1,-0.3,-0.1,-0.3
1992-08-03,0.05,-0.35,0.1,-0.05
1992-08-10,-0.15,-0.65,-0.45,-0.2
1992-08-17,0.15,0.65,-0.3,-0.15
1992-08-24,0.0,0.0,0.0,-0.3
1992-08-31,0.1,-0.7,-0.5,-0.2
1992-09-07,0.0,-0.5,-0.4,0.0
1992-09-14,-0.1,-0.7,-0.8,0.3
1992-09-21,0.2,-0.1,-0.5,-0.2
1992-09-28,0.0,-0.6,-0.8,-0.8
1992-10-05,-0.2,-0.6,-0.8,-0.4
1992-10-12,0.0,-0.12,-0.34,-0.12
1992-10-19,0.05,-0.3,-0.3,0.0
1992-10-26,0.15,0.45,-0.25,-0.05
1992-11-02,-0.05,0.1,-0.05,-0.1
1992-11-09,0.025,0.25,0.25,-0.03
1992-11-16,-0.1,0.1,0.1,-0.1
1992-11-23,-0.05,0.3,0.15,-0.2
1992-11-30,0.1,0.2,-0.1,-0.2
1992-12-07,0.4,0.4,0.1,-0.2
1992-12-14,0.0,0.2,0.1,0.0
1992-12-21,0.05,-0.1,0.1,-0.1
1992-12-28,0.1,0.2,-0.2,0.0
1993-01-04,-0.3,0.2,-0.1,-0.2
1993-01-11,0.15,0.45,-0.15,0.0
1993-01-18,0.1,0.3,-0.1,0.0
1993-01-25,0.0,0.5,0.0,-0.5
1993-02-01,0.0,0.0,0.0,0.0
1993-02-08,0.0,-0.5,-0.4,0.0
1993-02-15,0.4,0.6,0.5,0.1
1993-02-22,0.1,0.6,0.0,-0.1
1993-03-01,0.15,0.55,0.2,-0.1
1993-03-08,0.05,0.45,-0.2,0.1
1993-03-15,0.02,0.43,-0.24,-0.15
1993-03-22,0.05,0.35,-0.1,-0.3
1993-03-29,0.05,0.1,-0.2,-0.05
1993-04-05,0.06,0.0,0.0,0.0
1993-04-12,0.15,-0.1,0.1,-0.2
1993-04-19,0.05,0.0,-0.2,-0.2
1993-04-26,0.1,0.3,0.2,-0.2
1993-05-03,0.1,-0.1,0.0,-0.1
1993-05-10,0.3,0.3,0.1,-0.3
1993-05-17,0.3,0.3,-0.3,0.0
1993-05-24,0.3,-0.2,-0.4,0.6
1993-05-31,0.2,-0.1,0.2,-0.1
1993-06-07,0.05,0.1,0.3,-0.05
1993-06-14,0.15,0.4,-0.2,0.0
1993-06-21,0.1,0.0,0.1,-0.1
1993-06-28,0.05,-0.15,-0.25,0.1
1993-07-05,-0.025,0.1,-0.075,-0.1
1993-07-12,-0.35,0.15,-0.55,-0.35
1993-07-19,-0.2,0.2,-0.1,-0.1
1993-07-26,0.0,-0.45,-0.1,-0.05
1993-08-02,0.0,0.1,-0.05,-0.4
1993-08-09,0.35,-0.35,0.15,0.0
1993-08-16,0.0,-0.15,-0.1,0.1
1993-08-23,-0.2,0.1,-0.5,-0.2
1993-08-30,0.0,-0.2,0.0,-0.1
1993-09-06,0.05,0.35,-0.45,0.05
1993-09-13,0.2,0.15,0.2,0.2
1993-09-20,0.1,0.3,-0.1,-0.3
1993-09-27,0.0,-0.4,-0.2,-0.2
1993-10-04,0.04,0.14,0.14,0.04
1993-10-11,0.23,0.55,0.2,-0.05
1993-10-18,0.1,0.2,0.0,-0.1
1993-10-25,0.1,0.6,-0.1,-0.2
1993-11-01,0.05,0.6,0.2,-0.1
1993-11-08,0.1,0.7,-0.2,0.2
1993-11-15,0.12,0.15,0.23,0.05
1993-11-22,0.05,0.1,-0.1,-1.0
1993-11-29,0.15,0.5,-0.05,-0.7
1993-12-06,0.1,0.2,-0.2,-0.1
1993-12-13,0.3,0.4,-0.1,-0.1
1993-12-20,0.2,0.4,0.1,0.0
1993-12-27,-0.1,0.2,0.0,0.0
1994-01-03,0.15,0.4,0.35,-0.25
1994-01-10,0.2,0.4,0.0,-0.2
1994-01-17,0.32,0.51,0.07,0.07
1994-01-24,0.15,0.4,0.1,-0.15
1994-01-31,0.275,0.7,0.45,1.0
1994-02-07,0.3,0.7,0.0,-0.2
1994-02-14,0.4,-0.2,0.2,0.55
1994-02-21,0.15,-0.15,0.7,-0.35
1994-02-28,0.4,0.6,0.4,0.6
1994-03-07,0.1,0.2,0.2,-0.1
1994-03-14,0.2,0.8,0.5,-0.1
1994-03-21,0.5,0.1,0.7,-0.3
1994-03-28,0.3,0.1,0.1,-0.4
1994-04-04,0.0,-0.2,0.0,-0.8
1994-04-11,0.4,0.4,0.4,0.2
1994-04-18,0.5,0.7,-0.2,0.3
1994-04-25,0.4,0.7,0.1,0.5
1994-05-02,0.4,0.7,-0.0,0.6
1994-05-09,0.4,0.4,0.9,0.5
1994-05-16,0.4,-0.25,0.75,0.55
1994-05-23,-0.1,0.2,-0.1,0.0
1994-05-30,0.05,0.0,-0.1,-0.1
1994-06-06,0.1,0.0,0.1,-0.2
1994-06-13,0.3,0.6,-0.1,-0.1
1994-06-20,0.35,0.5,-0.1,0.8
1994-06-27,0.0,-0.5,-0.8,-1.0
1994-07-04,0.5,0.8,-0.8,0.4
1994-07-11,0.4,0.6,0.4,0.3
1994-07-18,0.35,0.35,0.5,-0.2
1994-07-25,0.15,0.3,-0.2,-0.3
1994-08-01,0.2,0.2,-0.1,-0.2
1994-08-08,0.4,0.6,0.6,0.7
1994-08-15,0.8,-0.6,0.8,0.4
1994-08-22,0.02,0.0,0.2,-0.2
1994-08-29,0.3,-0.2,0.7,-0.3
1994-09-05,0.1,0.4,0.0,-0.1
1994-09-12,0.1,0.1,-0.2,-0.1
1994-09-19,0.15,0.05,0.5,0.2
1994-09-26,0.175,0.71,0.04,0.35
1994-10-03,0.5,0.5,0.5,-0.3
1994-10-10,0.37,0.6,0.35,0.0
1994-10-17,-0.1,0.2,0.8,-0.2
1994-10-24,0.0,0.5,-0.2,0.0
1994-10-31,0.0,0.0,-0.4,0.7
1994-11-07,0.0,-0.3,0.9,-0.3
1994-11-14,0.83,-0.67,0.92,0.58
1994-11-21,0.9,-0.1,0.7,-0.1
1994-11-28,0.35,0.9,-0.25,-0.2
1994-12-05,0.5,0.57,0.83,0.23
1994-12-12,0.2,0.1,-0.3,0.0
1994-12-19,-0.5,-0.8,0.0,-0.7
1994-12-26,0.3,0.3,0.9,-0.2
1995-01-02,0.0,-0.1,-0.5,-0.4
1995-01-09,0.0,0.0,-0.4,0.0
1995-01-16,0.45,0.55,0.65,-0.15
1995-01-23,0.2,0.4,0.5,-0.1
1995-01-30,0.8,-0.3,0.9,-0.2
1995-02-06,0.15,-0.15,0.3,-0.25
1995-02-13,0.3,-0.3,0.3,-0.3
1995-02-20,0.05,-0.2,-0.4,-0.15
1995-02-27,0.05,-0.3,-0.2,-0.7
1995-03-06,0.65,0.35,0.9,0.85
1995-03-13,0.45,0.0,-0.05,-1.0
1995-03-20,0.35,0.5,-0.2,0.8
1995-03-27,0.25,0.35,-0.15,-0.25
1995-04-03,0.0625,0.2,0.05,0.8
1995-04-10,0.0,-0.2,-0.15,-0.3
1995-04-17,0.1,-0.1,-0.5,0.6
1995-04-24,0.2,-0.2,0.15,0.8
1995-05-01,0.15,0.1,-0.4,-0.1
1995-05-08,-0.1,0.2,-0.7,-0.4
1995-05-15,0.0,0.3,-0.2,-0.1
1995-05-22,0.0,0.2,0.3,-0.1
1995-05-29,0.1,-0.1,-0.4,0.5
1995-06-05,-0.2,-0.9,-0.4,-0.6
1995-06-12,-0.1,-0.4,-0.3,0.0
1995-06-19,-0.2,0.2,-0.3,0.0
1995-06-26,0.0,-0.1,0.7,-0.2
1995-07-03,0.3,0.9,0.7,0.2
1995-07-10,-0.4,-0.1,-0.3,-0.3
1995-07-17,0.0,0.15,0.2,-0.1
1995-07-24,0.3,0.2,-0.4,-0.1
1995-07-31,0.3,0.3,-0.6,0.8
1995-08-07,0.0,-0.3,0.0,0.0
1995-08-14,-0.05,0.05,-0.7,1.0
1995-08-21,0.1,0.1,-0.3,-0.1
1995-08-28,0.0,0.2,-0.3,0.0
1995-09-04,0.1,0.2,-0.2,-0.8
1995-09-11,0.1,0.0,-0.5,0.0
1995-09-18,-0.3,0.0,-0.2,-0.1
1995-09-25,0.5,0.9,-0.2,0.0
1995-10-02,0.1,0.5,0.6,-0.3
1995-10-09,0.0,0.0,0.0,0.0
1995-10-16,0.2,0.7,-0.1,0.3
1995-10-23,-0.05,0.05,-0.25,0.0
1995-10-30,0.1,0.0,-0.15,0.0
1995-11-06,0.2,0.2,-0.2,-0.4
1995-11-13,-0.1,-0.1,-0.3,-0.1
1995-11-20,-0.05,0.0,-0.25,0.0
1995-11-27,0.3,0.3,-0.3,-0.3
1995-12-04,0.3,0.3,0.0,-0.2
1995-12-11,0.0,0.0,0.0,0.0
1995-12-18,-0.3,0.7,-0.8,-0.3
1995-12-25,0.0,0.0,-1.0,-0.6
1996-01-01,-0.5,-0.2,-0.7,-0.1
1996-01-08,0.1,0.0,-0.1,-0.5
1996-01-15,0.0,0.0,0.0,0.0
1996-01-22,-0.1,-0.1,-0.5,0.0
1996-01-29,0.0,0.0,-0.8,0.0
1996-02-05,0.2,-0.3,0.0,0.0
1996-02-12,0.0,-0.1,0.0,-0.3
1996-02-19,0.0,-0.3,0.25,-0.1
1996-02-26,0.0,-0.3,0.0,0.0
1996-03-04,0.0,0.0,0.0,0.0
1996-03-11,0.0,0.0,-0.2,0.0
1996-03-18,0.0,0.0,-0.3,0.0
1996-03-25,0.3,0.3,-0.3,-1.0
1996-04-01,0.9,0.1,-0.1,-0.4
1996-04-08,0.8,0.8,0.3,-0.2
1996-04-15,-0.05,0.0,0.5,0.0
1996-04-22,0.15,0.15,0.3,-0.2
1996-04-29,0.0,-0.2,-0.8,-0.5
1996-05-06,0.0,0.0,-0.2,-0.1
1996-05-13,0.7,0.0,-0.3,-0.2
1996-05-20,0.2,0.3,0.9,-1.0
1996-05-27,0.15,-0.6,-0.6,-0.3
1996-06-03,-0.3,0.8,0.5,-0.5
1996-06-10,0.0,0.0,0.0,0.0
1996-06-17,0.0,0.0,0.0,0.0
1996-06-24,0.0,0.0,0.0,0.0
1996-07-01,-0.6,-0.1,-0.1,-0.1
1996-07-08,-0.4,-0.1,-0.1,-0.6
1996-07-15,0.6,0.3,0.9,-0.2
1996-07-22,0.1,0.1,0.5,-0.2
1996-07-29,0.4,-0.3,0.4,-0.2
1996-08-05,0.2,-0.5,-0.1,-0.2
1996-08-12,0.3,0.3,-0.3,-0.2
1996-08-19,0.0,-0.2,-0.15,-0.2
1996-08-26,0.3,0.3,0.0,0.0
1996-09-02,0.5,0.7,0.5,-0.1
1996-09-09,0.3,0.3,-0.1,-0.1
1996-09-16,0.0,0.0,0.0,-0.3
1996-09-23,0.2,0.9,0.5,-0.2
1996-09-30,0.1,-0.9,0.35,0.5
1996-10-07,0.0,-0.6,0.0,0.0
1996-10-14,0.0,0.0,-0.3,-0.2
1996-10-21,0.0,0.3,0.0,-1.0
1996-10-28,0.0,-0.8,-0.4,-0.4
1996-11-04,-0.3,0.0,-0.2,-0.1
1996-11-11,0.05,0.0,0.2,-0.2
1996-11-18,0.07,0.0,0.0,0.0
1996-11-25,0.2,0.0,0.3,-0.2
1996-12-02,0.1,0.0,-1.0,-0.9
1996-12-09,0.1,0.1,0.0,-0.1
1996-12-16,0.3,0.3,0.3,-0.3
1996-12-23,0.0,0.0,0.3,0.0
1996-12-30,0.0,0.0,0.0,0.0
1997-01-06,-0.0,-0.0,-0.0,-0.0
1997-01-13,0.04,0.0,-0.08,0.0
1997-01-20,0.3,0.3,0.0,0.0
1997-01-27,-0.1,0.4,-0.4,-0.2
1997-02-03,0.1,0.0,0.0,-0.1
1997-02-10,0.0,0.0,-0.4,0.0
1997-02-17,0.0,0.0,-0.4,-0.1
1997-02-24,0.0,0.0,0.0,0.0
1997-03-03,0.0,-0.1,-0.1,-0.2
1997-03-10,0.0,0.2,0.1,-0.8
1997-03-17,-0.4,-0.5,-0.3,-0.8
1997-03-24,-0.9,0.0,0.7,0.0
1997-03-31,0.175,0.3,0.45,-0.2
1997-04-07,0.0,0.0,0.0,0.0
1997-04-14,-0.1,-0.3,-0.2,-0.1
1997-04-21,0.05,0.3,0.0,-0.3
1997-04-28,-0.05,0.0,0.0,0.0
1997-05-05,-0.02,0.0,0.3,0.0
1997-05-12,0.0,0.0,-0.2,-0.3
1997-05-19,0.4,0.0,-0.2,0.0
1997-05-26,-0.1,0.2,0.0,0.0
1997-06-02,0.15,0.0,0.0,-0.1
1997-06-09,-0.2,0.0,-0.4,-0.2
1997-06-16,0.0,0.9,0.0,0.0
1997-06-23,0.0,0.3,0.0,0.0
1997-06-30,-0.15,-0.1,-0.15,-0.05
1997-07-07,0.1,0.3,0.3,0.0
1997-07-14,0.15,0.7,0.4,-0.2
1997-07-21,0.0,0.0,0.0,0.0
1997-07-28,0.05,0.0,0.0,0.0
1997-08-04,0.025,0.0,0.3,-1.0
1997-08-11,0.0,0.4,0.0,-0.1
1997-08-18,0.3,0.3,0.0,-0.2
1997-08-25,0.08,0.08,0.3,-0.05
1997-09-01,-0.3,-0.3,-0.3,-0.2
1997-09-08,0.0,0.2,0.0,-0.2
1997-09-15,0.25,0.0,0.0,0.0
1997-09-22,0.5,0.0,0.0,0.0
1997-09-29,0.1,-0.3,-0.3,-0.3
1997-10-06,0.4,-0.9,-0.2,0.9
1997-10-13,0.0,0.0,0.0,0.0
1997-10-20,-0.3,-0.1,-0.3,-0.1
1997-10-27,-0.1,0.7,0.4,-0.7
1997-11-03,0.0,0.0,0.0,0.0
1997-11-10,0.0,0.0,-0.1,0.2
1997-11-17,-0.7,0.4,0.2,-0.5
1997-11-24,0.35,-0.2,0.0,0.0
1997-12-01,0.35,0.9,0.2,-0.1
1997-12-08,-0.3,-0.5,0.2,-0.2
1997-12-15,-0.45,-0.8,-0.35,-0.8
1997-12-22,-0.2,-0.8,-0.5,-0.7
1997-12-29,0.7,0.7,0.2,0.0
1998-01-05,0.3,-0.2,0.0,0.0
1998-01-12,-0.3,0.3,0.3,0.0
1998-01-19,0.0,0.0,-0.3,-0.3
1998-01-26,0.1,-0.5,-0.7,-0.4
1998-02-09,0.2,0.0,-0.2,0.0
1998-02-16,-0.1,-0.3,0.0,-0.2
1998-02-23,0.3,0.5,-0.3,-0.2
1998-03-02,0.0,0.3,-0.2,-0.1
1998-03-09,0.1,-0.6,0.0,-0.6
1998-03-16,0.3,0.6,-0.2,-0.2
1998-03-23,0.0,-0.3,-0.3,0.0
1998-03-30,0.0,0.3,0.0,-0.2
1998-04-06,0.0,0.2,0.0,-0.1
1998-04-13,0.0,0.05,0.0,0.0
1998-04-20,0.0,-0.1,0.0,-0.1
1998-04-27,0.6,0.0,0.8,-0.3
1998-05-04,-0.6,-1.0,0.0,-0.8
1998-05-11,-0.3,0.3,-0.2,-0.2
1998-05-18,0.2,-0.5,-0.3,-0.2
1998-05-25,0.0,0.0,0.0,0.0
1998-06-01,-0.3,0.0,-0.7,-0.2
1998-06-08,0.0,-0.1,-0.3,-0.2
1998-06-15,-0.1,-0.4,-0.4,-0.4
1998-06-22,0.0,0.0,0.0,0.0
1998-06-29,0.0,0.0,0.3,0.0
1998-07-06,0.0,0.3,-0.3,0.0
1998-07-13,0.0,-1.0,0.0,-1.0
1998-07-20,0.0,0.0,-0.6,-0.3
1998-07-27,0.2,0.0,0.0,0.0
1998-08-03,0.0,-0.3,0.0,0.0
1998-08-10,0.0,0.0,-0.3,-0.3
1998-08-17,0.0,0.0,-0.1,0.0
1998-08-24,0.0,0.0,-0.3,1.0
1998-08-31,0.0,-0.6,-0.3,-0.6
1998-09-07,0.0,-0.3,-0.5,-0.2
1998-09-14,0.0,0.0,-0.2,0.0
1998-09-21,0.0,0.3,-0.1,-0.1
1998-09-28,-0.2,-0.5,0.3,-0.8
1998-10-05,0.0,-0.1,0.0,0.0
1998-10-12,0.0,0.2,-0.8,0.8
1998-10-19,0.3,0.7,0.0,-0.3
1998-10-26,0.0,0.0,0.0,0.0
1998-11-02,-0.05,0.1,-0.2,0.0
1998-11-09,0.0,0.0,0.0,0.0
1998-11-16,-0.2,0.4,-0.8,-0.4
1998-11-23,0.0,0.0,-0.8,-1.0
1998-11-30,0.3,-0.3,-0.3,-0.3
1998-12-07,0.0,0.0,-0.3,0.0
1998-12-14,0.7,0.2,-0.2,-0.1
1998-12-21,0.0,0.3,-0.3,0.0
1998-12-28,0.35,0.0,-0.25,0.0
1999-01-04,0.0,0.0,0.0,0.0
1999-01-11,-0.25,-0.8,-0.3,-0.8
1999-01-18,0.05,0.2,0.0,0.0
1999-01-25,-0.1,0.0,0.0,0.0
1999-02-01,-0.05,0.2,0.2,-0.2
1999-02-08,0.0,0.1,0.5,0.0
1999-02-15,0.0,0.0,-0.7,0.0
1999-02-22,-0.2,-0.1,-0.2,0.4
1999-03-01,-0.15,0.0,-0.1,0.0
1999-03-08,-0.1,0.0,-0.2,0.0
1999-03-15,0.0,-0.1,-0.1,-0.1
1999-03-22,0.0,0.0,-0.1,0.0
1999-03-29,0.0,0.0,0.0,0.0
1999-04-05,0.0,0.0,0.0,0.0
1999-04-12,-0.5,-0.8,-0.7,-0.1
1999-04-19,-0.25,0.0,-0.3,0.0
1999-04-26,0.125,0.0,0.175,-0.3
1999-05-03,0.0,0.9,0.09,-0.7
1999-05-10,0.0,0.1,0.0,0.0
1999-05-17,0.9,0.9,0.3,-0.1
1999-05-24,0.55,-0.3,0.0,0.0
1999-05-31,-0.2,0.2,-0.6,-0.3
1999-06-07,0.0,-0.3,-0.1,-0.1
1999-06-14,0.05,0.0,0.0,0.0
1999-06-21,0.0,0.0,-0.3,0.0
1999-06-28,0.1,0.0,0.3,0.0
1999-07-05,-1.0,0.3,-0.9,-0.6
1999-07-12,0.0,0.0,-0.1,0.0
1999-07-19,0.0,0.15,0.1,-0.1
1999-07-26,0.0,0.0,0.0,0.0
1999-08-02,0.0,0.0,0.0,-0.1
1999-08-09,-0.1,-0.1,-0.3,-0.1
1999-08-16,-0.7,-0.1,-0.3,-0.1
1999-08-23,0.7,0.5,0.3,0.1
1999-08-30,0.17,-0.2,-0.13,0.0
1999-09-06,0.3,0.3,0.8,0.0
1999-09-13,0.2,-0.2,-0.5,-0.5
1999-09-20,0.0,0.0,-0.3,0.0
1999-09-27,-0.3,-0.3,-0.3,-0.2
1999-10-04,0.0,0.0,-0.3,-1.0
1999-10-11,0.3,0.3,0.0,0.0
1999-10-18,0.15,0.2,0.0,-1.0
1999-10-25,0.3,0.0,-0.5,-0.2
1999-11-01,0.15,0.4,0.15,0.2
1999-11-08,0.1,0.1,-0.2,-0.1
1999-11-15,0.2,0.6,-0.9,-1.0
1999-11-22,0.0,0.0,0.0,0.0
1999-11-29,0.0,-0.7,0.0,-1.0
1999-12-06,0.0,-0.1,0.0,-0.1
1999-12-13,0.0,0.0,0.1,0.0
1999-12-20,0.5,0.2,0.8,-0.2
1999-12-27,0.0,0.0,0.0,0.0
2000-01-03,-0.2,-0.1,-0.9,-0.8
2000-01-10,0.0,0.3,0.0,-0.2
2000-01-17,0.3,0.0,0.3,0.0
2000-01-24,-0.2,-0.1,-0.5,-0.5
2000-01-31,0.4,-0.1,-0.2,0.5
2000-02-07,0.3,0.6,-0.3,-0.2
2000-02-14,-0.1,0.3,0.0,0.0
2000-02-21,0.0,0.0,0.0,0.0
2000-02-28,0.05,0.0,0.0,0.0
2000-03-06,0.0,0.0,0.0,0.0
2000-03-13,-0.2,0.0,0.0,0.0
2000-03-20,0.0,0.0,-0.1,0.0
2000-03-27,0.0,0.0,0.3,0.0
2000-04-03,0.9,0.5,0.3,-0.3
2000-04-10,0.0,0.0,-0.3,0.0
2000-04-24,0.0,0.0,-0.3,0.0
2000-05-01,0.3,0.3,0.3,-0.2
2000-05-08,0.6,0.5,0.3,0.6
2000-05-15,0.4,0.1,0.7,-0.1
2000-05-22,0.0,0.7,0.5,0.1
2000-05-29,-0.2,0.0,-0.3,0.0
2000-06-05,-0.3,0.3,-0.5,0.0
2000-06-12,-0.05,-0.2,0.6,-0.2
2000-06-19,0.0,0.0,-0.1,-0.3
2000-06-26,-0.45,-0.4,-0.4,-0.6
2000-07-03,0.0,0.2,-0.3,-0.2
2000-07-10,0.1,0.0,0.0,0.0
2000-07-17,0.0,0.0,-0.3,0.0
2000-07-24,0.0,0.0,0.3,0.0
2000-07-31,0.0,0.0,0.0,0.0
2000-08-07,0.4,0.8,-0.8,-0.4
2000-08-14,0.3,0.3,0.3,0.0
2000-08-21,0.3,0.7,0.0,-0.1
2000-08-28,0.0,-0.7,0.3,-0.3
2000-09-04,0.6,0.5,0.9,-0.1
2000-09-11,0.1,0.0,0.0,-1.0
2000-09-18,0.3,0.3,0.0,0.0
2000-09-25,0.3,0.3,-0.3,-0.3
2000-10-02,0.5,0.2,-0.2,0.0
2000-10-09,0.35,-0.4,-0.65,-0.4
2000-10-16,0.0,-0.3,0.0,-0.3
2000-10-23,0.35,0.4,-0.3,-0.8
2000-10-30,0.0,-0.1,-0.3,0.0
2000-11-06,0.2,1.0,0.0,-1.0
2000-11-13,0.0,0.0,0.0,0.0
2000-11-20,0.15,-0.1,-0.2,-0.1
2000-11-27,0.3,0.3,0.3,0.1
2000-12-04,-1.0,0.3,0.0,-1.0
2000-12-11,-0.5,0.1,-0.1,0.0
2000-12-18,-0.2,0.0,0.2,-0.1
2000-12-25,0.0,0.0,0.0,0.0
2001-01-01,-0.7,-0.7,-1.0,0.3
2001-01-08,0.1,0.0,-0.2,-0.1
2001-01-15,0.0,-0.23,-0.45,-0.3
2001-01-22,0.0,-0.3,-0.65,-0.4
2001-01-29,0.0,-0.2,-0.2,-0.2
2001-02-05,0.3,0.3,-0.3,-0.3
2001-02-12,0.0,0.0,0.0,0.0
2001-02-19,0.0,0.0,0.0,0.0
2001-02-26,0.0,0.0,0.0,0.2
2001-03-05,0.7,0.3,-0.7,-0.3
2001-03-12,0.3,-0.4,-0.7,-0.3
2001-03-19,0.0,0.0,0.0,0.0
2001-03-26,0.0,0.0,0.0,0.0
2001-04-02,0.0,-0.5,-0.3,0.1
2001-04-09,0.0,-0.3,-0.1,0.0
2001-04-16,0.1,-0.4,-0.2,-0.8
2001-04-23,-0.8,-0.3,-0.7,-0.4
2001-04-30,0.0,0.1,0.1,-0.1
2001-05-07,0.0,-1.0,-1.0,-0.3
2001-05-14,0.2,0.2,0.0,-0.1
2001-05-21,0.05,0.0,0.0,0.0
2001-05-28,0.3,0.0,0.3,-0.3
2001-06-04,0.0,-0.4,-0.7,-0.3
2001-06-11,0.0,0.0,-0.7,0.0
2001-06-18,0.4,0.8,-1.0,0.6
2001-06-25,0.2,0.4,1.0,-0.2
2001-07-02,0.1,0.6,-0.8,0.0
2001-07-09,0.0,0.0,0.0,0.0
2001-07-16,0.2,0.2,-0.1,-0.1
2001-07-23,0.0,0.3,0.6,-0.8
2001-07-30,-0.4,-0.5,-0.4,-0.4
2001-08-06,0.0,-0.3,0.0,0.0
2001-08-13,0.5,0.2,0.7,0.1
2001-08-20,0.0,-0.7,0.3,-0.2
2001-08-27,0.05,0.0,0.0,0.0
2001-09-03,0.0,-0.4,-0.4,-0.4
2001-09-10,0.0,-0.2,-0.2,0.1
2001-09-17,-0.6,-0.6,-1.0,0.2
2001-09-24,0.0,0.4,-0.2,-0.2
2001-10-01,0.0,0.0,-0.2,0.0
2001-10-08,0.3,-0.3,-0.9,-0.3
2001-10-15,0.0,0.0,0.0,0.0
2001-10-22,0.0,0.2,0.0,0.0
2001-10-29,0.0,0.0,-0.3,0.0
2001-11-05,-0.7,-0.7,-0.6,-0.7
2001-11-12,-0.35,-0.0,-0.0,-0.0
2001-11-19,0.0,0.3,-0.3,0.0
2001-11-26,0.0,-1.0,-0.15,-1.0
2001-12-03,0.0,-0.8,-0.9,-0.3
2001-12-10,0.0,0.3,-0.3,-0.3
2001-12-17,-0.8,-0.3,-0.3,-0.2
2001-12-24,-0.7,-0.5,-0.7,-0.8
2001-12-31,-0.8,-0.7,-0.5,-0.4
2002-01-07,-0.3,-0.2,0.0,-0.2
2002-01-14,0.9,-0.1,1.0,-0.8
2002-01-21,0.4,0.2,0.8,0.1
2002-01-28,-0.1,0.5,-0.2,0.0
2002-02-04,-0.2,-0.2,-0.2,-0.2
2002-02-11,-0.45,-0.9,-0.45,-0.5
2002-02-18,-0.1,0.4,-0.2,-0.2
2002-02-25,0.0,0.0,0.0,0.0
2002-03-04,-0.2,-0.1,-0.8,-0.3
2002-03-11,0.1,0.0,0.6,0.0
2002-03-18,0.3,0.7,0.3,-0.2
2002-03-25,0.3,0.0,-0.3,-0.3
2002-04-01,0.45,0.6,-0.2,-0.4
2002-04-08,0.65,0.25,-0.5,-0.25
2002-04-15,-0.1,-0.3,-1.0,-0.3
2002-04-22,-0.1,0.0,0.0,0.0
2002-04-29,0.1,0.1,-0.2,-0.1
2002-05-06,-0.7,-0.7,-0.2,-0.9
2002-05-13,-0.1,-0.4,0.0,0.0
2002-05-20,0.0,0.3,0.0,-0.2
2002-05-27,-0.2,-0.5,0.0,-0.2
2002-06-03,-0.5,-0.8,-0.8,-0.5
2002-06-10,0.0,-0.3,-0.2,0.0
2002-06-17,0.3,-0.3,-0.8,-0.8
2002-06-24,0.8,0.8,-0.8,-0.3
2002-07-01,0.0,-0.3,-0.8,-0.5
2002-07-08,-0.2,-0.2,-0.8,0.2
2002-07-15,-0.2,0.3,0.7,-0.7
2002-07-22,-0.1,-0.5,-0.7,0.5
2002-07-29,0.0,0.0,0.3,0.0
2002-08-05,0.0,-0.8,-0.5,0.0
2002-08-12,-0.4,0.1,-0.5,-0.2
2002-08-19,0.15,0.3,0.3,-0.2
2002-08-26,0.05,0.0,0.05,0.0
2002-09-02,0.05,0.2,-0.5,-0.1
2002-09-09,1.0,1.0,0.9,-1.0
2002-09-16,0.4,-0.7,-0.5,0.0
2002-09-23,0.4,0.3,0.9,-0.3
2002-09-30,-0.8,-0.2,-1.0,-0.5
2002-10-07,0.0,0.2,0.0,-0.2
2002-10-14,0.0,0.0,-0.3,0.0
2002-10-21,0.0,-0.7,-0.3,-0.4
2002-10-28,-0.15,0.05,-0.15,-0.05
2002-11-04,0.1,0.0,-0.5,0.0
2002-11-11,0.1,0.2,0.2,-0.05
2002-11-18,0.0,0.0,-0.3,0.0
2002-11-25,-0.2,0.0,-0.2,0.0
2002-12-02,-0.2,0.0,-0.1,-0.1
2002-12-09,0.0,0.2,-0.2,0.0
2002-12-16,-0.1,0.0,0.0,-0.1
2002-12-23,-0.1,0.0,-0.1,0.0
2002-12-30,0.0,0.0,-0.3,0.0
2003-01-06,-0.1,-0.1,-0.1,-0.1
2003-01-13,0.0,0.0,-0.1,0.0
2003-01-20,-0.1,0.0,-0.2,0.0
2003-01-27,-0.2,-0.1,-0.3,-0.2
2003-02-03,0.0,0.5,1.0,-0.5
2003-02-10,0.0,0.0,0.3,0.0
2003-02-17,0.0,0.0,-0.3,0.0
2003-02-24,0.0,-0.3,0.0,-0.3
2003-03-03,-0.3,-0.3,-0.3,-0.3
2003-03-10,0.0,0.0,-0.1,0.0
2003-03-17,0.0,-0.3,-0.3,-0.3
2003-03-24,-0.2,-0.2,0.1,-0.1
2003-03-31,-0.2,-0.1,0.2,-0.1
2003-04-07,-0.3,0.2,-0.4,-0.3
2003-04-14,-0.2,0.0,0.2,0.0
2003-04-21,0.0,0.0,-0.3,0.0
2003-04-28,0.3,0.3,1.0,-0.3
2003-05-05,0.0,0.0,-0.3,0.0
2003-05-12,0.0,0.2,-0.4,-0.5
2003-05-19,-0.7,0.2,-1.0,0.7
2003-05-26,-0.5,0.0,-0.3,0.0
2003-06-02,0.0,0.0,0.6,-0.2
2003-06-09,0.0,0.3,0.2,0.0
2003-06-16,0.3,0.2,-0.4,-0.1
2003-06-23,0.15,0.3,-0.3,0.0
2003-06-30,0.0,0.0,0.0,0.0
2003-07-07,-0.5,-0.5,-1.0,0.0
2003-07-14,-0.35,0.0,-0.8,0.0
2003-07-21,-0.2,-0.8,-0.2,-0.2
2003-07-28,0.05,1.0,-1.0,-1.0
2003-08-04,0.05,0.0,-0.3,-0.2
2003-08-11,0.0,0.0,0.0,0.0
2003-08-18,0.9,0.7,-0.3,-0.2
2003-08-25,0.45,0.0,0.3,0.0
2003-09-01,0.6,0.2,-0.7,-0.2
2003-09-08,-0.6,-0.2,-0.6,-0.7
2003-09-15,-0.2,0.1,0.2,0.0
2003-09-22,0.2,-0.1,-0.2,-0.1
2003-09-29,0.1,0.1,-0.3,0.0
2003-10-06,0.05,0.2,0.0,0.0
2003-10-13,-0.3,-0.7,-0.3,-0.4
2003-10-20,-0.2,0.2,0.2,-0.2
2003-10-27,0.2,0.2,0.2,0.0
2003-11-03,0.2,0.6,0.1,-0.1
2003-11-10,0.3,0.3,0.0,0.0
2003-11-17,-0.2,-0.1,-0.05,-0.1
2003-11-24,0.3,0.0,-0.3,-0.2
2003-12-01,0.0,0.0,-0.3,0.0
2003-12-08,0.1,0.0,-0.3,0.0
2003-12-15,0.0,0.0,-0.3,0.0
2003-12-22,0.3,0.9,-0.7,-0.5
2004-01-05,0.0,0.0,-0.1,0.0
2004-01-12,0.0,0.0,0.0,0.0
2004-01-19,-0.5,0.2,-0.5,0.0
2004-01-26,0.1,0.1,-0.4,-0.1
2004-02-02,0.15,0.3,0.0,-0.4
2004-02-09,0.0,0.0,-0.1,0.0
2004-02-16,0.6,0.8,0.7,-0.2
2004-02-23,0.3,-0.2,-0.8,0.0
2004-03-01,0.3,0.3,0.5,0.0
2004-03-08,-0.2,-0.1,-0.1,-0.2
2004-03-15,-0.25,-0.25,-0.75,-0.25
2004-03-22,0.2,0.8,0.4,-0.1
2004-03-29,0.0,0.0,-0.3,-0.1
2004-04-05,0.0,0.0,0.0,0.0
2004-04-12,0.7,0.6,0.8,0.5
2004-04-19,0.45,0.1,0.8,-0.2
2004-04-26,0.3,0.3,0.1,-0.5
2004-05-03,0.3,0.3,0.6,-1.0
2004-05-10,0.0,0.0,-0.1,0.0
2004-05-17,0.0,0.0,-0.5,-0.2
2004-05-24,0.0,0.0,0.3,-0.2
2004-05-31,0.3,0.9,0.3,-0.2
2004-06-07,0.0,0.3,0.0,-0.3
2004-06-14,0.0,0.0,-0.3,0.0
2004-06-21,0.3,0.3,0.6,-0.2
2004-06-28,0.6,0.5,0.65,-0.2
2004-07-05,0.0,0.0,-0.3,0.0
2004-07-12,0.03,0.0,-0.03,0.0
2004-07-19,0.2,0.2,0.0,-0.2
2004-07-26,0.0,0.0,-0.3,0.0
2004-08-02,0.0,0.0,0.0,0.0
2004-08-09,0.0,0.0,0.0,0.0
2004-08-16,-0.2,-0.1,0.2,0.0
2004-08-23,-0.2,0.0,0.2,-0.1
2004-08-30,-0.2,0.2,0.2,-0.2
2004-09-06,0.9,0.1,0.6,0.0
2004-09-13,0.0,0.0,0.2,0.0
2004-09-20,0.1,0.3,0.0,-0.1
2004-09-27,0.0,0.0,0.0,-0.2
2004-10-04,0.15,-0.1,0.3,-0.2
2004-10-11,0.0,0.0,0.0,0.0
2004-10-18,0.3,0.3,0.4,-0.2
2004-10-25,0.0,0.0,-0.3,0.0
2004-11-01,0.35,0.3,0.7,0.0
2004-11-08,0.2,-0.2,0.6,0.0
2004-11-15,0.0,0.2,-0.2,-0.5
2004-11-22,0.1,0.0,-0.2,0.0
2004-11-29,0.0,0.0,0.0,0.0
2004-12-13,0.0,0.0,0.3,0.0
2004-12-20,0.0,0.0,-0.7,0.0
2004-12-27,0.3,0.3,0.3,-0.2
2005-01-03,-0.1,0.0,0.0,0.0
2005-01-10,-0.05,-0.2,0.05,-0.2
2005-01-17,0.0,0.1,0.1,0.0
2005-01-24,0.3,0.3,0.3,-0.2
2005-01-31,0.3,0.3,-0.3,0.0
2005-02-07,-0.3,-0.2,0.2,-0.1
2005-02-14,0.0,0.0,0.0,0.0
2005-02-21,0.0,0.0,0.0,0.1
2005-02-28,0.6,0.0,0.0,0.0
2005-03-07,0.0,0.0,0.3,0.0
2005-03-14,0.0,-0.5,0.0,-0.2
2005-03-21,0.1,0.0,0.0,0.2
2005-03-28,0.0,0.0,-0.2,0.0
2005-04-04,0.0,0.0,0.0,0.0
2005-04-11,0.0,0.0,0.0,0.0
2005-04-18,0.0,0.2,0.0,0.0
2005-04-25,0.1,0.2,0.4,-0.1
2005-05-02,0.1,0.0,-0.3,0.5
2005-05-09,0.05,0.0,0.0,0.0
2005-05-16,0.6,0.6,-0.2,-0.6
2005-05-23,0.43,0.4,0.0,-0.1
2005-05-30,0.0,0.1,0.0,0.0
2005-06-06,0.0,0.0,0.0,0.0
2005-06-13,0.1,0.0,0.0,0.0
2005-06-20,-0.3,0.3,0.0,-0.3
2005-06-27,0.3,0.6,0.0,-0.2
2005-07-04,0.0,0.2,0.0,-0.1
2005-07-11,0.0,0.0,0.0,0.0
2005-07-18,0.0,0.55,0.0,-0.1
2005-07-25,0.1,0.0,0.0,0.0
2005-08-01,0.0,-0.2,0.0,0.0
2005-08-08,0.0,0.2,0.0,-0.1
2005-08-15,0.0,0.3,0.0,0.0
2005-08-22,0.375,0.9,0.4,0.4
2005-08-29,0.19,-0.1,-0.5,0.0
2005-09-05,0.58,0.5,0.42,0.2
2005-09-12,-0.4,-0.1,0.4,0.0
2005-09-19,0.0,0.0,-0.4,0.0
2005-09-26,-0.3,0.0,0.0,-0.1
2005-10-03,-0.15,0.75,0.0,0.0
2005-10-10,0.2,0.3,0.9,-0.2
2005-10-17,0.35,0.0,0.0,0.0
2005-10-24,-0.3,0.0,-0.5,0.0
2005-10-31,-0.1,0.0,0.0,-0.1
2005-11-07,0.2,-0.7,-0.3,-0.5
2005-11-14,0.0,0.0,0.3,0.0
2005-11-21,-0.3,0.3,0.3,-0.3
2005-11-28,0.0,0.0,0.0,0.0
2005-12-05,0.0,0.0,0.0,0.0
2005-12-12,-0.1,0.0,-0.1,-0.3
2005-12-19,0.2,0.3,0.3,-0.2
2005-12-26,0.1,-0.3,0.0,0.0
2006-01-02,0.3,0.3,0.0,-0.3
2006-01-09,0.05,0.0,0.0,0.0
2006-01-16,0.05,0.3,0.0,0.1
2006-01-23,0.0,0.0,0.0,0.2
2006-01-30,0.0,0.1,0.0,-0.2
2006-02-06,0.0,0.0,0.0,0.0
2006-02-13,0.15,0.65,0.0,-0.2
2006-02-20,-0.3,-0.1,-0.2,-0.1
2006-02-27,0.0,0.0,-0.2,0.0
2006-03-06,-0.15,0.0,0.0,0.0
2006-03-13,0.0,0.0,0.0,0.0
2006-03-20,0.35,0.6,0.75,0.3
2006-03-27,0.0,0.15,-0.1,-0.1
2006-04-03,0.4,0.6,-0.8,-0.4
2006-04-10,0.2,0.2,0.3,-0.2
2006-04-17,0.2,0.0,0.0,-0.1
2006-04-24,0.5,-0.2,0.8,-0.3
2006-05-01,0.0,0.1,-0.1,-0.1
2006-05-08,0.3,0.0,0.0,0.0
2006-05-15,0.05,0.0,0.05,0.0
2006-05-22,0.25,-0.6,-0.4,-0.4
2006-05-29,0.4,0.0,-0.3,-0.2
2006-06-05,0.0,-0.3,0.0,-0.1
2006-06-12,0.0,0.0,0.0,0.0
2006-06-19,0.0,0.0,-0.1,0.0
2006-06-26,0.0,0.0,-0.3,-0.2
2006-07-03,0.0,0.0,-0.3,0.0
2006-07-10,0.1,-0.2,-0.2,-0.3
2006-07-17,-0.3,0.7,0.5,-0.5
2006-07-24,0.1,0.9,0.5,-0.1
2006-07-31,-0.1,-1.0,0.7,-0.8
2006-08-07,-0.15,-0.1,-0.1,0.0
2006-08-14,-0.05,0.0,-0.15,0.0
2006-08-21,0.0,0.0,-0.2,0.0
2006-08-28,0.2,0.0,0.0,-1.0
2006-09-04,0.0,0.0,0.0,0.0
2006-09-11,0.0,0.0,0.0,0.0
2006-09-18,0.0,0.2,0.0,0.0
2006-09-25,0.0,0.2,0.7,-0.1
2006-10-02,-0.05,0.3,0.2,0.0
2006-10-09,0.0,0.0,0.0,-0.0
2006-10-16,-0.05,-0.2,-0.7,-0.7
2006-10-23,0.3,-0.3,-0.3,0.3
2006-10-30,0.15,0.0,-0.45,0.0
2006-11-06,0.6,0.1,0.6,-0.1
2006-11-13,0.0,0.0,0.2,0.0
2006-11-20,0.0,0.0,0.0,-0.2
2006-11-27,0.0,0.0,-0.1,0.0
2006-12-04,0.0,0.0,0.0,-0.6
2006-12-11,-0.5,-0.5,-0.1,-0.1
2006-12-18,0.6,0.2,-0.4,-0.4
2006-12-25,0.2,-0.5,-0.2,-0.5
2007-01-01,0.0,0.0,0.0,0.0
2007-01-08,0.0,0.0,0.0,0.0
2007-01-15,-0.2,0.2,-0.5,0.0
2007-01-22,0.0,0.3,-0.1,-0.1
2007-01-29,0.0,0.7,-0.6,-0.3
2007-02-05,-0.1,-0.1,0.0,0.0
2007-02-12,0.0,0.2,0.8,-0.1
2007-02-19,0.6,0.2,-0.2,0.0
2007-02-26,0.1,0.0,-0.3,0.3
2007-03-05,0.35,0.2,0.0,-0.2
2007-03-12,0.0,0.0,0.0,0.0
2007-03-19,0.0,-0.1,0.0,-0.1
2007-03-26,0.5,0.0,0.4,-0.2
2007-04-02,0.25,0.0,0.2,0.0
2007-04-09,0.33,0.3,0.0,-0.0
2007-04-16,0.6,0.3,-0.3,-0.2
2007-04-23,0.0,0.0,0.0,-0.1
2007-04-30,0.0,0.1,0.0,0.0
2007-05-07,0.0,0.0,0.0,0.0
2007-05-14,0.0,0.0,-0.4,0.0
2007-05-21,0.0,0.0,-0.3,0.0
2007-05-28,-0.05,0.0,0.0,-0.05
2007-06-04,0.1,0.2,0.15,0.4
2007-06-11,0.05,0.1,0.1,0.4
2007-06-18,0.05,0.6,0.6,-0.1
2007-06-25,0.3,0.7,0.0,-0.3
2007-07-02,0.15,0.0,0.0,0.0
2007-07-09,0.0,0.0,0.0,0.0
2007-07-16,0.05,0.0,-0.1,-0.1
2007-07-23,0.025,0.3,-0.3,-0.1
2007-07-30,-0.3,-0.3,0.0,0.7
2007-08-06,0.0,1.0,0.3,-1.0
2007-08-13,0.0,0.7,0.0,0.0
2007-08-20,-0.2,-0.4,-0.6,-0.2
2007-08-27,-0.2,-0.2,-0.1,-0.1
2007-09-03,-0.1,-0.3,-0.3,-0.3
2007-09-10,-0.1,-0.1,-0.7,-0.3
2007-09-17,0.0,0.0,0.0,0.0
2007-09-24,0.0,0.2,0.0,0.0
2007-10-01,0.3,0.3,-0.3,-0.3
2007-10-08,0.5,0.5,0.0,0.0
2007-10-15,0.0,-0.4,0.0,-0.2
2007-10-22,0.05,-0.4,-0.2,-0.2
2007-10-29,0.0,0.0,-0.3,-0.2
2007-11-05,0.05,0.2,-0.3,0.0
2007-11-12,0.4,-0.2,0.2,-0.1
2007-11-19,0.2,-0.5,0.0,0.0
2007-11-26,-0.4,-0.5,-0.6,0.5
2007-12-03,0.0,-0.5,-0.5,-0.5
2007-12-10,0.1,0.2,0.5,-0.2
2007-12-17,0.1,-0.8,-0.5,-0.8
2007-12-24,0.1,-0.1,0.2,-0.1
2007-12-31,-0.2,0.0,0.0,-0.1
2008-01-07,-0.2,-0.7,-0.3,0.2
2008-01-14,-0.1,0.0,0.0,0.0
2008-01-21,0.1,0.1,0.0,-0.1
2008-01-28,0.1,0.3,0.3,0.0
2008-02-04,0.0,0.2,-0.2,-0.2
2008-02-11,0.0,-0.5,-0.3,-0.3
2008-02-18,0.0,-0.1,0.0,0.0
2008-02-25,0.0,0.0,-0.1,0.0
2008-03-03,-0.2,-0.2,0.0,-0.2
2008-03-10,0.0,-0.2,0.8,-0.5
2008-03-17,0.0,-1.0,-0.8,-0.9
2008-03-24,0.3,0.0,0.0,-0.2
2008-03-31,0.2,0.0,0.0,0.0
2008-04-07,0.0,0.0,0.0,0.0
2008-04-14,0.0,-0.3,-0.4,-0.5
2008-04-21,0.05,0.0,-0.3,0.0
2008-04-28,0.0,-0.3,-0.8,-0.3
2008-05-05,0.0,0.0,0.0,0.0
2008-05-12,0.0,0.0,0.0,0.0
2008-05-19,0.0,0.0,0.0,0.0
2008-05-26,0.0,0.0,0.0,0.0
2008-06-02,0.0,0.0,0.0,0.0
2008-06-09,0.1,0.0,0.0,-0.3
2008-06-16,0.0,0.0,0.0,-0.1
2008-06-23,0.1,0.0,0.0,0.0
2008-06-30,0.0,-0.5,0.0,0.5
2008-07-07,0.0,-0.3,0.3,-0.3
2008-07-14,0.3,0.0,-0.4,-0.1
2008-07-21,0.15,-0.3,-0.3,-0.3
2008-07-28,0.0,-0.1,0.0,-0.1
2008-08-04,0.0,-0.5,-0.5,-0.3
2008-08-11,0.4,-0.3,0.2,-0.2
2008-08-18,0.0,0.0,0.0,0.0
2008-08-25,0.0,0.0,0.0,0.0
2008-09-01,0.005,0.0,0.005,0.0
2008-09-08,0.0,-0.1,0.0,0.0
2008-09-15,0.0,-0.8,0.0,-0.3
2008-09-22,0.0,-0.8,-0.4,-0.5
2008-09-29,-0.1,0.0,-0.5,0.0
2008-10-06,0.0,-0.8,-0.8,-0.8
2008-10-13,0.0,-0.4,-0.2,-0.8
2008-10-20,0.0,-1.0,0.3,0.3
2008-10-27,0.0,-0.5,-0.2,-0.5
2008-11-03,-0.5,-0.8,-0.5,-0.5
2008-11-10,-0.25,-0.5,-0.5,-0.5
2008-11-17,0.075,-0.7,-0.825,-1.0
2008-11-24,0.0,0.0,0.0,0.0
2008-12-01,0.0,-0.7,0.0,-0.7
2008-12-08,0.0,0.6,0.3,-1.0
2008-12-15,-0.2,-0.1,0.4,-0.3
2008-12-22,-0.4,-1.0,-0.8,-0.6
2008-12-29,0.0,0.0,-0.3,-0.6
2009-01-05,0.0,0.0,-0.5,-0.5
2009-01-12,0.0,-0.8,-0.8,-0.4
2009-01-19,0.0,0.0,0.0,0.0
2009-01-26,-0.4,-0.7,0.4,0.6
2009-02-02,0.0,-0.1,0.0,-0.1
2009-02-09,-0.2,-0.2,0.15,-0.4
2009-02-16,-0.1,-0.5,-0.9,-0.5
2009-02-23,0.0,-0.3,-0.6,-0.3
2009-03-02,0.0,-0.1,0.0,-0.1
2009-03-09,-0.1,-0.4,-0.2,-0.3
2009-03-16,-0.05,0.7,-0.2,0.7
2009-03-23,-0.05,0.3,0.0,-0.3
2009-03-30,0.3,0.8,0.0,-0.5
2009-04-06,0.08,-0.4,0.0,-0.4
2009-04-13,0.0,-0.6,-0.3,-0.3
2009-04-20,0.3,0.3,0.3,-0.3
2009-04-27,0.0,0.0,0.3,0.0
2009-05-04,-0.05,-1.0,-1.0,-1.0
2009-05-11,0.0,-0.4,0.0,-0.1
2009-05-18,-0.5,-0.7,-0.5,0.0
2009-05-25,0.0,0.3,0.0,0.0
2009-06-01,0.15,0.3,0.0,0.3
2009-06-08,0.0,0.2,0.0,-0.2
2009-06-15,0.0,0.0,0.0,0.0
2009-06-22,-0.2,-0.9,-0.4,-0.2
2009-06-29,0.0,-0.3,-0.3,-0.3
2009-07-06,0.0,-0.6,0.0,0.4
2009-07-13,0.0,0.0,0.0,0.0
2009-07-20,0.0,0.0,-0.1,0.0
2009-07-27,0.45,0.1,-0.2,-0.15
2009-08-03,0.2,0.2,0.2,-0.1
2009-08-10,0.0,0.6,0.3,-0.1
2009-08-17,0.0,0.5,-0.6,-0.35
2009-08-24,0.0,0.0,0.1,-0.2
2009-08-31,0.2,0.3,-0.3,-0.1
2009-09-07,0.05,-0.7,-0.8,-0.5
2009-09-14,0.15,0.17,-0.1,-0.13
2009-09-21,0.5,0.4,0.67,-0.25
2009-09-28,0.17,-0.7,-0.5,-0.4
2009-10-05,0.3,0.0,0.0,0.0
2009-10-12,-0.8,0.1,-0.8,-0.7
2009-10-19,0.1,0.1,0.0,-0.1
2009-10-26,0.0,0.0,-0.4,0.0
2009-11-02,-0.1,0.0,-0.5,-0.1
2009-11-09,-0.2,-0.2,-0.5,-0.4
2009-11-16,0.1,-0.2,-0.4,-0.2
2009-11-23,0.05,0.2,0.0,-0.1
2009-11-30,0.0,0.1,-0.2,0.0
2009-12-07,0.05,0.0,-0.4,-0.2
2009-12-14,0.0,0.0,-0.1,0.0
2009-12-21,-0.15,-0.3,0.0,-0.3
2009-12-28,-0.125,-0.5,-0.025,-0.5
2010-01-04,-0.1,-0.3,-0.1,-0.2
2010-01-11,0.0,-0.5,0.1,-0.3
2010-01-18,-0.05,0.0,0.05,0.0
2010-01-25,0.0,-0.1,-0.2,-0.1
2010-02-01,0.005,0.0,0.0,0.0
2010-02-08,0.0,0.0,-0.1,0.0
2010-02-15,0.0,0.0,0.0,0.0
2010-02-22,0.1,0.0,-0.4,-0.2
2010-03-01,-0.1,0.0,0.0,0.0
2010-03-08,0.0,0.2,0.0,0.0
2010-03-15,0.0,0.0,-0.2,0.0
2010-03-22,0.0,0.1,-0.2,0.0
2010-03-29,0.0,0.1,-0.6,-0.5
2010-04-05,-0.6,-0.6,-0.6,-0.1
2010-04-12,0.6,0.1,0.5,0.0
2010-04-19,0.2,0.0,0.0,0.0
2010-04-26,-0.4,0.0,-0.7,-0.2
2010-05-03,-0.2,-0.2,-0.2,-0.2
2010-05-10,-0.1,0.0,-0.2,0.0
2010-05-17,0.0,0.0,0.6,0.0
2010-05-24,0.1,0.0,0.0,0.0
2010-05-31,0.0,0.0,0.0,0.0
2010-06-07,0.0,0.0,-0.2,-0.2
2010-06-14,0.0,0.0,0.0,0.0
2010-06-21,0.0,0.0,0.0,0.0
2010-06-28,0.0,0.0,0.0,0.0
2010-07-05,0.0,0.0,0.0,0.0
2010-07-12,0.5,0.5,0.2,0.0
2010-07-19,0.275,0.0,0.0,0.0
2010-07-26,0.4,0.3,-0.6,-0.5
2010-08-02,0.0,-0.6,-0.6,-0.2
2010-08-09,0.1,-0.3,-0.4,0.5
2010-08-16,-0.4,0.0,-1.0,0.0
2010-08-23,-0.2,0.0,0.0,0.0
2010-08-30,-0.3,-0.75,-1.0,-0.5
2010-09-06,0.15,0.15,0.0,0.0
2010-09-13,0.1,0.0,0.0,0.0
2010-09-20,0.3,0.3,-0.5,-0.2
2010-09-27,0.0,0.0,0.1,0.0
2010-10-04,0.0,0.1,0.1,0.0
2010-10-11,0.65,-0.15,0.75,-0.2
2010-10-18,0.0,-0.3,0.3,0.0
2010-10-25,0.0,0.3,0.5,-0.3
2010-11-01,0.35,0.6,1.0,-0.2
2010-11-08,-0.3,-0.3,0.0,-0.2
2010-11-15,0.05,-0.2,-0.25,0.0
2010-11-22,-0.1,0.7,0.7,-0.4
2010-11-29,0.2,0.1,-0.05,0.1
2010-12-06,0.0,0.0,-0.3,0.0
2010-12-13,0.3,0.3,0.3,-0.2
2010-12-20,0.0,0.0,-0.3,-0.1
2010-12-27,0.0,0.0,0.6,0.0
2011-01-03,0.0,0.4,0.2,0.3
2011-01-10,0.0,0.6,0.0,0.0
2011-01-17,0.0,0.0,-0.4,-0.1
2011-01-24,0.0,0.0,-0.2,0.0
2011-01-31,0.03,0.15,-0.15,-0.1
2011-02-07,0.0,0.0,0.0,0.0
2011-02-14,0.0,0.0,-0.1,0.2
2011-02-21,0.0,-0.1,0.0,-0.2
2011-02-28,0.0,0.0,-0.1,0.0
2011-03-07,0.0,0.1,0.0,-0.1
2011-03-14,-0.05,0.0,0.0,0.0
2011-03-21,0.1,0.0,0.1,0.0
2011-03-28,-0.1,-0.1,0.5,0.0
2011-04-04,0.6,0.2,0.1,-0.8
2011-04-11,0.2,0.0,0.0,0.0
2011-04-18,-0.05,0.0,0.2,0.0
2011-04-25,0.015,0.0,0.075,0.0
2011-05-02,0.01,0.0,0.8,0.0
2011-05-09,0.0,0.0,0.0,0.0
2011-05-16,0.4,0.0,0.4,0.0
2011-05-23,-0.1,-0.1,-0.1,0.0
2011-05-30,-0.05,0.0,-0.05,0.0
2011-06-06,0.04,0.04,0.04,-0.03
2011-06-13,0.3,0.3,0.6,0.0
2011-06-20,0.0,-0.3,-0.3,0.0
2011-06-27,-0.1,0.0,0.2,0.0
2011-07-04,0.1,0.7,0.5,-0.1
2011-07-11,0.0,0.0,-0.3,0.0
2011-07-18,-0.05,0.0,-0.05,0.0
2011-07-25,0.15,0.15,-0.35,0.0
2011-08-01,0.05,0.0,-0.1,-0.1
2011-08-08,-0.15,0.3,-0.25,0.8
2011-08-15,0.0,0.0,0.0,0.0
2011-08-22,0.15,0.0,0.0,0.0
2011-08-29,0.7,0.0,-0.3,-0.1
2011-09-05,0.15,-0.2,0.0,-0.2
2011-09-12,-0.2,0.0,0.1,0.0
2011-09-19,0.0,-0.5,0.0,-0.5
2011-09-26,0.0,-0.8,-0.7,-0.2
2011-10-03,0.2,0.3,0.2,-0.2
2011-10-10,0.2,-0.4,0.0,0.0
2011-10-17,0.0,0.0,0.0,0.0
2011-10-24,0.0,0.0,-0.3,0.0
2011-10-31,0.0,0.0,-0.3,0.0
2011-11-07,-0.2,0.2,-0.4,-0.1
2011-11-14,0.0,0.0,0.0,0.0
2011-11-21,-0.1,-0.4,0.0,-0.4
2011-11-28,0.0,-0.3,-0.3,-0.2
2011-12-05,-0.5,-0.7,-1.0,-0.8
2011-12-12,-0.05,0.01,0.2,-0.1
2011-12-19,0.0,0.3,-0.3,0.0
2011-12-26,-0.2,0.0,-0.2,-0.2
2012-01-02,0.3,0.3,-0.6,-0.3
2012-01-09,0.3,0.0,0.3,-0.3
2012-01-16,0.3,0.0,0.3,0.0
2012-01-23,0.3,0.4,0.4,0.0
2012-01-30,0.0,0.0,0.0,0.0
2012-02-06,0.1,0.0,0.1,-0.1
2012-02-13,0.0,0.0,0.0,0.0
2012-02-20,-0.1,0.1,-0.2,-0.1
2012-02-27,0.0,-0.3,-0.3,0.0
2012-03-05,0.0,0.0,0.3,-0.2
2012-03-12,0.1,-1.0,0.1,-0.1
2012-03-19,0.0,0.0,0.0,0.0
2012-03-26,0.1,0.0,0.4,0.0
2012-04-02,0.0,0.3,0.0,0.0
2012-04-09,0.05,-0.2,-0.3,-0.3
2012-04-16,0.0,0.0,0.0,0.0
2012-04-23,0.025,-0.05,-0.05,0.2
2012-04-30,0.0,0.0,0.0,0.0
2012-05-07,0.3,-0.3,-0.7,-0.2
2012-05-14,0.15,-0.1,-0.2,-0.1
2012-05-21,0.0,0.0,-0.0,-1.0
2012-05-28,0.1,-1.0,-0.05,-0.5
2012-06-04,0.1,-0.3,-0.7,-0.2
2012-06-11,-0.1,0.1,-0.3,0.0
2012-06-18,0.3,0.3,0.6,0.0
2012-06-25,0.0,0.0,0.0,0.0
2012-07-02,0.05,0.0,0.1,-0.3
2012-07-09,0.0,0.0,0.0,0.0
2012-07-16,0.005,0.0,-0.05,0.0
2012-07-23,0.0,0.0,-0.2,-0.2
2012-07-30,0.0,-0.3,-0.3,-0.3
2012-08-06,0.0,0.0,-0.3,0.0
2012-08-13,0.5,0.2,-0.5,0.0
2012-08-20,0.0,0.0,-0.2,0.0
2012-08-27,0.0,0.3,0.3,-0.3
2012-09-03,0.0,0.0,0.5,0.5
2012-09-10,0.2,0.2,0.2,-0.1
2012-09-17,0.0,0.0,-0.5,0.0
2012-09-24,0.0,0.0,0.0,0.0
2012-10-01,0.0,-0.2,0.0,-0.2
2012-10-08,0.6,0.2,-0.4,-0.1
2012-10-15,0.0,0.0,-0.1,0.0
2012-10-22,-0.1,-0.4,-0.3,-0.1
2012-10-29,0.0,-0.6,0.0,0.0
2012-11-05,0.1,0.1,0.0,-0.1
2012-11-12,0.0,0.0,0.0,0.0
2012-11-19,0.05,-0.05,0.2,-0.05
2012-11-26,0.0,0.0,-0.2,0.0
2012-12-03,0.0,0.0,0.0,0.0
2012-12-10,-0.1,-0.4,-0.1,-0.3
2012-12-17,-0.05,0.0,-0.1,0.0
2012-12-24,0.0,-0.3,0.0,-0.3
2012-12-31,0.0,0.0,0.0,-0.3
2013-01-07,0.1,0.0,0.0,0.0
2013-01-14,0.0,-0.3,0.0,-0.2
2013-01-21,0.0,0.0,0.0,0.0
2013-01-28,0.01,0.0,-0.09,0.0
2013-02-04,0.0,0.0,0.0,-0.2
2013-02-11,-0.1,-0.2,-0.15,-0.1
2013-02-18,0.0,0.0,0.0,0.0
2013-02-25,0.0,0.0,-0.2,0.0
2013-03-04,0.0,0.0,-0.3,0.0
2013-03-11,0.0,-0.2,0.0,0.0
2013-03-18,0.0,0.1,0.0,0.0
2013-03-25,0.0,0.0,-0.2,0.5
2013-04-01,0.0,0.7,0.8,-0.1
2013-04-08,0.0,0.0,0.0,0.0
2013-04-15,-0.3,-0.7,-0.3,0.0
2013-04-22,0.0,0.0,0.0,0.0
2013-04-29,0.0,0.0,1.0,0.0
2013-05-06,0.0,0.0,0.0,0.0
2013-05-13,0.2,0.2,-0.8,-0.1
2013-05-20,0.3,0.3,0.0,0.0
2013-05-27,-0.1,0.2,0.0,0.0
2013-06-03,-0.1,-0.2,-0.2,0.0
2013-06-10,0.0,-0.6,0.0,0.0
2013-06-17,0.1,0.4,0.7,0.6
2013-06-24,0.0,0.2,-0.3,0.0
2013-07-01,0.0,0.0,0.0,-0.2
2013-07-08,0.3,0.3,-0.3,0.3
2013-07-15,-0.2,-0.2,-0.2,-0.2
2013-07-22,0.1,0.3,-0.1,-0.3
2013-07-29,0.05,0.0,0.0,0.0
2013-08-05,0.0,-0.2,-0.7,-0.5
2013-08-12,-0.2,0.0,0.0,0.1
2013-08-19,0.0,0.0,0.0,0.0
2013-08-26,0.2,0.1,-0.3,-0.1
2013-09-02,0.0,-0.1,-0.3,-0.3
2013-09-09,0.0,0.0,-0.3,0.0
2013-09-16,0.0,0.0,0.0,0.0
2013-09-23,0.9,0.2,0.6,-0.1
2013-09-30,0.0,-0.3,0.0,-0.2
2013-10-07,0.0,0.0,0.3,0.0
2013-10-14,0.0,-0.1,0.0,-0.1
2013-10-21,0.0,0.3,0.4,0.0
2013-10-28,0.0,0.0,-0.3,0.0
2013-11-04,-0.4,0.2,-1.0,-0.5
2013-11-11,0.0,-0.2,-0.3,0.2
2013-11-18,0.0,0.0,-0.1,-0.1
2013-11-25,0.05,-0.2,-0.3,0.0
2013-12-02,0.2,0.2,0.0,-0.1
2013-12-09,0.3,0.3,-0.3,-0.3
2013-12-16,0.05,0.0,-0.05,0.0
2013-12-23,0.15,0.0,0.0,0.0
2013-12-30,-0.2,-0.2,-0.7,-0.2
2014-01-06,0.0,0.0,0.0,-0.2
2014-01-13,0.0,0.2,0.0,-0.2
2014-01-20,0.25,0.2,-0.05,0.3
2014-01-27,-0.4,0.0,-0.5,0.0
2014-02-03,0.0,0.0,-0.3,0.0
2014-02-10,-0.1,-0.4,-0.3,-0.4
2014-02-17,0.0,0.0,-0.2,0.0
2014-02-24,0.0,-0.2,-0.7,0.0
2014-03-03,0.0,0.0,-1.0,-1.0
2014-03-10,1.0,1.0,1.0,-1.0
2014-03-17,0.3,0.3,0.8,-0.1
2014-03-24,-0.1,0.0,0.7,-0.1
2014-03-31,0.1,0.6,0.5,-0.2
2014-04-07,0.1,-0.2,-0.4,-0.3
2014-04-14,0.0,0.0,0.0,0.0
2014-04-21,0.2,0.2,0.0,-0.3
2014-04-28,0.6,0.3,0.8,-0.2
2014-05-05,0.0,0.0,-0.2,-0.1
2014-05-12,0.3,0.3,0.1,0.0
2014-05-19,0.4,0.0,0.5,-0.1
2014-05-26,0.2,0.0,-0.3,0.0
2014-06-02,0.3,0.0,-0.1,0.0
2014-06-09,0.1,0.0,0.1,-0.2
2014-06-16,-0.6,0.2,0.5,-0.1
2014-06-23,0.1,0.4,0.7,-0.1
2014-06-30,0.05,0.3,0.0,-0.3
2014-07-07,0.1,0.1,0.3,-0.1
2014-07-14,0.0,0.0,0.0,0.0
2014-07-21,0.3,0.3,0.3,0.0
2014-07-28,0.05,0.3,0.05,0.0
2014-08-04,-0.2,0.2,-0.2,0.0
2014-08-11,0.0,-0.5,0.0,0.0
2014-08-18,0.0,-0.1,0.0,-0.1
2014-08-25,0.0,0.0,0.0,0.0
2014-09-01,0.6,0.6,0.4,-0.1
2014-09-08,0.3,0.0,0.2,0.0
2014-09-15,0.0,0.0,0.0,0.0
2014-09-22,0.15,-0.3,0.1,0.0
2014-09-29,-0.05,0.05,0.0,-0.1
2014-10-06,-0.05,0.0,0.3,-0.3
2014-10-13,0.0,0.2,-0.2,-0.1
2014-10-20,0.25,-0.2,-0.5,-0.3
2014-10-27,0.0,0.0,-0.2,0.0
2014-11-03,0.125,0.2,0.0,-0.1
2014-11-10,0.2,0.9,0.2,-0.2
2014-11-17,0.6,0.3,-0.7,0.0
2014-11-24,0.6,0.3,0.9,-0.2
2014-12-01,0.5,0.0,0.0,0.0
2014-12-08,0.0,0.0,-0.2,0.0
2014-12-15,0.75,0.6,0.6,-0.1
2014-12-22,0.25,-0.2,0.1,-0.2
2014-12-29,0.0,0.0,-0.2,0.0
2015-01-05,-0.4,-0.3,-0.3,-0.2
2015-01-12,0.2,0.2,-0.3,0.0
2015-01-19,0.1,0.0,-0.1,0.0
2015-01-26,0.1,0.1,0.1,-0.1
2015-02-02,-0.2,-0.2,0.1,-0.2
2015-02-09,0.0,0.0,-0.2,0.0
2015-02-16,-0.1,0.0,-0.3,0.0
2015-02-23,0.0,0.2,0.0,0.0
2015-03-02,0.0,0.0,0.0,0.0
2015-03-09,0.8,0.4,0.7,-0.2
2015-03-16,0.4,0.5,0.5,-0.5
2015-03-23,0.3,-0.3,-0.3,-0.3
2015-03-30,0.0,0.0,0.0,0.0
2015-04-06,0.1,0.1,0.1,-0.2
2015-04-13,0.3,0.0,0.5,-0.2
2015-04-20,0.25,0.0,0.45,0.0
2015-04-27,0.05,-0.5,-0.05,-0.2
2015-05-04,0.0,0.0,-0.1,0.0
2015-05-11,-0.2,0.0,-0.5,-0.3
2015-05-18,-0.1,0.0,-0.4,0.0
2015-05-25,0.0,0.0,0.0,0.0
2015-06-01,0.1,-0.3,-0.2,-0.2
2015-06-08,0.0,0.0,-0.2,0.0
2015-06-15,0.1,0.5,0.1,-0.1
2015-06-22,0.1,0.4,0.9,-0.1
2015-06-29,0.4,0.0,0.4,-0.2
2015-07-06,0.1,0.1,0.6,-0.1
2015-07-13,-0.05,0.1,0.0,0.0
2015-07-20,-0.1,0.1,-0.1,-0.2
2015-07-27,0.0,0.0,0.0,0.0
2015-08-03,0.0,0.0,0.0,0.0
2015-08-10,-0.8,-0.5,-0.8,0.5
2015-08-17,-0.3,0.0,-0.7,-0.2
2015-08-24,0.0,-0.3,0.0,-0.1
2015-08-31,0.0,-0.6,-0.8,-0.2
2015-09-07,0.0,0.0,0.3,0.0
2015-09-14,0.0,-0.8,-0.2,-0.2
2015-09-21,0.0,0.0,0.0,0.0
2015-09-28,0.0,0.0,0.0,0.0
2015-10-05,0.0,0.0,-0.3,-0.1
2015-10-12,0.0,0.0,0.0,0.0
2015-10-19,0.0,0.0,0.1,0.0
2015-10-26,0.2,0.2,0.3,-0.1
2015-11-02,0.0,-0.4,-0.1,-0.1
2015-11-09,0.2,-0.2,0.8,0.7
2015-11-16,-0.05,0.0,0.0,0.0
2015-11-23,-0.1,0.0,-0.5,0.0
2015-11-30,0.1,0.1,-0.2,-0.1
2015-12-07,0.05,0.0,0.1,0.0
2015-12-14,0.3,-0.2,0.6,0.3
2015-12-21,0.15,-0.1,-0.3,-0.1
2015-12-28,0.8,0.8,0.9,0.3
2016-01-04,-0.2,0.0,-0.2,0.0
2016-01-11,0.0,0.0,0.0,0.0
2016-01-18,0.05,0.0,0.0,0.0
2016-01-25,-0.3,-0.3,-0.3,-0.3
2016-02-01,-0.35,0.0,0.0,-0.2
2016-02-08,-0.35,-1.0,0.0,0.0
2016-02-15,0.0,0.0,0.2,0.0
2016-02-22,0.3,0.6,0.6,0.4
2016-02-29,0.0,0.0,-0.2,0.0
2016-03-07,0.1,0.0,-0.1,0.0
2016-03-14,0.0,0.0,0.0,0.0
2016-03-21,-0.5,-0.5,-0.5,-0.1
2016-03-28,0.1,0.1,-0.4,-0.1
2016-04-04,-0.8,0.5,-0.2,-0.3
2016-04-11,-0.5,0.0,-0.5,-0.5
2016-04-18,0.1,0.3,0.3,0.0
2016-04-25,0.1,-0.2,-0.3,0.3
2016-05-02,0.1,0.7,0.05,-1.0
2016-05-09,0.4,0.6,0.7,-0.2
2016-05-16,0.4,0.4,0.2,-0.1
2016-05-23,0.5,0.5,0.5,0.3
2016-05-30,0.0,0.0,0.0,-0.4
2016-06-06,0.3,0.0,-0.5,0.3
2016-06-13,0.5,0.0,0.3,0.0
2016-06-20,0.1,-0.2,-0.5,0.0
2016-06-27,-0.4,-0.8,-0.2,-0.4
2016-07-04,-0.1,-0.5,-0.35,-0.5
2016-07-11,-0.7,0.0,-0.8,-0.5
2016-07-18,0.2,-0.7,-0.3,-0.7
2016-07-25,0.0,0.0,-0.15,0.3
2016-08-01,0.05,0.0,0.0,0.0
2016-08-08,0.15,-0.2,-0.7,-0.2
2016-08-15,0.2,0.4,0.65,0.1
2016-08-22,0.5,0.7,0.5,-0.2
2016-08-29,0.0,0.0,0.0,0.0
2016-09-05,0.0,0.0,-0.3,0.0
2016-09-12,0.0,0.0,-1.0,0.0
2016-09-19,0.0,-0.2,-0.2,-0.2
2016-09-26,0.05,0.1,0.0,0.0
2016-10-03,-0.15,-0.4,-0.2,0.0
2016-10-10,0.0,-0.1,-0.2,0.0
2016-10-17,0.0,-0.7,-0.25,-0.5
2016-10-24,-0.1,-1.0,0.3,-1.0
2016-10-31,0.0,0.0,-0.2,0.0
2016-11-07,-0.05,-0.05,-0.2,-0.2
2016-11-14,-0.02,-0.2,0.0,0.0
2016-11-21,0.07,-0.47,0.0,0.0
2016-11-28,0.4,0.8,0.7,0.2
2016-12-05,0.0,0.0,-0.4,0.0
2016-12-12,0.0,0.0,0.0,0.0
2016-12-19,0.15,-0.05,-0.1,-0.3
2016-12-26,0.0,0.0,0.0,0.0
2017-01-02,0.15,0.4,0.1,0.1
2017-01-09,0.0,0.0,0.0,-1.0
2017-01-16,0.1,0.3,-0.1,0.0
2017-01-23,-0.05,0.05,0.3,-0.1
2017-01-30,0.0,-0.15,-0.1,-0.05
2017-02-06,0.3,0.3,0.5,0.0
2017-02-13,-0.2,0.0,0.0,0.0
2017-02-20,0.0,0.0,0.0,0.0
2017-02-27,0.3,0.3,0.3,0.5
2017-03-06,0.5,-0.9,0.8,-0.1
2017-03-13,0.0,0.0,0.0,0.0
2017-03-20,0.05,-0.1,0.4,0.0
2017-03-27,0.0,0.0,-0.2,0.0
2017-04-03,0.0,0.0,-0.2,0.0
2017-04-10,0.2,-0.2,-0.5,-0.2
2017-04-17,-0.1,0.0,-0.3,-0.1
2017-04-24,0.0,0.3,0.0,0.0
2017-05-01,0.4,0.7,0.5,-0.2
2017-05-08,0.8,0.9,0.6,-0.2
2017-05-15,0.8,0.6,1.0,-0.2
2017-05-22,0.0,0.0,0.0,0.0
2017-05-29,0.4,0.1,0.6,-0.1
2017-06-05,0.1,0.0,-0.3,0.3
2017-06-12,-0.1,-0.1,-0.4,-0.3
2017-06-19,0.3,0.3,0.6,-0.3
2017-06-26,0.7,0.4,-0.7,-0.2
2017-07-03,0.45,0.0,0.0,0.0
2017-07-10,0.7,-0.2,-0.6,-0.3
2017-07-17,0.0,0.0,-0.1,-0.1
2017-07-24,0.1,0.1,-0.75,0.0
2017-07-31,0.0,-0.1,0.4,-0.5
2017-08-07,0.0,0.0,-0.1,0.0
2017-08-14,0.4,0.6,0.7,0.0
2017-08-21,0.2,0.0,0.0,0.0
2017-08-28,0.3,1.0,0.55,0.0
2017-09-04,-0.4,0.2,-0.4,-0.2
2017-09-11,0.0,0.5,1.0,0.0
2017-09-18,0.2,0.6,0.8,-0.1
2017-09-25,0.5,0.5,0.8,0.0
2017-10-02,0.3,0.5,0.7,0.5
2017-10-09,0.1,0.0,0.6,0.0
2017-10-16,0.15,0.0,0.65,0.0
2017-10-23,0.6,0.2,1.0,0.3
2017-10-30,0.6,0.8,0.4,0.2
2017-11-06,-0.1,-0.2,-0.4,-0.2
2017-11-13,0.1,0.0,-0.4,0.0
2017-11-20,0.5,0.5,0.0,-0.2
2017-11-27,0.0,0.0,-0.3,0.0
2017-12-04,0.0,0.0,0.0,0.0
2017-12-11,0.0,0.3,0.0,0.0
2017-12-18,0.1,-0.1,-0.3,0.3
2017-12-25,-0.05,0.8,0.0,-0.8
2018-01-01,0.05,0.5,0.8,0.2
2018-01-08,0.9,-0.6,-0.6,-0.6
2018-01-15,0.65,0.6,0.6,-0.3
2018-01-22,0.0,0.0,0.3,0.0
2018-01-29,0.8,0.6,0.6,-0.2
2018-02-05,0.6,0.75,0.8,-0.1
2018-02-12,0.7,0.4,0.3,-0.4
2018-02-19,0.0,0.1,0.3,-0.1
2018-02-26,0.25,0.3,0.9,-0.2
2018-03-05,0.0,0.0,-0.2,0.0
2018-03-12,0.4,0.3,-0.1,0.0
2018-03-19,0.1,0.0,-0.15,0.0
2018-03-26,0.0,0.0,0.0,0.0
2018-04-02,0.4,0.2,0.4,0.0
2018-04-09,-0.1,0.0,0.05,0.0
2018-04-16,0.0,-0.5,0.0,-0.8
2018-04-23,0.1,0.3,0.0,-0.3
2018-04-30,0.1,0.7,-0.2,0.0
2018-05-07,-0.4,-0.5,-0.6,-0.7
2018-05-14,0.3,0.3,-0.8,0.3
2018-05-21,0.15,0.0,-0.8,0.0
2018-05-28,0.0,0.0,0.0,-0.2
2018-06-04,-0.2,-0.02,0.0,-0.02
2018-06-11,0.15,0.1,0.8,-0.1
2018-06-18,0.0,-0.6,0.0,0.0
2018-06-25,0.0,0.0,0.0,0.0
2018-07-02,0.2,0.5,0.7,-0.1
2018-07-09,0.0,-0.2,-0.1,0.3
2018-07-16,0.1,0.1,-0.3,-0.1
2018-07-23,0.05,0.6,-0.2,-0.2
2018-07-30,0.05,0.0,-0.2,0.0
2018-08-06,0.15,-0.1,0.3,0.0
2018-08-13,-0.4,0.3,0.4,-0.1
2018-08-20,0.2,0.0,0.7,-0.3
2018-08-27,0.2,0.0,-0.2,0.0
2018-09-03,0.4,0.7,-0.2,-0.2
2018-09-10,0.3,1.0,1.0,-0.3
2018-09-17,0.35,0.0,0.5,0.0
2018-09-24,0.05,-0.5,0.25,-0.5
2018-10-01,0.1,0.0,0.1,-0.5
2018-10-08,0.3,0.3,0.9,-0.3
2018-10-15,0.2,0.8,0.0,0.0
2018-10-22,0.0,-0.7,0.0,0.0
2018-10-29,0.0,0.0,0.0,0.0
2018-11-05,0.0,0.8,0.9,0.0
2018-11-12,0.0,0.0,-0.1,0.0
2018-11-19,-0.1,0.1,-0.1,0.1
2018-11-26,0.4,0.2,0.4,0.1
2018-12-03,0.3,0.9,0.5,0.0
2018-12-10,0.0,0.0,-0.2,-0.1
2018-12-17,0.0,-0.7,-0.3,0.9
2018-12-24,0.2,0.6,1.0,-0.2
2018-12-31,0.1,0.3,-0.3,-0.3
2019-01-07,0.0,0.0,0.0,0.0
2019-01-14,-0.2,0.2,-0.9,0.0
2019-01-21,0.0,-0.3,-0.3,0.0
2019-01-28,0.3,1.0,-0.3,0.0
2019-02-04,0.2,0.2,-0.5,-0.2
2019-02-11,-0.1,-0.2,-0.4,-0.1
2019-02-18,0.05,0.0,-0.2,-0.1
2019-02-25,0.3,0.0,-0.6,-0.1
2019-03-04,-0.05,-0.1,-0.4,0.05
2019-03-11,0.1,0.1,0.0,-0.3
2019-03-18,0.15,0.0,-0.8,0.0
2019-03-25,0.0,0.0,-0.1,0.0
2019-04-01,0.0,0.0,0.0,0.0
2019-04-08,0.4,0.4,-0.2,-0.1
2019-04-15,0.0,-0.5,0.0,0.0
2019-04-22,0.3,0.6,0.0,-0.1
2019-04-29,0.2,0.2,0.2,-0.1
2019-05-06,0.0,0.0,0.2,0.0
2019-05-13,0.1,0.1,0.1,0.2
2019-05-20,0.05,0.0,0.0,0.0
2019-05-27,0.0,-0.3,-0.3,0.0
2019-06-03,-0.2,-0.4,-0.1,-0.1
2019-06-10,0.2,0.2,-0.5,0.0
2019-06-17,0.25,0.0,-0.35,0.0
2019-06-24,0.0,0.0,-0.1,0.0
2019-07-01,0.0,0.0,0.0,0.0
2019-07-08,0.3,0.9,-1.0,-0.3
2019-07-15,-0.05,0.0,0.0,-0.1
2019-07-22,0.2,0.4,0.0,-0.2
2019-07-29,0.1,-0.1,0.6,0.0
2019-08-05,0.0,0.0,0.0,0.0
2019-08-12,0.0,0.0,-0.3,0.0
2019-08-19,0.5,0.5,-0.7,0.5
2019-08-26,-0.1,0.0,0.4,-0.2
2019-09-02,-0.5,-0.7,-0.3,-0.3
2019-09-09,0.25,0.1,0.2,0.0
2019-09-16,0.0,0.3,0.3,-0.5
2019-09-23,0.0,0.0,-0.4,0.0
2019-09-30,0.1,0.1,-0.1,0.0
2019-10-07,0.3,0.6,-0.5,0.0
2019-10-14,-0.1,0.7,-0.3,-0.1
2019-10-21,-0.05,0.0,-0.2,0.0
2019-10-28,0.5,0.7,0.5,-0.2
2019-11-04,-0.2,0.0,0.2,-0.2
2019-11-11,-0.1,-0.5,0.0,0.3
2019-11-18,0.1,-0.1,-0.4,-0.1
2019-11-25,0.3,0.3,0.6,-0.1
2019-12-02,0.0,0.0,-0.2,-0.2
2019-12-09,0.0,0.0,-0.2,-0.2
2019-12-16,0.2,0.5,0.0,-0.1
2019-12-23,0.1,0.0,0.1,0.0
2019-12-30,-0.1,0.0,-0.1,-0.1
2020-01-06,0.0,-0.2,-0.2,0.0
2020-01-13,-0.6,0.2,0.0,0.0
2020-01-20,0.0,-0.1,-0.1,-0.1
2020-01-27,0.0,0.0,-0.3,0.0
2020-02-03,0.0,0.0,-0.2,0.0
2020-02-10,0.4,0.7,0.6,-0.3
2020-02-17,-0.1,0.0,-0.7,0.0
2020-02-24,0.1,-0.6,-0.5,0.5
2020-03-02,-0.2,0.0,0.2,-0.1
2020-03-09,0.2,-0.8,-0.2,0.2
2020-03-16,0.0,0.6,0.0,-1.0
2020-03-23,-0.3,-1.0,-0.4,-1.0
2020-03-30,0.1,0.5,-1.0,-0.2
2020-04-06,0.0,0.2,0.2,-0.1
2020-04-13,0.0,0.0,-0.4,-0.2
2020-04-20,-0.4,-0.8,-0.1,0.2
2020-04-27,-0.1,-0.2,-0.3,-0.1
2020-05-04,-0.8,0.1,-0.8,-0.3
2020-05-11,0.0,0.0,0.3,0.0
2020-05-18,0.0,-0.2,-0.2,-0.2
2020-05-25,-0.3,-0.9,0.0,-0.3
2020-06-01,0.0,0.0,0.0,0.0
2020-06-08,-0.1,-0.2,0.4,0.1
2020-06-15,0.0,-0.4,-0.2,-0.2
2020-06-22,0.0,-0.5,-0.5,0.5
2020-06-29,0.0,0.0,0.0,0.0
2020-07-06,0.0,-0.1,-0.6,-0.6
2020-07-13,0.0,0.0,0.0,0.0
2020-07-20,0.2,0.2,-0.3,-0.1
2020-07-27,0.1,-0.3,-0.2,-0.3
2020-08-03,0.0,-0.5,0.0,-0.5
2020-08-10,0.0,0.0,-0.2,0.0
2020-08-17,0.0,-0.2,-0.2,-0.2
2020-08-24,0.3,0.0,-0.3,-0.5
2020-08-31,0.05,0.1,0.0,-0.1
2020-09-07,0.0,0.0,0.0,0.0
2020-09-14,0.1,0.2,0.2,-0.1
2020-09-21,-0.05,0.0,0.0,0.0
2020-09-28,-0.2,0.0,-0.2,0.0
2020-10-05,0.0,0.0,0.3,0.0
2020-10-12,0.0,0.0,-0.2,0.0
2020-10-19,0.0,0.0,-0.3,-0.3
2020-10-26,-0.05,0.0,-0.25,0.0
2020-11-02,0.0,0.0,-0.7,0.0
2020-11-09,0.0,0.0,-0.3,0.0
2020-11-16,0.0,0.0,0.05,0.0
2020-11-23,0.3,-0.1,0.7,0.0
2020-11-30,0.0,0.0,0.0,0.0
2020-12-07,0.0,0.0,-0.2,-0.1
2020-12-14,0.0,0.0,0.0,0.0
2020-12-21,0.0,-0.1,0.0,0.0
2020-12-28,-0.7,0.0,0.0,-1.0
2021-01-04,0.0,0.0,0.8,0.0
2021-01-11,0.0,-0.5,-0.5,-0.3
2021-01-18,-0.1,0.2,0.0,-0.2
2021-01-25,-0.1,0.1,-0.1,-0.1
2021-02-01,0.1,0.2,-0.2,-0.1
2021-02-08,0.0,0.0,0.0,0.0
2021-02-15,0.05,0.05,0.4,0.0
2021-02-22,0.8,0.2,-1.0,0.2
2021-03-01,0.1,0.5,0.8,-0.1
2021-03-08,0.3,0.1,0.0,-0.1
2021-03-15,0.0,0.7,0.3,-0.2
2021-03-22,0.0,-0.7,0.0,0.0
2021-03-29,0.0,-0.4,0.8,-1.0
2021-04-05,0.0,0.2,0.6,-0.1
2021-04-12,0.1,0.0,0.2,0.0
2021-04-19,0.5,-0.7,-1.0,-1.0
2021-04-26,-0.2,0.1,-0.2,-0.1
2021-05-03,-0.1,0.2,-0.2,-0.2
2021-05-10,0.6,0.3,-0.1,0.2
2021-05-17,0.3,0.0,0.3,-0.2
2021-05-24,0.45,0.6,0.3,0.0
2021-05-31,0.0,0.2,0.3,-0.2
2021-06-07,0.0,0.0,0.0,0.0
2021-06-14,0.0,0.0,0.3,0.0
2021-06-21,0.3,1.0,-1.0,-1.0
2021-06-28,0.2,0.2,0.5,-0.1
2021-07-05,0.0,0.0,-0.2,0.0
2021-07-12,0.05,0.1,-0.05,-0.1
2021-07-19,0.2,0.7,0.05,-0.2
2021-07-26,0.1,0.1,-0.2,0.0
2021-08-02,0.35,0.0,0.3,0.0
2021-08-09,0.55,0.8,0.5,0.0
2021-08-16,0.3,0.3,0.3,-0.2
2021-08-23,0.1,0.1,-0.5,0.5
2021-08-30,0.05,-0.05,-0.15,-0.15
2021-09-06,-0.1,-0.2,-0.2,-0.1
2021-09-13,0.0,0.0,0.0,-0.3
2021-09-20,0.7,0.5,0.4,0.3
2021-09-27,-0.1,0.0,-0.3,0.0
2021-10-04,-0.1,-0.3,-0.3,-0.2
2021-10-11,-0.25,0.1,-0.1,-0.2
2021-10-18,0.0,0.0,-0.1,0.0
2021-10-25,0.0,0.0,-0.2,0.0
2021-11-01,-0.3,0.0,-0.3,0.0
2021-11-08,0.0,0.1,0.4,-0.2
2021-11-15,0.3,0.3,-0.3,0.0
2021-11-22,0.03,0.0,0.0,0.0
2021-11-29,0.3,0.6,0.6,0.2
2021-12-06,-0.2,0.15,-0.35,-0.2
2021-12-13,0.0,0.0,-0.2,0.0
2021-12-20,0.0,0.2,0.0,-0.8
2021-12-27,0.0,0.0,0.0,0.0
2022-01-03,-0.1,-0.1,0.6,0.2
2022-01-10,0.0,0.0,0.0,0.0
2022-01-17,0.6,0.7,-0.3,0.3
2022-01-24,0.6,0.2,0.8,-0.2
2022-01-31,0.0,0.0,0.0,0.0
2022-02-07,0.0,0.0,-0.0,0.7
2022-02-14,0.0,0.0,-0.5,0.7
2022-02-21,0.8,-0.2,1.0,0.6
2022-02-28,0.58,0.2,0.2,0.0
2022-03-07,0.67,0.7,0.0,-0.1
2022-03-14,0.6,0.3,0.9,0.3
2022-03-21,-0.1,-0.1,0.0,-0.1
2022-03-28,0.0,-0.3,-0.3,-0.1
2022-04-04,0.1,0.1,-0.1,0.0
2022-04-11,0.3,0.0,-0.2,0.0
2022-04-18,0.5,-0.2,0.2,-0.1
2022-04-25,0.4,0.2,0.6,0.5
2022-05-02,-0.25,0.0,0.0,0.0
2022-05-09,0.1,-0.1,0.05,0.2
2022-05-16,0.7,0.3,0.1,0.0
2022-05-23,0.4,0.0,-0.05,-0.1
2022-05-30,0.44,0.0,-0.025,-0.1
2022-06-06,0.1,-0.1,-0.1,-0.4
2022-06-13,-0.3,-0.8,-0.7,0.8
2022-06-20,0.0,-0.4,-0.6,-0.3
2022-06-27,0.5,-0.5,-0.5,1.0
2022-07-04,0.25,-0.6,-0.6,0.5
2022-07-11,0.0,-0.6,0.0,-0.3
2022-07-18,0.2,0.2,0.0,-0.1
2022-07-25,0.8,-0.2,0.8,-0.1
2022-08-01,0.5,1.0,1.0,1.0
2022-08-08,0.5,-0.2,-0.6,-0.2
2022-08-15,0.55,-0.2,-0.65,0.55
2022-08-22,0.45,-0.1,0.0,-0.1
2022-08-29,0.6,0.0,0.7,-0.2
2022-09-05,0.55,0.2,1.0,-0.1
2022-09-12,0.65,0.0,0.7,0.0
2022-09-19,-0.2,-0.5,0.3,0.2
2022-09-26,0.4,0.2,-0.4,0.6
2022-10-03,0.5,0.4,0.9,-0.2
2022-10-10,0.65,0.5,-0.8,1.0
2022-10-17,0.25,-0.05,0.15,0.1
2022-10-24,-0.2,-0.5,-0.35,-0.7
2022-10-31,-0.1,-0.3,-0.45,-0.3
2022-11-07,0.05,0.0,-0.3,0.0
2022-11-14,0.4,0.2,-0.1,0.2
2022-11-21,-0.1,0.3,0.0,-1.0
2022-11-28,0.0,0.0,0.2,0.0
2022-12-05,0.1,-0.1,-0.3,-0.2
2022-12-12,0.3,-0.9,-0.9,-0.6
2022-12-19,0.2,-0.17,0.27,-0.13
2022-12-26,0.35,0.02,0.17,-0.02
2023-01-02,0.35,-0.4,-0.27,-0.3
2023-01-09,-0.1,-0.1,0.1,0.0
2023-01-16,-0.05,0.0,0.1,-0.1
2023-01-23,0.0,0.3,0.05,-0.3
2023-01-30,0.1,0.2,0.9,0.5
2023-02-06,0.35,0.5,0.65,0.6
2023-02-13,0.45,0.3,0.8,-0.2
2023-02-20,0.8,-0.1,0.7,-0.2
2023-02-27,0.3,0.5,0.1,-0.1
2023-03-06,-0.2,-0.2,-0.2,0.2
2023-03-13,0.0,0.0,-0.3,-0.2
2023-03-20,-0.1,0.2,-0.5,0.2
2023-03-27,0.0,0.0,-0.3,-0.2
2023-04-03,0.0,0.0,0.3,-0.3
2023-04-10,0.4,0.4,-0.5,-0.2
2023-04-17,0.7,-0.1,-0.4,-0.1
2023-04-24,0.55,0.0,0.0,0.0
2023-05-01,0.55,-0.1,-0.4,-0.2
2023-05-08,0.3,0.3,-0.3,-0.1
2023-05-15,0.35,0.0,-0.1,0.0
2023-05-22,0.55,0.2,0.0,0.6
2023-05-29,0.0,0.0,0.0,-0.4
2023-06-05,0.3,0.3,0.3,0.3
2023-06-12,0.0,-0.4,0.0,-0.4
2023-06-19,0.3,0.3,0.3,0.0
2023-06-26,0.2,0.2,0.2,-0.4
2023-07-03,0.3,0.0,-0.3,-0.2
2023-07-10,0.1,-0.1,-0.2,-0.2
2023-07-17,0.2,-0.7,-0.8,0.5
2023-07-24,0.6,0.2,-0.6,-0.2
2023-07-31,0.4,0.4,-0.1,0.0
2023-08-07,-0.5,-0.5,0.0,-0.5
2023-08-14,-0.6,-0.9,0.0,-0.9
2023-08-21,0.6,0.2,-0.4,0.0
2023-08-28,0.43,-0.2,0.0,-0.1
2023-09-04,0.45,0.1,0.75,-0.1
2023-09-11,0.45,0.0,0.75,0.0
2023-09-18,0.0,0.0,0.0,0.0
2023-09-25,0.0,0.0,0.0,0.0
2023-10-02,0.9,-0.2,0.9,0.3
2023-10-09,0.45,0.0,0.45,0.0
2023-10-16,0.8,0.0,-0.2,1.0
2023-10-23,0.0,0.0,0.3,0.0
2023-10-30,0.3,0.3,0.3,0.3
2023-11-06,0.1,0.0,0.0,-0.1
2023-11-13,0.2,0.4,0.3,0.0
2023-11-20,0.3,0.2,0.5,-0.2
2023-11-27,0.05,-0.3,0.1,0.2
2023-12-04,0.8,0.3,-0.3,-0.3
2023-12-11,0.4,0.2,-0.4,0.1
2023-12-18,0.2,0.0,0.0,0.2
2023-12-25,0.15,0.15,-0.8,0.5
2024-01-01,0.2,0.0,-0.4,0.0
2024-01-08,0.075,0.1,-0.1,-0.1
2024-01-15,0.1,0.4,0.2,-0.2
2024-01-22,0.0,-0.1,0.0,-0.1
2024-01-29,0.3,-0.2,-0.2,-0.2
2024-02-05,0.0,0.0,-0.1,0.0
2024-02-12,0.0,0.0,-0.5,0.0
2024-02-19,0.3,0.3,-0.6,-0.2
2024-02-26,0.1,-0.6,-0.65,-0.3
2024-03-04,-0.35,-0.4,-0.6,-0.4
2024-03-11,0.3,0.0,0.0,0.0
2024-03-18,0.2,0.0,-0.3,-0.3
2024-03-25,0.5,-0.1,-0.2,-0.1
2024-04-01,0.6,-0.1,-0.4,-0.3
2024-04-08,0.0,-0.3,-0.1,0.3
2024-04-15,0.1,0.0,0.1,0.0
2024-04-22,0.1,0.3,-0.3,0.3
2024-04-29,0.1,0.0,-0.1,-0.1
2024-05-06,0.05,-0.1,-0.8,-0.3
2024-05-13,0.05,0.06,-0.04,0.04
2024-05-20,0.0,0.0,0.0,-0.4
2024-05-27,-0.7,-0.2,-0.7,-0.1
2024-06-03,0.2,-0.2,-0.2,0.0
2024-06-10,0.3,0.5,-0.4,-0.4
2024-06-17,-0.1,0.2,-0.3,0.1
2024-06-24,0.2,0.1,0.0,0.0
2024-07-01,0.0,0.1,0.0,-0.2
2024-07-08,0.5,0.7,0.3,0.1
2024-07-15,0.0,0.0,0.0,0.0
2024-07-22,0.0,0.1,-0.15,-0.1
2024-07-29,-0.15,-0.7,-0.1,-0.8
2024-08-05,0.6,0.0,0.5,0.0
2024-08-12,0.3,-0.1,-0.1,-0.3
2024-08-19,0.35,0.4,0.65,-0.2
2024-08-26,0.1,-0.2,0.25,0.0
2024-09-02,0.1,0.1,-0.7,-0.2
2024-09-09,0.3,-0.3,0.0,0.0
2024-09-16,0.6,0.3,-0.5,-0.1
2024-09-23,0.6,-0.1,-0.7,0.3
2024-09-30,-0.2,0.2,0.5,-0.1
2024-10-07,0.0,0.0,0.6,0.0
2024-10-14,0.1,0.4,-0.3,-0.2
2024-10-21,0.0,-0.4,-0.1,-0.3
2024-10-28,0.0,-0.7,0.0,-0.7
2024-11-04,0.0,0.7,-0.05,0.5
2024-11-11,0.3,0.8,0.0,-0.2
2024-11-18,0.1,0.0,-0.1,-0.1
2024-11-25,0.0,-0.6,-0.5,-0.2
2024-12-02,-0.2,-0.2,0.2,-0.2
2024-12-09,-0.05,0.0,-0.1,0.0
2024-12-16,0.7,0.2,0.3,0.1
2024-12-23,0.2,-0.3,-0.3,-0.3
2024-12-30,0.05,0.2,0.0,0.0
2025-01-06,0.0,-0.3,0.0,0.6
2025-01-13,-0.25,-0.25,-0.25,0.0
2025-01-20,0.3,0.3,0.0,-0.3
2025-01-27,0.35,-0.2,-0.3,-0.2
2025-02-03,0.25,-0.4,-0.2,-0.1
2025-02-10,0.35,0.0,0.0,0.6
2025-02-17,-0.2,-0.2,0.0,-0.2
2025-02-24,-0.07,-0.6,-0.2,0.3
2025-03-03,-0.4,-0.4,-0.1,-0.1
2025-03-10,-0.2,-0.2,0.0,0.0
2025-03-17,0.0,0.0,0.0,0.0
2025-03-24,0.2,0.0,0.0,0.0
2025-03-31,0.1,-0.6,-0.3,0.4
2025-04-07,0.7,-0.7,-0.8,-0.5
2025-04-14,0.1,-0.8,-0.5,-0.2
2025-04-21,0.6,-0.9,-0.7,-0.3
2025-04-28,0.15,0.0,0.0,0.0
2025-05-05,0.0,0.0,0.2,0.0
2025-05-12,0.05,-0.4,-0.7,-0.5
2025-05-19,0.015,0.1,0.0,0.0
2025-05-26,0.3,0.4,0.3,-0.4
2025-06-02,0.05,-0.18,-0.24,-0.22
2025-06-09,0.05,0.15,-0.05,0.05
2025-06-16,0.6,-0.4,-0.2,-0.1
2025-06-23,0.0,0.0,-0.3,0.0
2025-06-30,0.3,-0.5,-0.8,-0.5
2025-07-07,0.6,-0.5,-0.6,-0.4
2025-07-14,0.0,0.0,0.0,0.0
2025-07-21,0.0,0.0,0.3,0.0
2025-07-28,0.0,-0.3,0.0,0.0
2025-08-04,0.0,0.0,-0.1,0.0
2025-08-11,0.05,-0.1,-0.15,-0.25
2025-08-18,0.05,0.0,-0.15,0.0
2025-08-25,0.0,-0.2,-0.7,-0.2
2025-09-01,0.0,0.0,-0.3,0.0
2025-09-08,0.0,0.0,-0.5,0.0
2025-09-15,0.1,0.1,0.0,0.1
2025-09-22,0.3,-0.3,-0.3,0.0
2025-09-29,0.0,0.0,-0.3,0.0
2025-10-06,0.0,0.0,0.0,-0.3
2025-10-13,0.25,0.25,-0.35,0.0
2025-10-20,0.0,-0.7,-0.4,-0.4
2025-10-27,-0.2,0.0,-0.7,0.0
2025-11-03,0.0,0.0,-0.3,0.0
2025-11-10,-0.05,0.1,0.0,-0.01
