date,value,pct_change_mom,pct_change_yoy,log_value,log_diff,log_pct_change,zscore_value,zscore_pct_change_mom,zscore_pct_change_yoy,zscore_log_value,minmax_value,minmax_pct_change_mom,minmax_pct_change_yoy,minmax_log_value
1947-01-01,243.164,,,5.493736112819246,,,-0.9228966844613051,,,-1.7809676775770562,0.0,,,0.0
1947-04-01,245.968,1.1531312200819155,,5.505201446170243,0.011465333350997753,0.208698290481113,-0.9225449701945383,-0.3186212079360627,,-1.7731869454999183,9.271700333619196e-05,0.5529737068344874,,0.0023731471742955827
1947-07-01,249.585,1.4705164899499135,,5.5197995385355805,0.014598092365337045,0.265169086146555,-0.9220912788596968,-0.07232586615449424,,-1.763280225646708,0.00021231664708334168,0.571652283502488,,0.005394727148146997
1947-10-01,259.745,4.070757457379237,,5.559700380515915,0.03990084198033461,0.7228675915089466,-0.9208168790913832,1.9454969460188563,,-1.7362022723420019,0.0005482669872743935,0.7246801801203887,,0.013653586049044574
1948-01-01,265.742,2.3088028643477365,,5.582525913288223,0.022825532772308144,0.4105532890279706,-0.9200646571021532,0.5781959087817335,,-1.7207121553447662,0.0007465636595308643,0.620986634527796,,0.018378119295666694
1948-04-01,272.567,2.568280512677701,,5.607884455441473,0.025358542153250063,0.45424853457265435,-0.9192085765491277,0.7795541385026209,,-1.703503059340237,0.0009722389618737704,0.6362572649196206,,0.023626946417645123
1948-07-01,279.196,2.432062575440175,,5.631914044138026,0.024029588696552473,0.42849650144336504,-0.9183770808735223,0.6738471426403043,,-1.6871958325158698,0.0011914333324570862,0.6282406446608851,,0.028600700670481215
1948-10-01,280.366,0.41906044499202544,,5.63609589245891,0.00418184832088464,0.07425270144592044,-0.9182303242072893,-0.8882702421140514,,-1.6843579000828628,0.0012301205271444402,0.5097725927501516,,0.029466278776431053
1949-01-01,275.034,-1.901799790274139,,5.616894726387862,-0.01920116607104827,-0.34068203304949973,-0.9188991332195579,-2.689289757323026,,-1.6973884090261078,0.0010538127305008687,0.3731866514487093,,0.025491933538512347
1949-04-01,271.351,-1.3391071649323294,,5.6034131857799405,-0.013481540607921616,-0.24001768351801234,-0.9193611031355715,-2.25263252828978,,-1.7065374021034148,0.0009320307321816127,0.4063019165249265,,0.022701462557914463
1949-07-01,272.889,0.5667935625813136,,5.609065119096854,0.005651933316913826,0.10086590314732913,-0.9191681871076516,-0.7736273076633017,,-1.7027018242348542,0.0009828862069073845,0.5184668978275169,,0.02387132558498239
1949-10-01,270.627,-0.8289084572848271,,5.600741489029677,-0.008323630067176957,-0.14839603196685758,-0.9194519166623686,-1.8567113025541984,,-1.7083504986762543,0.000908090963845164,0.4363278395322297,,0.022148462536078214
1950-01-01,280.828,3.769394775835355,15.489134904837876,5.637742382280151,0.03700089325047351,0.6606427617298127,-0.9181723741390845,1.7116353535072362,-0.6294774258681188,-1.6832405408422184,0.0012453970091491906,0.7069445556711734,0.32728460632344675,0.02980707677568358
1950-04-01,290.383,3.402438503283145,18.057226956352036,5.671200741292208,0.03345835901205696,0.5934708743914774,-0.9169738613648487,1.4268722307425081,-0.31912538624565967,-1.6605346570058048,0.0015613424324292598,0.6853486546593816,0.39286716363006724,0.036732441064295414
1950-07-01,308.153,6.119504240950757,23.466153815333456,5.730596412879279,0.05939567158707071,1.0473209166201647,-0.9147449161007806,3.5353526740225565,0.3345394548817572,-1.620226905542088,0.002148924867979949,0.8452518559457218,0.5309974364477089,0.04902642902583854
1950-10-01,319.945,3.826670517567554,23.176577027469246,5.768149106021572,0.03755269314229359,0.6553016551278157,-0.9132658095980294,1.7560821181336848,0.2995443125978233,-1.5947424791263711,0.0025388388848631063,0.7103153149178342,0.5236023797660084,0.05679925733266381
1951-01-01,336.0,5.018049977339856,26.438425239518025,5.817111159963204,0.048962053941632,0.848834748230054,-0.9112519820113882,2.6806089916026354,0.6937362750515603,-1.5615153053492503,0.0030697131675173723,0.7804296985793484,0.60690170977486,0.06693364735885353
1951-04-01,344.09,2.407738095238088,26.24052067931919,5.8409032510617624,0.023792091098558288,0.40900183002019475,-0.9102372286525637,0.6549710109045004,0.6698196541998737,-1.5453692517871327,0.003337216932492333,0.6268091142418682,0.6018477292709956,0.07185824327182043
1951-07-01,351.385,2.1200848615188006,25.856029456009377,5.861882488444638,0.02097923738287566,0.3591779641113124,-0.9093221945669488,0.43174813876890594,0.6233541720530096,-1.5311320883081807,0.003578433244666913,0.6098803103876169,0.5920287986482631,0.07620062184816727
1951-10-01,356.178,1.3640309062709077,27.040368660964596,5.875430605893682,0.013548117449043495,0.2311222969029192,-0.908720993967586,-0.15496014605645192,0.7664806957482866,-1.5219379141142457,0.003736918478971609,0.5653854547375226,0.622273817993912,0.07900487320806553
1952-01-01,359.82,1.0225224466418492,30.827461332053495,5.885603906408473,0.010173300514791705,0.173149870999878,-0.908264166806543,-0.41997541541856975,1.224148065583696,-1.5150339957350285,0.0038573447721778893,0.5452871938805989,0.7189865592606169,0.08111058951223533
1952-04-01,361.03,0.3362792507364709,33.049076657170964,5.888961057373135,0.0033571509646614928,0.05704004241613436,-0.9081123928183875,-0.9525095892669231,1.4926286471112145,-1.512755728597138,0.0038973546059998545,0.504900801175785,0.7757209797759866,0.0818054679847201
1952-07-01,367.701,1.8477688834723116,34.743796928421446,5.907270107911905,0.018309050538769966,0.31090459523155367,-0.9072756289547634,0.22042718832455518,1.6974343480836565,-1.5003306370217107,0.004117937747674512,0.5938541259462962,0.8189998370281808,0.08559515906651807
1952-10-01,380.812,3.565668845067038,40.714710653408574,5.94230581502574,0.035035707113835635,0.593094720129872,-0.905631076261618,1.5535412246611824,2.4190148895081363,-1.4765543156675554,0.0045514657900214495,0.6949549935257769,0.9714818289844167,0.09284701008482371
1953-01-01,387.98,1.8822936252008926,38.1557394561796,5.96095379190296,0.01864797687721964,0.31381718574743367,-0.9047319721731069,0.24721886352579495,2.109765098431962,-1.4638992181295771,0.00478848272294364,0.595885956332087,0.9061321951621748,0.09670685369143389
1953-04-01,391.749,0.9714418268983005,34.90769087722079,5.9706213285845,0.009667536681539524,0.16218103711307386,-0.90425921501496,-0.4596146800365658,1.717240811509165,-1.4573385268297976,0.004913108395402309,0.5422810264156573,0.8231852727811569,0.09870788468249513
1953-07-01,391.171,-0.1475434525678554,26.940513316436963,5.969144804533487,-0.0014765240510126176,-0.024729822404645496,-0.90433171531674,-1.327962672271002,0.7544132506490806,-1.4583405420084823,0.004893996259907187,0.4764271437147826,0.6197237657670089,0.09840226697630473
1953-10-01,385.97,-1.3295975417400463,20.636359374267464,5.9557596462372056,-0.013385158296281396,-0.22423912862886697,-0.9049840925997122,-2.2452529296860657,-0.007439126446477226,-1.4674241270491548,0.004722020106429466,0.40686157143882573,0.4587316638918752,0.09563174564771598
1954-01-01,385.345,-0.1619296836541717,14.686011904761909,5.954139036922489,-0.0016206093147168588,-0.027210791082554753,-0.9050624882547512,-1.3391265857816277,-0.7265342509902266,-1.4685239229725267,0.004701353869951178,0.47558049345775877,0.3067748819365455,0.09529630451415987
1954-04-01,386.121,0.20137798596062684,12.215118137696535,5.956150791845495,0.0020117549230063148,0.033787503290261256,-0.9049651522094548,-1.0571948291602271,-1.025139949273909,-1.4671586834647357,0.004727013069162619,0.4969616689729141,0.24367452228176126,0.0957127067560094
1954-07-01,390.996,1.262557592050162,11.272820410660668,5.968697329754009,0.012546537908513677,0.21064842625695412,-0.9043536661001509,-0.23370483580875687,-1.1390159380044385,-1.4586442123217482,0.004888209713693266,0.5594136051925936,0.2196106283700179,0.09830964659833771
1954-10-01,399.734,2.2348054711557097,12.228717102123099,5.990799325897407,0.02210199614339814,0.37029849098260126,-0.9032576321261819,0.5207729122615884,-1.0234965244036638,-1.443645109801388,0.005177140232648917,0.6166317821978681,0.24402180534090626,0.10288441892185089
1955-01-01,413.073,3.3369690844411437,14.799899949974993,6.023624332789571,0.032825006892164055,0.5479236593732395,-0.9015844806980782,1.3760670598010913,-0.7127709643122215,-1.421369038426986,0.005618207318063134,0.6814956858062323,0.30968329374652026,0.10967868908980839
1955-04-01,421.532,2.0478220556657156,16.7581641414841,6.043895693895889,0.02027136110631833,0.33653096518604375,-0.9005234425445188,0.37567120591980757,-0.47611617399964506,-1.4076122618223654,0.005897912429054877,0.6056275410012711,0.3596923942713349,0.11387454819445433
1955-07-01,430.221,2.061290720514708,17.002945327861486,6.064299030147122,0.02040333625123303,0.33758584337979514,-0.8994335547899049,0.38612307538969076,-0.44653454727850195,-1.393765922776603,0.006185222715070631,0.6064201911740474,0.36594348491028306,0.11809772411865044
1955-10-01,437.092,1.5970861487468069,14.778946041616337,6.080143699253824,0.015844669106702014,0.2612778332323984,-0.8985717043166686,0.02589393272124621,-0.7153032287586368,-1.3830132371462784,0.006412419052418339,0.5791010887878237,0.3091481840743732,0.12137732625206299
1956-01-01,439.746,0.6071948239729785,13.342440331975869,6.086197287498981,0.0060535882451571155,0.0995632429855231,-0.8982388050071111,-0.7422753722473793,-0.8889038894722464,-1.3789050837416692,0.006500176158999741,0.5208445697928918,0.27246347179225816,0.12263032565456998
1956-04-01,446.01,1.4244586647746749,13.850960691667357,6.100341373293369,0.014144085794387529,0.23239611084313605,-0.8974530923940484,-0.10806737299244254,-0.8274495772225168,-1.3693064668787234,0.006707301447479736,0.5689417146753497,0.2854497919716251,0.12555793327035936
1956-07-01,451.191,1.1616331472388497,15.343673227309784,6.111890753176398,0.011549379883029509,0.18932350136324771,-0.8968032237720374,-0.3120235953380048,-0.6470563628385169,-1.3614686982089514,0.006878616281390153,0.5534740573967318,0.3235698840272664,0.12794847678053933
1956-10-01,460.463,2.0550055298088843,19.300204679120124,6.132232505018907,0.020341751842508415,0.3328225693814524,-0.8956402085504033,0.38124568081590665,-0.16891244070933842,-1.3476641522597999,0.007185204032792855,0.6060502987196164,0.4246096619903685,0.13215890568194322
1957-01-01,469.779,2.0231810156299046,21.911274312628937,6.152262371353458,0.02002986633455084,0.32663253257532165,-0.8944716742746543,0.35654941939204116,0.14663340815458367,-1.3340712615239656,0.007493246687243626,0.6041773805836829,0.49128975773312195,0.13630477909339717
1957-04-01,472.025,0.4780971478077989,22.247948182046564,6.157031950284596,0.004769578931138163,0.07752560998286473,-0.8941899516487063,-0.8424569474273911,0.1873201981782278,-1.3308344768053846,0.007567512874652001,0.5132469870729537,0.499887554421019,0.13729200837112462
1957-07-01,479.49,1.5814840315661272,22.632968112205766,6.172723039048671,0.015691088764075545,0.25484825953112633,-0.8932535939449208,0.013786474851100562,0.23384957415980617,-1.3201860155758436,0.007814350403148675,0.5781828818966732,0.509719986875677,0.14053982174227678
1957-10-01,474.864,-0.9647750735156224,18.79499867411829,6.163028447248976,-0.009694591799695118,-0.1570553504242289,-0.8938338472252573,-1.9621456684754224,-0.22996621562733194,-1.3267650673209097,0.007661387187230978,0.42833189501677,0.41170798202327136,0.13853319075902729
1958-01-01,467.54,-1.5423363320866468,13.18580493036341,6.147484906565892,-0.015543540683084167,-0.2522062134894476,-0.8947525188692659,-2.410341161727853,-0.9078331627974948,-1.3373133978301703,0.007419211961683807,0.39434158962807775,0.2684634009239114,0.13531591756501243
1958-04-01,471.978,0.9492235958420636,11.967300228689638,6.156932374329776,0.009447467763884276,0.15368021080937044,-0.8941958470019652,-0.47685633341907363,-1.055088561696083,-1.3309020521476844,0.007565958773668835,0.5409734517686554,0.23734588144917537,0.13727139768423283
1958-07-01,485.841,2.9372131751903785,12.928239207291137,6.185881409877997,0.02894903554822026,0.4701860242759537,-0.8924569686566767,1.0658509671038214,-0.9389597913952443,-1.311256335569139,0.008024352431746448,0.6579694793048021,0.26188582564437696,0.1432634015629393
1958-10-01,499.555,2.8227341866989386,14.290584133317473,6.213717702137045,0.02783629225904871,0.44999718576237413,-0.8907367798355496,0.9770136949486451,-0.7743214069524853,-1.2923657612214055,0.008477819259047639,0.6512322272442327,0.29667665961383183,0.1490250847425809
1959-01-01,510.33,2.156919658496048,16.051084034874673,6.235057575289601,0.02133987315255581,0.3434316487409328,-0.8893852387426777,0.4603324486669017,-0.5615662859352031,-1.277883859084151,0.008834105175933325,0.6120480908258076,0.3416353617811082,0.153442109361181
1959-04-01,522.653,2.414712049066292,17.184143853276844,6.258917763941196,0.023860188651594783,0.38267792018722435,-0.8878395272914053,0.6603828951497926,-0.42463683846931743,-1.2616915924029668,0.009241577227328438,0.6272195413902781,0.37057083565883636,0.15838080041736072
1959-07-01,525.034,0.45556038136200794,16.366239574814223,6.263463022399424,0.004545258458228396,0.07262051731073971,-0.8875408712039689,-0.8599457886604011,-0.5234799702360101,-1.258607038539407,0.009320307321816122,0.5119206661630968,0.3496836349130616,0.15932159881688124
1959-10-01,528.6,0.6791941093338805,14.797497301629004,6.2702320021701885,0.006768979770764183,0.10807088261808317,-0.8870935769545784,-0.6864029349305267,-0.7130613226014555,-1.2540133981785448,0.009438220600666646,0.5250818306217079,0.30962193620182266,0.16072267323173503
1960-01-01,542.648,2.6575860764282977,15.511336181481084,6.296460859268352,0.026228857098163694,0.4183076015223275,-0.8853314934953984,0.8488564862646861,-0.6267944178799979,-1.2362136793633398,0.009902731464741832,0.6415130249619451,0.3278515706177659,0.16615164212447928
1960-04-01,541.08,-0.2889534283734507,14.629521741433194,6.293567142220994,-0.002893717047358635,-0.045957834282395194,-0.8855281725147602,-1.4376987615887193,-0.7333610457686052,-1.238177445820299,0.009850884010665103,0.4681049645670123,0.3053322664463487,0.16555268732535408
1960-07-01,545.604,0.836105566644485,13.788400175186144,6.301893437880677,0.00832629565968368,0.13229851166320916,-0.8849607134053261,-0.5646374824133618,-0.8350099697241529,-1.2325269624248556,0.010000474496789544,0.5343162941073094,0.2838521550587108,0.16727610211079583
1960-10-01,540.197,-0.9910117961012044,13.758254995114406,6.29193388784439,-0.009959550036287013,-0.15804059739283893,-0.8856389298961993,-1.9825057266442583,-0.8386529926113325,-1.2392858230762518,0.009821686751768576,0.4267878264009339,0.28308232361968294,0.16521462885901175
1961-01-01,545.018,0.8924521979944311,16.57141634940327,6.300818821640783,0.008884933796393213,0.14121149323513826,-0.8850342171714907,-0.5209117202431548,-0.498684507612572,-1.2332562304533012,0.009981097833467501,0.5376323738802972,0.3549233293272629,0.16705367312289954
1961-04-01,555.545,1.931495840504338,17.705698146947512,6.3199496138995155,0.019130792258732043,0.3036239066742441,-0.8837137834745382,0.2854004604209895,-0.36160738486421545,-1.2202734793695198,0.0103291833877186,0.5987815770115316,0.3838900094528611,0.1710134520670412
1961-07-01,567.664,2.1814614477675187,16.841518109834276,6.341529694391061,0.02158008049154514,0.3414596920849444,-0.8821936603650706,0.4793772152342412,-0.4660429081006093,-1.2056285650554346,0.0107299099795272,0.6134924101940875,0.3618210432046301,0.17548019590010425
1961-10-01,580.612,2.2809267453986815,16.22584099848865,6.364082719651143,0.022553025260082293,0.3556401427881051,-0.8805695532587592,0.5565636564501849,-0.5404470351420521,-1.1903233801379496,0.011158048267400598,0.6193460850933097,0.34609821137958235,0.18014832429456767
1962-01-01,594.013,2.3080818171171247,16.397821017772827,6.386901204645046,0.02281848499390282,0.3585510433961492,-0.8788886249816755,0.5776363661974855,-0.5196633760330709,-1.1748380459825059,0.011601165443473465,0.6209441998679145,0.3504901448632938,0.1848713987597575
1962-04-01,600.366,1.0695052128488758,14.868947466100835,6.397539469241772,0.01063826459672601,0.1665637882262594,-0.8780917488273354,-0.3835161415977783,-0.7044266226645438,-1.1676185885050112,0.011811233604027966,0.5480521968091774,0.3114465921767821,0.18707335545776593
1962-07-01,609.027,1.442620001798911,15.997630629635417,6.4118626017025,0.014323132460728694,0.2238850190700914,-0.8770053731980673,-0.09397392526736423,-0.5680260907272424,-1.1578984650013548,0.012097618042649493,0.5700105353113599,0.34027029739010606,0.19003802297205863
1962-10-01,612.28,0.5341306707255855,15.830495648883836,6.417189694223507,0.005327092521006271,0.08308182585807788,-0.8765973394927206,-0.7989741617139853,-0.5882242304854843,-1.1542833342077552,0.012205181670271684,0.5165446399672841,0.33600209390159846,0.19114064896437982
1963-01-01,621.672,1.5339387208466837,14.562663089148021,6.432412622461478,0.015222928237971445,0.2372211039931571,-0.8754192723053189,-0.023109341261053976,-0.7414408648276136,-1.1439525812829965,0.012515737339078218,0.5753847724196758,0.30362486604676,0.1942915603270488
1963-04-01,629.752,1.2997207530659027,16.387964811118483,6.445326091091115,0.012913468629636604,0.20075622301567453,-0.8744057732769751,-0.2048657108932806,-0.5208544913734703,-1.1351890995317235,0.012782910444269525,0.5616007103236744,0.35023844234454904,0.19696444916949227
1963-07-01,644.444,2.3329818722290785,18.115702964054492,6.468387929542881,0.023061838451766015,0.3578071632968749,-0.8725629109348428,0.596959151992583,-0.3120586036321876,-1.1195386181452562,0.01326871579841194,0.6224096036928605,0.394360492548689,0.20173789404722947
1963-10-01,653.938,1.473207912557184,21.05546680192596,6.483012545740037,0.014624616197155937,0.2260936783083256,-0.8713720495765388,-0.07023728513366731,0.04320969859001084,-1.109613898394204,0.01358264419701173,0.571810677568907,0.469434604573397,0.20476496404519143
1964-01-01,669.822,2.428976447308462,22.899060214525015,6.507012005446258,0.023999459706221415,0.37018993156185953,-0.8693796710411164,0.6714522646949664,0.2660066094317763,-1.093327118040458,0.014107864197365535,0.6280590216103276,0.516515304254936,0.20973248206170717
1964-04-01,678.674,1.3215451269143141,22.163641109181075,6.520140894444907,0.013128888998648947,0.20176524935962004,-0.8682693376996684,-0.18792969612990232,0.1771317502980294,-1.0844174453216893,0.014400564237854825,0.562885105911183,0.49773456561584967,0.21244995959811674
1964-07-01,692.031,1.9681025057685986,21.908558583951066,6.539630752302144,0.019489857857236892,0.2989177407783039,-0.8665939284766995,0.3138077369669184,0.14630521433702123,-1.0711910211466376,0.014842226510879616,0.6009359315724181,0.49122040491084257,0.21648405958329506
1964-10-01,697.319,0.7641276185604395,20.100686861449635,6.54724298181215,0.007612229510005619,0.11640151865341952,-0.8659306385185457,-0.6204933617094269,-0.07217475647371127,-1.0660251252660888,0.015017079404475116,0.530080289007727,0.4450519465901751,0.21805967368876605
1965-01-01,717.79,2.935672195939021,20.83742275000715,6.5761770471592325,0.02893406534708287,0.44192747126476917,-0.8633628985916613,1.0646551459759244,0.016859234944967768,-1.0463895679319912,0.015693973047590376,0.6578787904738356,0.4638663125326573,0.2240485789667219
1965-04-01,730.191,1.7276640800234055,21.624309171405454,6.5933061437552745,0.017129096596042004,0.26047195008902513,-0.8618074033626401,0.1272242062600145,0.11195388145041253,-1.0347652298288499,0.016104024245297978,0.5867857866363194,0.48396139588246506,0.2275940377807559
1965-07-01,749.323,2.620136375277138,23.036088711994694,6.619170132214801,0.025863988459526865,0.3922764679147095,-0.859407618287111,0.8197950022566894,0.2825664027814896,-1.0172131222285716,0.01673664254338215,0.6393090565344355,0.520014664522278,0.2329474844926562
1965-10-01,771.857,3.007247875749175,26.06274906905337,6.648799299706374,0.029629167491572517,0.4476266193456757,-0.8565811099820739,1.1201988595497205,0.6483360855713909,-0.9971058469437661,0.017481751299864942,0.6620911215106675,0.5973078932433602,0.23908026519398984
1966-01-01,795.734,3.093448656940345,27.999009123782326,6.67926495914259,0.030465659436216264,0.4582129503828192,-0.853586145093489,1.1870918532735548,0.8823316921036094,-0.9764309021890282,0.01827126766529228,0.6671641606627066,0.646755063925934,0.24538618682668414
1966-04-01,804.981,1.16207174759404,27.825080349089816,6.6908186746555485,0.011553715512958362,0.17297884697842214,-0.8524262656980565,-0.3116832354201294,0.8613125273337839,-0.9685901912258376,0.01857702876723585,0.5534998696543847,0.6423133641719021,0.24777762774539114
1966-07-01,819.638,1.8207883167428829,27.185294610548016,6.708862779370003,0.018044104714454612,0.2696845571799056,-0.8505877935126065,0.1994898968527461,0.7839948903897586,-0.956344900133383,0.01906167681213548,0.5922662810396584,0.6259748591572017,0.2515124791278043
1966-10-01,833.302,1.6670774171036573,27.428288308677583,6.7253961214812845,0.016533342111281435,0.24644030821621143,-0.8488738763438824,0.08020812118010423,0.8133605004680464,-0.945124859566804,0.019513490340518407,0.583220174946541,0.6321803018800722,0.2549346259517896
1967-01-01,844.17,1.3042090382598293,26.029004720657124,6.7383538961142575,0.012957774632972985,0.19266931492087913,-0.8475106699775407,-0.2013827397512643,0.6442581058337363,-0.936331310382617,0.019872851393392062,0.5618648523209937,0.5964461481742274,0.25761668545359406
1967-04-01,848.983,0.57014582370849,25.09437520812643,6.744039162553747,0.0056852664394897445,0.08437174014810367,-0.8469069607172166,-0.7710259068471821,0.5313088151982147,-0.9324731116195636,0.02003199794726406,0.5186641831851554,0.5725780810113456,0.2587934479229398
1967-07-01,865.233,1.914054816174171,25.02806955179753,6.762998834821716,0.01895967226796902,0.28113229788526706,-0.8448686736862033,0.2718659852696829,0.5232958252946608,-0.9196064878877229,0.020569320095699554,0.5977551478068777,0.5708848027258653,0.26271780766817004
1967-10-01,881.439,1.8730214866978123,26.403984403121108,6.7815557992165925,0.018556964394876196,0.2743895843856814,-0.8428359057093048,0.2400235563125396,0.6895741252501991,-0.9070131542530792,0.021105187341086976,0.5953402777315074,0.6060221781687569,0.2665588130946169
1968-01-01,909.387,3.1707242361638244,26.692625976957054,6.812770746149081,0.031214946932488274,0.4602918247180732,-0.8393303028820581,1.2470587673150642,0.7244562476052002,-0.8858297196813631,0.02202931530443929,0.671711938925038,0.6133933518562452,0.27301982568280947
1968-04-01,934.344,2.7443761566857905,27.958849123037677,6.839844678771149,0.027073932622068142,0.39739973104733206,-0.8361998703015658,0.9162067841822905,0.8774783854882985,-0.8674565063121706,0.02285454292650111,0.6466207452061319,0.6457294793684346,0.27862371217543713
1968-07-01,950.825,1.763911364550963,26.891207129635685,6.857330028787822,0.017485350016673173,0.25563957718137686,-0.8341326082364502,0.15535259840335977,0.7484546341614978,-0.8555904035491947,0.02339950331593898,0.5889189911273042,0.6184646108159396,0.2822429099530601
1968-10-01,968.03,1.8094812399757965,25.41571819650532,6.87526307853188,0.01793304974405796,0.2615165037817002,-0.8319745326445374,0.19071544951289876,0.5701428795001404,-0.8434204778163016,0.02396840347371329,0.591600843414362,0.5807843658826427,0.28595477466939734
1969-01-01,993.337,2.6142784831048704,24.832795884051695,6.9010699820996955,0.025806903567815453,0.37535877933745354,-0.8288001984972232,0.8152491972314965,0.49969714586502517,-0.8259071098003392,0.024805204188202954,0.638964311209304,0.5658980085422751,0.2912964056891313
1969-04-01,1009.02,1.5788196754978445,25.34705788086924,6.916734841762714,0.015664859663018227,0.22699175205658229,-0.8268330320044613,0.011718897837402377,0.5618453307474719,-0.8152764484551717,0.025323777926905343,0.578026080734751,0.5790309555707971,0.2945387900408949
1969-07-01,1029.956,2.0748845414362282,25.659864476756788,6.937271361864621,0.020536520101907207,0.2969106171008429,-0.8242069657102278,0.39667206769603114,0.5996477782819439,-0.8013397267029171,0.02601604724996044,0.6072202069605371,0.587019242629506,0.2987895329680916
1969-10-01,1038.147,0.7952766914314902,24.582324295393487,6.945192672195991,0.007921310331370002,0.11418481299312333,-0.8231795436135491,-0.5963212520455311,0.46942783820460865,-0.7959640789566705,0.026286890678750296,0.5319134564574987,0.5595015994621675,0.3004291220366443
1970-01-01,1051.2,1.2573363887773192,24.524681047656284,6.957687647730346,0.012494975534354857,0.1799082635155269,-0.8215422660371912,-0.23775656147684054,0.46246169402174886,-0.7874845996456962,0.026718500894352053,0.5591063299190072,0.5580295371208523,0.3030153892627661
1970-04-01,1067.375,1.5387176560121674,25.72395442547142,6.972957642227771,0.015269994497424833,0.21946938797123838,-0.8195133864847826,-0.019400821737056255,0.6073930015464905,-0.7771219060923076,0.02725334309441015,0.5756660195831532,0.5886559373624216,0.30617604261524095
1970-07-01,1086.059,1.7504625834406706,25.52214259049297,6.99031082682665,0.017353184598879245,0.24886404721276012,-0.8171697954147854,0.1449161589886302,0.5830041894053585,-0.7653454948955718,0.027871147834186684,0.5881275111409638,0.5835021749710678,0.3097678841897623
1970-10-01,1088.608,0.23470179796860613,23.50349825682776,6.992655094861577,0.002344268034927488,0.0335359627490428,-0.8168500665752745,-1.0313350919664261,0.3390525032280911,-0.7637546016403676,0.027955433013039734,0.49892282292854656,0.5319511187633175,0.31025311151744356
1971-01-01,1135.156,4.275919339192802,24.826504007644722,7.034525365404734,0.04187027054315706,0.598774999984264,-0.811011409054068,2.104705392657976,0.4989367772190473,-0.7353401328133238,0.029494588173985904,0.736754250036739,0.5657373299775083,0.3189196117564303
1971-04-01,1156.271,1.8600967620309383,23.752172647333314,7.052955450823867,0.018430085419132602,0.2619947254689059,-0.8083628902442314,0.2299937919174108,0.36910462081077916,-0.7228329032008014,0.03019277630716839,0.5945796392157269,0.5383016319610059,0.3227343551917474
1971-07-01,1177.675,1.8511231363581793,23.85822838061682,7.071297434805258,0.018341983981390975,0.2600609646449481,-0.8056781212835046,0.22303013477285816,0.38192137834047307,-0.7103854619661388,0.030900520508098436,0.5940515285217799,0.5410100263901153,0.3265308629882368
1971-10-01,1190.297,1.0717727726240245,22.96075534849127,7.081958134797643,0.010660699992384615,0.1507601694126448,-0.8040949053508616,-0.38175648397389844,0.2734624210916108,-0.7031507791308356,0.031317879287024765,0.5481856459422357,0.5180908414933679,0.3287374634671264
1972-01-01,1230.609,3.3867177687585404,23.886354781911876,7.115264447785253,0.033306312987610553,0.4702980779278887,-0.7990384483173719,1.4146727241793802,0.38532043329413573,-0.680548078459132,0.03265083500688516,0.6844234669680396,0.5417283033396018,0.3356313565736774
1972-04-01,1266.369,2.9058783090323503,25.50484628649581,7.14390902942954,0.028644581644287292,0.4025792977125908,-0.794552962518662,1.0415346792897051,0.5809139437615999,-0.6611089737760998,0.0338332743932269,0.6561253776545972,0.5830604712371936,0.3415603431898497
1972-07-01,1290.566,1.9107384972310681,25.303022653394926,7.162836160818753,0.01892713138921298,0.2649408231717665,-0.7915178590546972,0.2692924760835511,0.5565237058260308,-0.6482644332974367,0.03463337187173112,0.5975599776981323,0.5779064075517175,0.345477967475054
1972-10-01,1328.904,2.9706345897846376,28.007305323812524,7.19210982134121,0.02927366052245617,0.4086881210907167,-0.7867090068580826,1.0917864452491686,0.8833342817884184,-0.628398416107234,0.0359010553502985,0.6599363773121089,0.6469669278322869,0.3515371637167498
1973-01-01,1377.49,3.6560955494151504,31.039764079147638,7.228018281472588,0.035908460131378384,0.49927574833223964,-0.780614716784925,1.6237135929719804,1.2498046967544012,-0.6040298173904304,0.037507598975153066,0.7002767342943493,0.7244082329383362,0.35896966114925316
1973-04-01,1413.887,2.6422696353512576,32.463941913573,7.254097928128763,0.026079646656175015,0.3608132359463445,-0.7760493301345994,0.8369707169864968,1.4219155427960786,-0.5863313574254203,0.038711101389713475,0.6406116305177183,0.760778122555786,0.3643677457817722
1973-07-01,1433.838,1.4110745766811705,32.022109296087976,7.2681100440665976,0.01401211593783458,0.19316138376765934,-0.7735468153927073,-0.11845360973492046,1.3685203952477814,-0.5768222994147695,0.039370800724078794,0.5681540419654921,0.7494948381660925,0.3672680376726208
1973-10-01,1476.289,2.960655248361399,35.612543725565125,7.2972867854522,0.029176741385602334,0.401435052698762,-0.7682220570694123,1.0840423388272993,1.8024217609180413,-0.5570220545675002,0.04077448457166249,0.6593490788091013,0.8411854267444943,0.3733071731477676
1974-01-01,1491.209,1.0106422252011749,31.36599727262157,7.307342479320839,0.01005569386863936,0.13780044781419587,-0.7663505959923219,-0.42919463092087884,1.2892297387529883,-0.5501979477189372,0.04126782896887219,0.5445880258722512,0.732739401244282,0.3753885466900263
1974-04-01,1530.056,2.605067431862329,32.32676422741729,7.333059615023859,0.0257171357030197,0.35193554668877525,-0.7614778983742436,0.8081012945739698,1.4053377201031527,-0.5327454989701019,0.04255234303042748,0.6384222276812995,0.757274952387804,0.3807115971462336
1974-07-01,1560.026,1.9587518365340895,32.46659732099264,7.352457766771362,0.019398151747503256,0.26453012474847437,-0.7577186699238148,0.30655148882421895,1.4222364468338553,-0.5195813094155213,0.043543330402034355,0.6003856313260754,0.7608459349261285,0.3847267153810766
1974-10-01,1599.679,2.5418166107487927,34.39326487422887,7.377558263099985,0.025100496328622768,0.34138919426456305,-0.7527448732689981,0.7590177860336952,1.6550728066009146,-0.5025473313394101,0.044854495642152055,0.6346998264747957,0.8100481374509256,0.3899221309971872
1975-01-01,1616.116,1.027518645928338,31.326522071592212,7.387781018683041,0.010222755583056298,0.13856556896592043,-0.7506831302579972,-0.41609829594359726,1.2844591896806743,-0.4956098512115509,0.045398001128541844,0.5455812273480629,0.7317313047345904,0.39203808373774435
1975-04-01,1651.853,2.2112892886401836,30.440100792107216,7.4096529670708495,0.02187194838780826,0.29605572136608416,-0.7462005294193927,0.502524030665829,1.1773358286271962,-0.4807668662585038,0.046579679997381176,0.6152478212527441,0.7090943535687019,0.39656523972386737
1975-07-01,1709.82,3.5092105653468986,32.48605650544023,7.4441433807982555,0.03449041372740602,0.46547947495900743,-0.7389295519223622,1.5097288218176148,1.424588074992643,-0.4573605979689527,0.04849641556528026,0.6916323430866603,0.7613428731407933,0.4037042234212194
1975-10-01,1761.831,3.0418991472786594,32.57774827978543,7.474108888161716,0.029965507363460375,0.40253801989835747,-0.7324056536595909,1.1470887236195615,1.4356689586268012,-0.4370250719783103,0.05021621016603585,0.6641303983560497,0.763684448491254,0.40990662128867794
1976-01-01,1820.487,3.3292637034993744,32.159725297461335,7.5068593266946335,0.03275043853291759,0.4381851940208126,-0.7250482527924453,1.370087578039384,1.3851511880130671,-0.4147996050134763,0.052155728193028605,0.6810422131269966,0.753009201792994,0.41668545695633613
1976-04-01,1852.332,1.7492572042535848,31.009903903211523,7.524200664798704,0.017341338104070125,0.23100656811836373,-0.7210538373768997,0.14398076813390284,1.2461961164078381,-0.403031233216847,0.05320871427407035,0.5880565728533446,0.7236456797820499,0.42027484648914
1976-07-01,1886.558,1.8477249218822545,31.573999294201993,7.542509283697193,0.018308618898489115,0.2433297530745504,-0.7167607658739175,0.22039307352504703,1.3143666304017974,-0.3906064345659491,0.05434043044959976,0.5938515387439011,0.7380512453007083,0.42406444822805694
1976-10-01,1934.273,2.529209279545075,31.022652068802238,7.567486824272659,0.024977540575465973,0.33115690860936464,-0.7107757279856222,0.7492343233384524,1.2477367228631988,-0.3736558980909993,0.05591817360729819,0.6339578670178699,0.723971235596887,0.42923441389960565
1977-01-01,1988.648,2.8111336920900065,33.358100708887875,7.595210289838897,0.027723465566237948,0.3663497038054242,-0.7039553059972314,0.9680115513213416,1.5299739769587926,-0.3548418914488035,0.05771613618090926,0.6505495215596565,0.7836126702505937,0.4349727436939568
1977-04-01,2055.909,3.382247637590985,34.368219202434425,7.628473364895133,0.0332630750562366,0.4379480460302343,-0.6955185537515093,1.4112038408119214,1.6520460555463574,-0.33226853338313606,0.059940186951735086,0.6841603933611141,0.809408534518946,0.44185768721557017
1977-07-01,2118.473,3.043130800049987,35.79728799391803,7.658450825118747,0.029977460223613583,0.3929680132536584,-0.6876709605325362,1.1480445031376105,1.8247479701588973,-0.311924895809554,0.06200892682217927,0.6642028828816459,0.8459033267742772,0.44806255914073195
1977-10-01,2164.27,2.161792951810093,35.29401836243395,7.6798384011297705,0.02138757601102359,0.27926765476999904,-0.6819265032304245,0.46411419141408006,1.7639282045593594,-0.2974106210277642,0.06352324943337313,0.6123348911011635,0.8330510968754207,0.45248945751531566
1978-01-01,2202.76,1.778428754268191,36.29962205683257,7.697466398516355,0.017627997386584937,0.22953604575834952,-0.6770985852105043,0.1666182928184408,1.8854546729834487,-0.2854477133195839,0.06479595894065203,0.5897733602571799,0.8587316646248369,0.4561381810984659
1978-04-01,2331.633,5.850523888212944,41.152572293055115,7.754324159442312,0.056857760925956846,0.7386555261470917,-0.6609336520075644,3.3266202147699904,2.4719301472990773,-0.2468622670244405,0.0690572707705183,0.8294219778203487,0.9826637046720732,0.46790686069524934
1978-07-01,2395.053,2.719982089805728,40.076323823560365,7.7811606390364885,0.026836479594176232,0.3460840563583867,-0.6529786880994497,0.8972766522257375,2.3418663096530286,-0.22865019667083866,0.07115431511844317,0.6451851195116783,0.9551790485495696,0.4734615980733316
1978-10-01,2476.949,3.4193815335193056,40.58947765137519,7.814782839854706,0.03362220081821743,0.43209750290389426,-0.642706223195335,1.440020255616398,2.4038805731248165,-0.20583312468509335,0.07386228648264458,0.686345776199981,0.9682836957525133,0.48042087508889325
1979-01-01,2526.61,2.004926221734893,38.787588156355966,7.834633762276176,0.019850922421469797,0.25401758216787584,-0.6364770925955103,0.3423834478477602,2.186123550114765,-0.19236167085840905,0.0755043760342418,0.6031030598772797,0.9222680083484653,0.48452970987018396
1979-04-01,2591.247,2.5582499871368958,39.89106704413678,7.859894506006917,0.025260743730741275,0.32242405321321055,-0.6283694766679038,0.7717703125003972,2.3194781638254294,-0.17521894390742696,0.07764166167783718,0.6356669541581534,0.9504480602869706,0.4897582942270441
1979-07-01,2667.565,2.94522289847321,41.3985151794962,7.888921350264221,0.029026844257304063,0.36930322964412454,-0.618796677305881,1.072066622714875,2.5016521646203107,-0.1555204239170559,0.08016519101471717,0.6584408629657075,0.9889444621841211,0.4957664033084904
1979-10-01,2723.883,2.111213784856214,40.82205562503327,7.909813714805109,0.020892364540888053,0.2648317002195588,-0.6117325389051051,0.42486406106898317,2.431987450545151,-0.14134221505264435,0.08202740078429195,0.6093582348494587,0.9742231472907459,0.5000908005463821
1980-01-01,2789.842,2.421506356917691,40.288376826869325,7.933740242387453,0.023926527582343482,0.3024916697792701,-0.6034591004879603,0.6656553716422443,2.367492759470589,-0.1251049287082165,0.0842083996512862,0.627619396116243,0.9605943444044633,0.5050432227380842
1980-04-01,2797.352,0.26919087174110956,36.063998941587386,7.936428534407685,0.0026882920202320193,0.03388429590711617,-0.6025170982970118,-1.0045710955904716,1.8569797924372375,-0.12328057006863859,0.08445672514880931,0.5009525542041535,0.8527144478941433,0.5055996577248558
1980-07-01,2856.483,2.1138204988146114,34.836884869431906,7.9573464268077565,0.020917892400071914,0.2635680811511554,-0.5951001167320367,0.426886907011321,1.708683957434621,-0.10908503720441542,0.08641194951552557,0.6095116436908448,0.8213770669340461,0.5099293388358834
1980-10-01,2985.557,4.518633578424924,37.947529652030475,8.001541608084143,0.04419518127638611,0.5554009955818451,-0.5789099714864362,2.293054985982806,2.084603096412223,-0.07909281158960722,0.09067990760704325,0.7510383298486287,0.9008150448659621,0.5190770597396468
1981-01-01,3124.206,4.643991054265606,41.83142966097078,8.04693544988671,0.04539384180256789,0.5673137006087181,-0.5615188048056385,2.3903341141852477,2.5539695619770435,-0.04828713763272789,0.09526447244140834,0.7584157964348096,1.0,0.5284728848854381
1981-04-01,3162.532,1.2267436910370133,35.63592555089075,8.059128251561658,0.012192801674947518,0.15152105731279786,-0.5567114578056006,-0.26149691637454153,1.8052474373479903,-0.040012722908083956,0.09653175912823533,0.557305905940727,0.8417825392578274,0.5309966067830775
1981-07-01,3260.609,3.101217631948061,36.13932551805743,8.089669266729924,0.030541015168266128,0.3789617712355975,-0.544409360750789,1.1931206849065215,1.8660829539191137,-0.019286639408086163,0.09977477108836502,0.6676213759435976,0.8546380975994354,0.5373181258900978
1981-10-01,3280.818,0.6197921921947902,32.453998851005814,8.095848060529514,0.0061787937995898545,0.07637881841475735,-0.5418744842824967,-0.7324996409633477,1.4207139309823582,-0.015093517617143474,0.1004430014451486,0.5215859429140957,0.760524201957328,0.5385970409113322
1982-01-01,3274.302,-0.19860900543705595,29.592695350687293,8.093859995582983,-0.0019880649465306988,-0.024556599032821147,-0.5426918060236711,-1.3675902447869397,1.0749275029689394,-0.016442680369533842,0.10022754353012055,0.47342186295692673,0.6874537679475218,0.5381855421292436
1982-04-01,3331.972,1.7612914141700964,28.58565779333273,8.11131959989008,0.017459604307097365,0.21571418725583325,-0.5354580821419149,0.1533194808148382,0.9532277532589802,-0.004594049446426087,0.10213445850244515,0.5887648033035411,0.6617365829750497,0.5417994109420594
1982-07-01,3366.322,1.030921028147902,26.194563206519806,8.121576032682812,0.010256432792731474,0.12644592123913778,-0.531149456940973,-0.41345800046930653,0.664265727341694,0.002366285084141397,0.10327027485929188,0.5457814624036103,0.6006740919818822,0.5439223343456171
1982-10-01,3402.561,1.0765161502672704,24.91582788247515,8.132283662359038,0.01070762967622585,0.1318417710200137,-0.5266038887122413,-0.37807555757700484,0.5097315019347207,0.00963281586361288,0.10446855284927056,0.5484648004947186,0.5680184351802839,0.5461386485452672
1983-01-01,3473.413,2.0823138806328467,24.502140264574113,8.152892963036475,0.020609300677437048,0.25342574771252124,-0.5177167063909274,0.40243733726069425,0.4597376569296538,0.02361892877975965,0.10681134354840603,0.6076574341886133,0.5574539026932036,0.5504044559291067
1983-04-01,3578.848,3.035486997946979,27.936991840855207,8.182796239900474,0.029903276863999295,0.3667811781606245,-0.5044916729684729,1.1421128074031048,0.8748369489782896,0.043912223216507326,0.11029765497734734,0.663753034205066,0.6451712998201378,0.5565939730429552
1983-07-01,3689.179,3.0828635359758216,29.15109244480012,8.21315921905435,0.030362979153876424,0.3710587220273398,-0.490652519342705,1.1788776535823062,1.0215601158986503,0.06451748593566604,0.11394585743636496,0.6665412111680493,0.6761763498093987,0.5628786414408389
1983-10-01,3794.706,2.8604467281202695,27.102111934222005,8.241362216473016,0.028202997418665277,0.3433879298630371,-0.47741594607982873,1.0062791466272354,0.7739423250061264,0.08365691781862608,0.11743521093531585,0.6534516641972345,0.6238505845877399,0.5687162269328426
1984-01-01,3908.054,2.9870034727327965,25.089510742889544,8.270794830876829,0.029432614403813062,0.3571328820493047,-0.4631983609480568,1.1044889239179991,0.5307209481445203,0.1036308060602493,0.12118317345106146,0.6608997094643662,0.5724538549073879,0.5748083241764402
1984-04-01,4009.601,2.598403195042853,26.784519492609093,8.296447014103155,0.025652183226325675,0.31015378510612646,-0.4504610112164687,0.8029297549941754,0.7355615115282257,0.12103917603671634,0.1245409243561186,0.6380300278214318,0.6157400791679876,0.5801179304717312
1984-07-01,4084.25,1.861756319394381,25.26034246976563,8.314893391906619,0.01844637780346403,0.2223406932161165,-0.4410975596116619,0.23128163129384186,0.5513658369587511,0.13355746216835596,0.127009266575107,0.594677306538035,0.5768164639155168,0.5839360461793281
1984-10-01,4148.551,1.574364938483197,26.448678347899836,8.330514395628871,0.01562100372225217,0.18786775711949755,-0.4330320891882043,0.008261960544673163,0.6949753556744255,0.1441583615070781,0.12913544204997165,0.5777639130957221,0.6071635481570258,0.5871693530277415
1985-01-01,4230.168,1.967361616140173,29.19296998261003,8.349996987563708,0.019482591934837146,0.23387021508611827,-0.4227946201044991,0.313232796408614,1.0266209856077437,0.1573798548010334,0.13183418800620914,0.600892329159071,0.6772457959071969,0.5912019490790451
1985-04-01,4294.887,1.5299392364558573,28.899252454702484,8.365180524409853,0.015183536846144818,0.18183883022662162,-0.41467671866695144,-0.026212996246045343,0.9911254379285913,0.1676838755012188,0.13397418506003045,0.5751493970481041,0.669744995227331,0.5943447070311377
1985-07-01,4386.773,2.139427649668102,30.31352912763545,8.386349156038992,0.02116863162913951,0.2530564829697157,-0.4031511776126937,0.4467584088429457,1.1620397358706842,0.18204956781069118,0.13701248554810086,0.6110186611106038,0.7058620342934954,0.5987262872954416
1985-10-01,4444.094,1.306678052408916,30.61026679609857,8.39933130265103,0.012982146612037226,0.1548009314957799,-0.39596122986471144,-0.19946675075793205,1.1979002653194024,0.1908596565784632,0.13890786049397597,0.562010157331832,0.7134399617028891,0.6014133914210243
1986-01-01,4507.894,1.4356131981006826,29.78283895407774,8.413585361129886,0.014254058478856635,0.16970468201864541,-0.3879586013983331,-0.09941130146434177,1.0979062178863408,0.20053290432805354,0.14101746991367964,0.5695981749011575,0.6923095532993314,0.6043637616863946
1986-04-01,4545.34,0.8306761427841813,27.005673333989044,8.421857811294387,0.008272450164501066,0.09832253206485397,-0.3832616354805901,-0.5688507901258043,0.7622877909472761,0.20614684649449375,0.1422556585395452,0.5339967647546084,0.6213877873439186,0.6060760312847905
1986-07-01,4607.669,1.3712725560684147,24.896867297574875,8.435477368198493,0.013619556904105323,0.16171677567200504,-0.37544351902791157,-0.1493405260511467,0.5074401291652885,0.21538950172622828,0.14431662790507355,0.5658116361762573,0.5675342299334135,0.6088950695100788
1986-10-01,4657.627,1.0842358685053233,22.740127957211964,8.446261369951541,0.0107840017530485,0.12784103711431793,-0.3691771348128123,-0.372084949875868,0.24679976278084545,0.22270786097415682,0.14596853805224527,0.5489191169443283,0.5124565775177234,0.6111271915517478
1987-01-01,4722.156,1.38544799744591,20.8313907637919,8.460020753948546,0.013759383997005159,0.16290502264062479,-0.3610830656543966,-0.13834018825844807,0.01613027383791824,0.23204540722333253,0.14810225257017717,0.5666458811577033,0.46371227090420364,0.613975171828719
1987-04-01,4806.16,1.7789331822159138,19.866290935182818,8.477653707460941,0.017632953512395133,0.20842683517254823,-0.35054618788496644,0.1670097358549757,-0.10050133213255937,0.24401167831274992,0.15087992701677255,0.5898030465627193,0.4390660691533565,0.6176249212534737
1987-07-01,4884.555,1.6311358756262884,19.594907265715868,8.49383346513811,0.016179757677168283,0.1908518351360522,-0.340712864082118,0.052316989855683636,-0.1332978494106826,0.25499176547681907,0.15347213439071722,0.5811049638709597,0.4321356185706356,0.6209738815529157
1987-10-01,5007.994,2.5271288786798296,20.716703253738444,8.51879071469615,0.024957249558040573,0.2938278653622506,-0.32522953406234884,0.7476199036069968,0.0022703724207063323,0.2719285318357743,0.15755376569414664,0.6338354324541051,0.46078344278996225,0.6261396472968047
1988-01-01,5073.372,1.3054728100712731,19.933109039641007,8.531760964269115,0.012970249572964221,0.15225458644720913,-0.3170289722461281,-0.20040203541560647,-0.09242641324868257,0.2807305469025292,0.1597155532277107,0.561939227097998,0.4407724340642892,0.6288242889187869
1988-04-01,5190.036,2.2995356934204736,20.84220143626596,8.554495912552062,0.022734948282947087,0.26647427627379816,-0.30239545112698135,0.5710044564757467,0.01743673567211771,0.29615919044578976,0.1635731625277155,0.620441248276152,0.463988348059084,0.6335300725731922
1988-07-01,5282.835,1.7880222796142542,20.426450149118725,8.572218164422178,0.01772225187011678,0.20716886244709354,-0.29075538969984277,0.1740630006493414,-0.03280650224676083,0.3081860621802202,0.16664165225403335,0.5903379529327233,0.4533711146937307,0.6371983053807504
1988-10-01,5399.509,2.2085490082503156,21.498532659300196,8.594063302492428,0.021845138070249348,0.2548364688257143,-0.27612061425021545,0.5003975353326318,0.09675388227380573,0.32301085281728514,0.17049959221382183,0.6150865518360026,0.48074938278188073,0.6417199120446332
1989-01-01,5511.253,2.069521506492533,22.25782150157034,8.61454728101312,0.020483978520692503,0.23835033324401955,-0.26210422372753556,0.3925102786974641,0.18851338159633843,0.3369119182171402,0.17419451690026955,0.6069045846904467,0.5001396939590441,0.6459597796748651
1989-04-01,5612.463,1.8364244936677654,23.477297627900207,8.632744939601162,0.018197658588041676,0.21124335376450087,-0.2494091449331445,0.21162378555360706,0.33588617645165664,0.3492614157476644,0.1775411245706176,0.5931864923954259,0.5312820211555827,0.6497264143408557
1989-07-01,5695.365,1.4771055060853078,23.606209560625977,8.647407965135688,0.014663025534526142,0.16985357076011454,-0.23901049438267905,-0.06721269886180242,0.35146508890906925,0.35921220127056885,0.18028236030905448,0.5720400565176088,0.534574104946158,0.6527614344792677
1989-10-01,5747.237,0.9107756921637122,23.39410176040286,8.656474496564698,0.009066531429009927,0.1048468103455269,-0.2325040313135885,-0.5066924363396118,0.3258320169246501,0.36536503169934476,0.18199755873881732,0.5387107376960122,0.5291574097170629,0.6546380666523344
1990-01-01,5872.701,2.183031602838015,24.36482403376763,8.678069943278105,0.021595446713407185,0.24947161482400393,-0.21676669937149304,0.4805956771997216,0.4431430912173641,0.38002037400986827,0.18614614864843643,0.6135848160637017,0.5539471944462443,0.6591079910563302
1990-04-01,5960.028,1.4869989124254746,24.00810626362835,8.692830458034937,0.01476051475683171,0.1700898339528356,-0.20581300758335164,-0.05953527924825593,0.4000340105023535,0.3900373187534379,0.1890337013411396,0.5726222976181783,0.5448375273731129,0.6621631899601873
1990-07-01,6015.116,0.9242909597068971,23.145629438096194,8.702030913343355,0.009200455308418398,0.10583958070773392,-0.1989031518316926,-0.496204402537027,0.29580431913549304,0.3962810340952388,0.19085523995732506,0.5395061305039359,0.5228120568286498,0.6640675423107891
1990-10-01,6004.733,-0.17261512496183906,19.902959148912736,8.700303270578035,-0.0017276427653207804,-0.019853328292274153,-0.200205523169724,-1.3474186354411892,-0.09607000541524698,0.39510860194080893,0.19051191590395858,0.4749516399675521,0.44000248232704153,0.6637099469037304
1991-01-01,6035.178,0.5070167149813232,18.957923842367542,8.705360627711421,0.005057357133386731,0.058128515479327625,-0.19638671402146562,-0.8200149648988995,-0.2102768286202833,0.39854068190469943,0.19151860961528894,0.5149489449265136,0.4158686775782058,0.664756741830932
1991-04-01,6126.862,1.5191598325683175,18.050472096918014,8.72043798921429,0.015077361502868314,0.17319628844407742,-0.18488651044291654,-0.034577962162035576,-0.3199417060506587,0.4087726487121683,0.19455023077572953,0.5745150137258016,0.3926946616530962,0.6678775231245044
1991-07-01,6205.937,1.2906280572338558,17.473610286900865,8.733261693490476,0.012823704276186731,0.14705344263725717,-0.17496789216738576,-0.21192176812177538,-0.3896550324143179,0.41747521357922257,0.19716492301496252,0.5610655921807048,0.37796307417314406,0.6705318321302156
1991-10-01,6264.54,0.9443054288176045,16.020549275869335,8.74266044085159,0.009398747361114346,0.10762012740463955,-0.16761713925178748,-0.4806728987837227,-0.5652563891505842,0.4238534960799381,0.19910268854510194,0.5406840106113181,0.3408555814842412,0.6724772278774754
1992-01-01,6363.102,1.573331800898381,15.456539556431181,8.758271273278757,0.015610832427165988,0.17855929019297,-0.15525420716866556,0.0074602315461425065,-0.6334165498003228,0.4344474928612273,0.2023617375047388,0.5777031114725257,0.32645220379973233,0.6757084294246775
1992-04-01,6470.763,1.6919577903984573,15.29275115043076,8.775049309444507,0.01677803616574991,0.19156789784462447,-0.14174995978122423,0.09951563361394969,-0.6532102584560431,0.4458335904294129,0.20592165380152114,0.5846844204684226,0.3222694633421427,0.6791812241440315
1992-07-01,6566.641,1.4817108894267905,15.29798353573475,8.78975771742089,0.014708407976383953,0.16761624302843448,-0.1297236899991017,-0.06363885794411463,-0.652577928532267,0.45581517388991694,0.20909195367522562,0.5723110899082422,0.32240308519142447,0.6822256377479765
1992-10-01,6680.803,1.7385144094218097,16.243735903008695,8.806993468886937,0.017235751466046167,0.19608903931316313,-0.11540400236620696,0.13564421134951976,-0.5382844490644344,0.4675118913075378,0.21286683189736058,0.5874243440262874,0.3465552018525252,0.6857931724751677
1993-01-01,6729.459,0.72829568541386,14.588823779722482,8.814250033077753,0.007256564190816661,0.08239547600952246,-0.10930093197968496,-0.6482994354591682,-0.7382793645718385,0.4724364216321956,0.2144756901407007,0.5279715285390404,0.3042929437302561,0.6872951693449781
1993-04-01,6808.939,1.1810756258415545,14.243406239031087,8.825991586711746,0.011741553633992652,0.13321103429027037,-0.09933151331968884,-0.296935964098768,-0.7800228208516639,0.4804046053908905,0.21710377410117168,0.5546182750453569,0.29547185585540797,0.6897254898577196
1993-07-01,6882.098,1.0744552124787754,14.413387871489093,8.836678826302535,0.010687239590788877,0.12108825944134871,-0.09015495695649497,-0.3796748736927749,-0.759480665323947,0.48765729882373127,0.2195228480123958,0.5483435113608328,0.2998127556082721,0.6919375836241598
1993-10-01,7013.738,1.9127888036468033,16.803494843151224,8.85562607613875,0.018947249836214652,0.21441596111673178,-0.07364295050956637,0.2708835421075996,-0.47063799197279216,0.500515492306728,0.22387565340439877,0.5976806411605391,0.36085002541546796,0.6958593721176075
1994-01-01,7115.652,1.4530625466762537,17.902935091558202,8.870052143711309,0.014426067572559376,0.16290285349140898,-0.060859566849339436,-0.08587036658392515,-0.3377714448663722,0.5103054707811878,0.22724553952351598,0.5706250939995486,0.3889269407479393,0.6988453456124852
1994-04-01,7246.931,1.8449328325780945,18.281283306201445,8.888333347882776,0.01828120417146728,0.20610030104983856,-0.044392841732761444,0.218226373760629,-0.29204834080831704,0.5227116649450293,0.23158640809732906,0.5936872202985198,0.3985889945104079,0.7026292729257249
1994-07-01,7331.075,1.1610984015164583,18.130026134651377,8.89987744169915,0.011544093816374001,0.1298791726699111,-0.03383840333660253,-0.3124385653853463,-0.31032765897777664,0.5305458463254369,0.23436871178089558,0.5534425868468298,0.394726269996553,0.705018722301634
1994-10-01,7455.288,1.6943354146561118,19.007748374182288,8.916678858243396,0.016801416544245384,0.18878256081960032,-0.018257988137633116,0.10136070279252475,-0.2042555705182525,0.5419478105461975,0.23847593615157975,0.5848243470535561,0.4171410697461927,0.7084963563987419
1995-01-01,7522.289,0.8987043827146657,18.217325449128417,8.925625758925039,0.008946900681642944,0.10033893587377829,-0.009853848484407169,-0.516059938768885,-0.299777600894922,0.5480194558262337,0.2406913897680306,0.5380003238853115,0.39695567306298263,0.7103482268521637
1995-04-01,7580.997,0.7804539283188916,17.157698404345822,8.933400000330067,0.007774241405028803,0.08710023941185252,-0.002489925098762299,-0.6078239204223057,-0.42783275156348977,0.5532952980214594,0.24263262722589837,0.5310411156669339,0.36989548596917265,0.7119573749212018
1995-07-01,7683.125,1.347157900207585,17.002360872171952,8.946781644421606,0.013381644091538192,0.14979340554597265,0.01032030123374997,-0.1680538312075521,-0.4466051783196318,0.5623764982134116,0.24600958946438573,0.5643924542195574,0.3659285593943813,0.7147271688636081
1995-10-01,7772.586,1.1643829821849971,16.3420924101489,8.958358206522709,0.01157656210110325,0.12939359158632424,0.02154166714645644,-0.3098896855375091,-0.5263981373634554,0.5702327135824307,0.24896770495492035,0.5536358891127636,0.34906697757419314,0.7171233386736992
1996-01-01,7868.468,1.2335920117191312,16.925714236463875,8.970618659183822,0.012260452661113419,0.1368604869158574,0.03356843866077122,-0.25618252518136003,-0.4558678679915912,0.5785530383719629,0.2521381370925383,0.5577089393989628,0.36397119872433803,0.7196610632820966
1996-04-01,8032.84,2.088996231540885,17.974915034486273,8.991293418136536,0.020674758952713645,0.23047194110239477,0.054186119636876855,0.40762293362275653,-0.32907272159184486,0.5925835733111392,0.257573258088393,0.6080507000884776,0.39076512592094514,0.7239404195193581
1996-07-01,8131.408,1.2270629067677286,18.15303995961697,9.003489373278796,0.012195955142260573,0.13564183232703808,0.0665498043182872,-0.2612492005699257,-0.3075464551212504,0.6008601280768553,0.2608325054439,0.5573246922426315,0.39531398471408447,0.7264647941360954
1996-10-01,8259.771,1.57860729654693,17.765605159474163,9.019152142159763,0.015662768880966738,0.17396331834913514,0.08265076666671546,0.0115540888457171,-0.3543676663679987,0.6114893705522458,0.26507695362480005,0.5780135819300052,0.38541988260510307,0.7297067457282204
1997-01-01,8362.655,1.2456035403402899,17.52478901441499,9.031531239391766,0.012379097232003033,0.13725344729620392,0.0955558203835629,-0.2468614134980807,-0.3834701207559039,0.619890211240465,0.2684789137429316,0.5584158350225169,0.3792700490645215,0.7322690279329417
1997-04-01,8518.825,1.867469123143306,17.550794950303803,9.050033699514671,0.018502460122904907,0.20486515112969617,0.11514469949946107,0.23571484570375362,-0.3803273224903098,0.6324465565796719,0.27364282758423436,0.5950135132021246,0.3799341747058648,0.7360987518157075
1997-07-01,8662.823,1.6903504884769882,18.165794238907672,9.066795929960296,0.016762230445625192,0.18521732627938547,0.13320680755434416,0.09826834518037166,-0.3060051098297331,0.6438219278942187,0.2784042623368752,0.5845898284535465,0.3956396966573125,0.7395682749947667
1997-10-01,8765.907,1.1899585158325232,17.579723278295887,9.078625271750676,0.011829341790379644,0.1304688214200489,0.14613694788080395,-0.29004271909327783,-0.37683135528387063,0.6518496874282951,0.2818128356506797,0.5551410458147713,0.3806729308291926,0.7420167663019273
1998-01-01,8866.48,1.1473199521738087,17.869441070397585,9.090033153248491,0.011407881497815353,0.12565648604654367,0.15875212582357934,-0.3231308318899617,-0.34181917274132373,0.6595914308896413,0.28513838029280913,0.5526317054139269,0.38807158840147643,0.7443780218286916
1998-04-01,8969.699,1.164148568541301,18.31819746136294,9.101607398191042,0.011574244942551104,0.12732896291378637,0.1716991996115278,-0.31007159375434723,-0.2875872922495028,0.667446073762744,0.28855141751369306,0.5536220935348604,0.39953168840445147,0.7467737120226998
1998-07-01,9121.097,1.6878827260535578,18.715978198975016,9.118345360922426,0.016737962731383504,0.18390117260727035,0.19068951222207228,0.09635332754339283,-0.23951578205279997,0.6788049762510597,0.2935575405062368,0.5844445971085518,0.4096899995150413,0.750238212159191
1998-10-01,9293.991,1.8955395387199703,19.573987344752442,9.137123341277766,0.018777980355340063,0.20593627036562534,0.2123761336337653,0.25749787489499676,-0.1358260065053287,0.6915482981957242,0.29927444976972023,0.5966654972707911,0.4316013768503573,0.7541249644807337
1999-01-01,9411.682,1.2663128251361622,19.6126361573816,9.149706962621138,0.012583621343372542,0.13771972724199166,0.22713847449327215,-0.23079072320116625,-0.1311553258646665,0.7000879353118502,0.3031660178295062,0.5596346060258467,0.4325883694963531,0.7567295800221415
1999-04-01,9526.21,1.2168706932512041,18.590809726074454,9.161802226047486,0.012095263426347813,0.13219290492865188,0.2415040706217575,-0.26915849866875413,-0.2546423001377782,0.7082961575450598,0.30695299819972277,0.5567248659127448,0.406493514193519,0.7592331130066492
1999-07-01,9686.626,1.683943562025192,19.126060332970617,9.178501450236753,0.01669922418926717,0.18227007937139383,0.2616255384597285,0.0932964819906564,-0.18995765713152754,0.7196287708529358,0.3122573101851645,0.5842127716765074,0.42016245708809863,0.7626895948623851
1999-10-01,9900.169,2.204513728516,19.86009055214726,9.200307106684049,0.021805656447295263,0.23757316557087016,0.2884108878421082,0.4972661026679687,-0.1012506438717517,0.7344267680317756,0.31931831840321745,0.6148490698573159,0.43890772709723247,0.7672030294392399
2000-01-01,10002.179,1.0303864509787708,19.605304774620013,9.210558248239426,0.01025114155537743,0.11142173230207497,0.30120631307494916,-0.4138728397169961,-0.1320413180906735,0.7413835117639819,0.3226913788562577,0.5457500017733085,0.43240114457588535,0.7693248576382717
2000-04-01,10247.72,2.4548750827194654,20.294993734464526,9.234810520798934,0.024252272559508015,0.2633094749077136,0.33200526912922806,0.6915499625587719,-0.04869291347774915,0.7578418587889149,0.33081043225004225,0.629583193312821,0.45001405128850785,0.7743447040162956
2000-07-01,10318.165,0.6874212019844617,19.108574652858557,9.241661213147948,0.006850692349013698,0.07418335583155855,0.34084140019998094,-0.6800185976955748,-0.19207078873978278,0.7624909518487287,0.33313976509598314,0.5255660067805212,0.41971591716858203,0.7757626916745974
2000-10-01,10435.744,1.1395340159805478,19.0492210332599,9.252992115484297,0.011330902336348814,0.12260677030908607,0.3555896925581047,-0.329172825636572,-0.19924363010680382,0.7701804548550827,0.3370276297661921,0.5521734919430292,0.4182001762680994,0.7781080137021846
2001-01-01,10470.231,0.33046996936680895,18.087798088982332,9.256291366658447,0.0032992511741500863,0.03565604653039678,0.35991550208663103,-0.9570176716396219,-0.31543088730439817,0.7724194293929675,0.33816797616207483,0.5045589166658505,0.3936478728170579,0.7787909078110196
2001-04-01,10599.0,1.2298582524110424,18.164500280332696,9.268514936027255,0.01222356936880864,0.13205687769120011,0.37606739025257263,-0.25907997384146425,-0.30616148377384234,0.7807147240323279,0.34242584913019114,0.5574892023282253,0.3956066522372943,0.7813209981467594
2001-07-01,10598.02,-0.00924615529767081,16.19238343808864,9.268422470199445,-9.246582781052837e-05,-0.0009976336926564855,0.37594446586547153,-1.2206420643776559,-0.5444903567608438,0.7806519738435231,0.34239344447139325,0.48456613728279785,0.34524379014846657,0.7813018591464992
2001-10-01,10660.465,0.5892138342822539,14.702768702917822,9.2742973177816,0.005874847582155951,0.06338562577445916,0.38377713255172535,-0.756228867957151,-0.7245092042314223,0.7846388282708129,0.3444582494904119,0.5197863628551711,0.3072028080596328,0.7825178619884748
2002-01-01,10783.5,1.1541241399882551,14.575694333913948,9.285772467092036,0.011475149310435029,0.12373066031032831,0.3992097876200773,-0.31785068841007663,-0.7398660484616892,0.7924262217635525,0.3485265221385818,0.5530321415898353,0.30395765098573213,0.7848930409149828
2002-04-01,10887.46,0.9640654703945817,14.28952332564577,9.295366947216007,0.009594480123970683,0.10332452316672569,0.41224980729663974,-0.4653388343016384,-0.7744496047810506,0.7989373346094382,0.35196406124943436,0.5418469172947693,0.29664956927652103,0.7868789503253755
2002-07-01,10984.04,0.8870755897151472,13.39386903138411,9.304198589101773,0.008831641885766572,0.09501122371948778,0.42436413107850235,-0.5250840423371278,-0.8826887688938905,0.8049307616830957,0.3551575734399513,0.5373159528000114,0.2737768303317845,0.7887069639856825
2002-10-01,11061.433,0.7045950306080462,11.729739158998198,9.311219832686993,0.007021243585219494,0.0754631741571421,0.43407177096719224,-0.6666914700935187,-1.083797642614799,0.809695596120305,0.35771664870357395,0.5265767111360263,0.23127917427733746,0.7901602531194742
2003-01-01,11174.129,1.0188191710784666,11.716946877275447,9.321356474609695,0.010136641922702694,0.10886481153755678,0.4482075737516275,-0.4228492082728317,-1.0853435804723381,0.8165746368379107,0.3614430522014254,0.5450692508217979,0.23095249184838398,0.7922583816604656
2003-04-01,11312.766,1.2406962547147904,10.39300449270668,9.333687101543891,0.012330626934195621,0.13228361095065644,0.46559723523584823,-0.2506695347472327,-1.2453410459647754,0.8249425840733715,0.36602722024405004,0.5581270342510577,0.1971423613838428,0.794810631261096
2003-07-01,11566.669,2.244393634589459,12.10005848908211,9.355882878995928,0.022195777452036936,0.23780288765375968,0.49744506243802467,0.5282134591746666,-1.0390448233630896,0.8400053295087716,0.37442277134892493,0.6171960593172098,0.24073619069256216,0.7994048148691122
2003-10-01,11772.234,1.777218661656188,12.806849228957695,9.373498986831645,0.017616107835717543,0.18828910177217661,0.523229706962963,0.1656792442810447,-0.9536296811849413,0.8519601685976641,0.3812199791915798,0.5897021445777689,0.2587858334903541,0.8030510774986049
2004-01-01,11923.447,1.2844885686098317,13.879502754046214,9.386262076667833,0.012763089836187902,0.13616142546255539,0.542196814459616,-0.21668609587286145,-0.8240002899319436,0.8606215986190756,0.38621998497812604,0.5607042745019926,0.2861786838509123,0.8056928402500904
2004-04-01,12112.815,1.5881984463050003,14.282621001981322,9.402019262052818,0.015757185384984496,0.16787497788020023,0.5659498199050883,0.018996953187608592,-0.7752837455300682,0.8713149150728611,0.39248162316919877,0.5785780347988004,0.29647330143713196,0.8089543346023652
2004-07-01,12305.307,1.5891599103924348,16.109490263275596,9.41778591172157,0.015766649668751853,0.16769429235683475,0.5900946781927073,0.019743062564782476,-0.5545079360991082,0.8820146542841925,0.3988465594766846,0.5786346183342562,0.34312690871335644,0.8122177879154127
2004-10-01,12527.214,1.8033438743137342,17.51095285243185,9.43565867679878,0.017872765077211028,0.18977671869739865,0.6179291495890805,0.18595276920954137,-0.3851422107767745,0.894143668965768,0.40618413153778454,0.591239650674995,0.37891670858140764,0.8159171746354805
2005-01-01,12767.286,1.916403759048113,18.39649464459592,9.454641397073319,0.018982720274538067,0.20118065865624146,0.6480421123035065,0.2736887972993765,-0.27812513512054726,0.9070259337922489,0.4141223470958895,0.5978933864515945,0.40153119987184466,0.819846304962602
2005-04-01,12922.656,1.2169383532255829,18.69302849333088,9.466737328964827,0.012095931891508371,0.1279364428909302,0.6675306449809549,-0.26910599359653864,-0.24228923713638767,0.9152346096667229,0.41925980815450015,0.5567288477989216,0.40910392224234804,0.8223499763090882
2005-07-01,13142.642,1.702328066304637,19.65216805474124,9.483617337276664,0.016880008311837003,0.1783086160021652,0.6951241594920002,0.10756311058017427,-0.1263779250824494,0.9266899087071854,0.42653386047116043,0.5852947260243876,0.4335979138865159,0.82584387768997
2005-10-01,13324.204,1.3814726141060607,20.45640017889181,9.497337509913864,0.013720172637199823,0.14467235601409723,0.7178980345642977,-0.1414251404958602,-0.02918706312994674,0.9360008449071209,0.43253738563511396,0.5664119241674216,0.45413596248910865,0.8286837418202166
2006-01-01,13599.16,2.0635829352357637,21.70219262727322,9.517763305110742,0.020425795196878482,0.21506864608693554,0.7523866037273309,0.38790186559124606,0.12136603993092947,0.9498624252924461,0.4416290747825127,0.6065550912859039,0.48595034180232566,0.8329115663997779
2006-04-01,13753.424,1.1343641813170935,21.574370052381543,9.529043090276655,0.01127978516591277,0.11851298256027043,0.7717364074536224,-0.3331846885561059,0.10591877556825328,0.9575172385958907,0.4467299648690513,0.5518692397855098,0.4826860774477942,0.8352463079614629
2006-07-01,13870.188,0.848981315489139,19.915145838443205,9.537497067651048,0.008453977374392352,0.08871800971304022,0.7863824718775753,-0.5546457239309764,-0.09459725292968205,0.9632543707771029,0.45059088076689263,0.535074050325967,0.44031369946742355,0.8369961508926196
2006-10-01,14039.56,1.2211225976172635,19.25994675267242,9.549634338057386,0.012137270406338274,0.1272584444351299,0.8076273180939925,-0.2658589623055931,-0.173777581573993,0.9714911002544255,0.4561913316545736,0.5569750965605612,0.42358157665879104,0.8395083786741133
2007-01-01,14215.651,1.2542487086489862,19.22434007548319,9.562098819730098,0.012464481672711969,0.13052313032593243,0.8297149489603409,-0.24015264379293616,-0.17808062237945793,0.97994988548175,0.4620139528508908,0.5589246155312309,0.422672272435882,0.8420883341411806
2007-04-01,14402.082,1.3114489093746018,18.89954564649092,9.575128058446262,0.01302923871616457,0.13625919331936576,0.8530995575436541,-0.19576450002826448,-0.21733179074639028,0.9887919324171519,0.4681784762635048,0.5622909290817076,0.41437784652552667,0.8447851856060181
2007-07-01,14564.117,1.125080387682842,18.35638883288324,9.586316042770333,0.011187984324070754,0.11684422658140292,0.8734241014864379,-0.34038904031171363,-0.2829718930311156,0.9963844468119679,0.47353632206791985,0.5513228752638061,0.4005069991647771,0.8471009258092823
2007-10-01,14715.058,1.0363896417475926,17.464729188788517,9.596626602216041,0.010310559445708023,0.10755497106194056,0.8923570911940182,-0.40921428097921386,-0.3907283066030796,1.0033815133739687,0.4785273339083507,0.5461032981284756,0.37773627345330407,0.849235052595213
2008-01-01,14706.538,-0.05789987372118999,15.189226590522065,9.59604743579433,-0.0005791664217102976,-0.006035104268586888,0.8912884016245268,-1.258398020137823,-0.6657211255410985,1.0029884730133054,0.4782456117726787,0.48170279642852637,0.3196257086609771,0.8491151740783787
2008-04-01,14865.701,1.0822601485135364,15.03595700450433,9.606811892073418,0.010764456279087398,0.11217593859462749,0.9112527018532754,-0.3736181358074149,-0.684243642522002,1.0102935680942398,0.4835084920872287,0.5488028429995531,0.3157115921858907,0.8513432505083868
2008-07-01,14898.999,0.22399212791917034,13.363804629236654,9.60904930846874,0.0022374163953209347,0.023289894925149213,0.9154293714876558,-1.0396459434633802,-0.8863220298282061,1.0118119485009875,0.4846095230348352,0.49829254354226454,0.2730090617560583,0.8518063611946379
2008-10-01,14608.209,-1.9517418586308954,9.636635704466867,9.589338909961318,-0.019710398507420734,-0.20512329445587785,0.8789546954416034,-2.728045490379956,-1.3367476589008613,0.9984358585762654,0.47499426718600096,0.3702474893598443,0.1778266209802114,0.8477266126962609
2009-01-01,14430.902,-1.2137490639680837,6.1161277608322795,9.57712715847684,-0.012211751484478839,-0.12734716750696373,0.8567145379888111,-2.155352914982841,-1.7621984600782814,0.9901485839210497,0.4691314377599916,0.4136794199005225,0.08792177748922449,0.8451989684803106
2009-04-01,14381.236,-0.3441642109412113,4.564768744132364,9.573679580293415,-0.003447578183424227,-0.0359980412327765,0.8504847802237463,-1.4805430894562666,-1.9496790586555932,0.9878089500579073,0.46748918287850255,0.464855731117958,0.048304003057861304,0.8444853729681973
2009-07-01,14448.882,0.47037681601218573,4.172214536673913,9.578372320305132,0.004692740011716268,0.049017099145198806,0.8589698241929723,-0.8484480312576472,-1.9971189465191443,0.9909935894941128,0.469725964050999,0.5127926345146049,0.03827916427086391,0.8454566977746879
2009-10-01,14651.249,1.400572030417302,4.356895800153282,9.592280866783826,0.013908546478694106,0.14520782877911476,0.8843533338302071,-0.12660373032089497,-1.9748003513710144,1.0004323620461313,0.47641742689484173,0.5675359521099658,0.04299545531598186,0.8483355523848418
2010-01-01,14764.61,0.7737292568026133,3.861652202913546,9.599988380012714,0.0077075132288886294,0.08035120463973922,0.8985725495916039,-0.6130423581593796,-2.0346501766226806,1.0056629204240752,0.48016581926830615,0.5306453591387996,0.030348189974553814,0.8499308887505648
2010-04-01,14980.193,1.4601333865235766,4.014079353249067,9.61448414083334,0.014495760820626202,0.15099769131812213,0.9256137823920307,-0.08038329745307532,-2.016229467375683,1.015500194905916,0.48729428208222414,0.5710412230286315,0.03424079277906394,0.8529312876729161
2010-07-01,15141.607,1.077516157502112,3.965156281015858,9.625201664027133,0.010717523193791934,0.11147268055988757,0.9458604324119679,-0.37729953818646483,-2.0221417847488943,1.0227734397343493,0.4926315939140744,0.5485236523494764,0.032991421602334266,0.8551496496781152
2010-10-01,15309.474,1.108647186523859,4.039508372987721,9.636227131431873,0.011025467404740752,0.11454791067855297,0.9669165018910515,-0.3531414307982044,-2.0131563890034188,1.0302556650892747,0.4981822805043157,0.5503557578929325,0.03489018544521786,0.8574317513855698
2011-01-01,15351.448,0.274170098855131,4.385192490578005,9.638965080813893,0.0027379493820198775,0.028413084754808082,0.9721814286504209,-1.000707146755146,-1.971380717101012,1.032113722760176,0.49957019188021917,0.5012455888350149,0.04371808101791997,0.8579984646803681
2011-04-01,15557.539,1.3424857381531652,4.653921130258176,9.652300623269735,0.013335542455841676,0.13835035550016084,0.9980320509586399,-0.17167949332643626,-1.9389050582240117,1.0411636369472044,0.5063847924274942,0.5641174908062424,0.0505807288740838,0.860758716295209
2011-07-01,15647.68,0.5794039789969396,5.025042286397907,9.658077942167747,0.00577731889801214,0.059854319954388835,1.0093387113440286,-0.7638414508011157,-1.8940553388819419,1.0450843053737973,0.5093653927833172,0.5192090388535722,0.060058221893028625,0.8619545322037476
2011-10-01,15842.259,1.2435006339597932,8.447647483685362,9.670436268836422,0.01235832666867509,0.12795844828210612,1.0337453484029537,-0.24849329781941196,-1.4804360127466871,1.0534710505112461,0.5157993377876513,0.5582920759770197,0.14746287756208734,0.8645125152222035
2012-01-01,16068.805,1.4300107074376234,11.34996966925561,9.68463509380103,0.014198824964607226,0.14682713964377925,1.0621617037092885,-0.10375891139992605,-1.129692506725492,1.0631068150788916,0.5232903029223878,0.5692684603198058,0.2215808247537429,0.8674514530019884
2012-04-01,16207.115,0.8607360659364405,12.696259208874672,9.693205622332334,0.008570528531304689,0.08849614309980325,1.0795103485867927,-0.5455238756480386,-0.9669944039465023,1.0689230425029068,0.527863658390087,0.5357658341870594,0.25596164487711537,0.8692254202250622
2012-07-01,16319.541,0.6936829904643727,12.946738716531847,9.700118503122583,0.006912880790249432,0.07131676619263061,1.0936122844482512,-0.6751593635714929,-0.9367241392808725,1.0736143385745944,0.5315811340737797,0.525934521980516,0.26235825618837083,0.87065627993157
2012-10-01,16420.419,0.6181423852545942,12.075216249481535,9.706280900342238,0.006162397219654281,0.06352909212057334,1.106265719470686,-0.7337799138770157,-1.0420469897863232,1.0777963331360398,0.5349167638393106,0.5214888494181288,0.24010178290283013,0.8719318011136417
2013-01-01,16648.189,1.3871144213798425,12.757390814928392,9.72005672072407,0.01377582038183256,0.1419268669768936,1.1348356048278485,-0.1370470203287215,-0.9596066942213066,1.0871450336275514,0.542448201731566,0.5667439525874968,0.257522791041989,0.8747831834687744
2013-04-01,16728.687,0.48352406378857626,11.672039205369412,9.724880309131738,0.004823588407667501,0.04962510555501787,1.1449327143307724,-0.83824558586401,-1.0907706396630386,1.0904184708579816,0.545109946858013,0.5135663688333608,0.22980566381137962,0.8757815918751575
2013-07-01,16953.838,1.3458976188627236,11.968551290493812,9.738249517855506,0.013369208723768011,0.13747427524855027,1.1731740905350598,-0.16903182689305662,-1.054937371795242,1.099491232022307,0.5525547849529298,0.5643182848614992,0.23737783039447038,0.8785488118882255
2013-10-01,17192.019,1.4048795322923358,12.296601437776378,9.752200543486929,0.013951025631422809,0.14326009624052727,1.2030498593555998,-0.1232610495248472,-1.015292752262401,1.1089588322495556,0.560430472745946,0.5677894547506329,0.2457553990921809,0.8814364590278401
2014-01-01,17197.738,0.03326543554891259,12.026813366400368,9.752533142525225,0.0003325990382965216,0.0034105024482755653,1.2037672109574686,-1.187652484232389,-1.0478964426822932,1.1091845443092816,0.5606195770762169,0.4870680051522073,0.23886569603763982,0.8815053018991064
2014-04-01,17518.508,1.8651871542641363,12.604622106362706,9.771013201046728,0.018480058521502585,0.1894898305028203,1.2440023697844307,0.2339440064166507,-0.9780686805297395,1.121725687224514,0.5712261509564417,0.5948792160727043,0.25362146570660615,0.8853303889958809
2014-07-01,17804.228,1.6309608101328976,13.781902492893504,9.787191236164734,0.016178035118006306,0.1655717251131561,1.2798411002768066,0.05218113662107459,-0.8357952098603663,1.1327046054063201,0.580673762294964,0.5810946610165091,0.2836862207336285,0.8886789927521432
2014-10-01,17912.079,0.605760609221595,13.065182181404822,9.79323056871996,0.006039332555225485,0.061706493819291275,1.2933691799433802,-0.7433883426524869,-0.9224103334803345,1.136803084456025,0.5842399611276359,0.5207601642053129,0.2653830018621276,0.8899290414466994
2015-01-01,18063.529,0.8455188255924728,12.413642458166606,9.801650212090255,0.00841964337029566,0.08597411560173907,1.3123660150724237,-0.5573326637907542,-1.001148430848305,1.1425169165133915,0.5892478035510545,0.5348702778477296,0.24874432989099776,0.8916717777685399
2015-04-01,18279.784,1.1971913129488865,12.788636348912185,9.813551028745769,0.01190081665551368,0.12141645945327184,1.3394915388811486,-0.2844299688904965,-0.9558306943714393,1.1505931811156445,0.5963984867024341,0.5555667062605705,0.2583207227290015,0.8941350632704294
2015-07-01,18401.626,0.6665396046255267,12.758232599801689,9.820194309257934,0.006643280512165006,0.06769497088980891,1.3547745523231622,-0.6962230049152388,-0.959504965137181,1.155101518047159,0.6004273116384142,0.5243370949366244,0.2575442880925563,0.8955101198774076
2015-10-01,18435.137,0.1821089071150528,12.269589466626861,9.822013742156768,0.00181943289883435,0.018527463322381976,1.3589779391967796,-1.07214789979914,-1.01855712915089,1.1563362418432124,0.6015353856394124,0.49582765614778057,0.2450655818619794,0.8958867144264281
2016-01-01,18525.933,0.49251600354258684,11.27896854126298,9.826926813268514,0.004913071111745992,0.05002101647098023,1.3703667582286496,-0.8312677167401076,-1.1382729409334542,1.1596704048218314,0.6045376442110648,0.5140955573371601,0.2197676360315295,0.8969036443724674
2016-04-01,18711.702,1.002751116502476,11.853978737243388,9.836904382527967,0.009977569259453034,0.10153295581667443,1.3936683301341455,-0.43531823998058683,-1.0687833807671778,1.166441493878927,0.610680277946001,0.5441236228491196,0.23445193798540293,0.8989688473255372
2016-07-01,18892.639,0.9669724325451323,11.435764574369522,9.846527654284774,0.009623271756806773,0.09782825350930224,1.4163638095514037,-0.46308299162590955,-1.1193242554100382,1.1729721456230113,0.6166631368734762,0.5420179961713114,0.22377180902081062,0.9009607161598748
2016-10-01,19089.379,1.0413579595735856,11.036283754688725,9.856887386070195,0.010359731785420934,0.10521203158264658,1.4410415074271918,-0.40535879790168694,-1.1676012192770024,1.180002582065259,0.6231685374570577,0.5463956907321473,0.2135700821262608,0.9031050208617432
2017-01-01,19280.084,0.9990110207356517,12.10825516704579,9.866827925001518,0.009940538931322962,0.10084866085993127,1.4649622168579233,-0.43822060581996214,-1.0380542608469772,1.186748541189095,0.6294743848612047,0.5439035128687308,0.2409455130577632,0.9051625591080071
2017-04-01,19438.643,0.8223978692209144,10.960608060914767,9.875018271051232,0.008190346049714137,0.08300890734052047,1.4848507555256425,-0.575274844454079,-1.1767465713288283,1.1923067649477026,0.6347172933248222,0.5335095765259472,0.21163751685052523,0.9068578344209304
2017-07-01,19692.595,1.3064286431928362,10.606284080388107,9.887997955737482,0.012979684686250437,0.13143960173016556,1.5167047289471742,-0.19966029574552208,-1.2195663643260308,1.201115182976007,0.643114464662637,0.5619954792430656,0.2025889810925104,0.9095444289658454
2017-10-01,20037.088,1.7493529928381601,11.863553080577628,9.905340235259132,0.017342279521649573,0.17538716734448734,1.5599155359733192,0.14405510139513636,-1.0676263284021448,1.2128841936479078,0.6545054627476208,0.5880622101484265,0.23469644242986815,0.9131340133575687
2018-01-01,20328.553,1.4546275386922547,12.539210914987887,9.919781728486731,0.014441493227598912,0.14579502454841187,1.596474879326814,-0.08465591121986019,-0.9859735750000684,1.2226846404520098,0.6641430381318516,0.5707171960160279,0.25195102978733913,0.9161231797251304
2018-04-01,20580.912,1.241401687567234,12.58837631779457,9.93211932327497,0.012337594788238704,0.12437365181945381,1.628129037902782,-0.25012210913555005,-0.9800319721549068,1.2310573162901028,0.6724875353661305,0.5581685499824712,0.2532065894722699,0.9186768715640828
2018-07-01,20798.73,1.0583496008340187,13.026587976519032,9.942647206133005,0.010527882858035298,0.10599835257076862,1.6554506135656282,-0.3921730502032864,-0.927074414815289,1.2382018652840263,0.6796899006416949,0.5473956731009894,0.2643974037593908,0.9208559809445953
2018-10-01,20917.867,0.5728090128579888,13.467380253263105,9.948358953133564,0.0057117470005589865,0.05744694428095887,1.670394330612633,-0.7689592353785358,-0.8738049916819974,1.242078034580044,0.683629282106197,0.5188209156722395,0.27565412048527277,0.9220382244816738
2019-01-01,21111.6,0.9261603967555487,13.957013662955585,9.957577931433,0.009218978299436742,0.09266833196175384,1.6946948513128974,-0.4947536936335285,-0.8146331534779249,1.248334320200089,0.6900352532928341,0.5396161495456316,0.2881581158663807,0.9239464108057371
2019-04-01,21397.938,1.3563064855340201,14.355914817369353,9.971049841227302,0.01347190979430124,0.13529303900072787,1.7306110994289763,-0.16095440296146715,-0.7664262417330467,1.2574767775075084,0.6995032994059862,0.5649308615391366,0.29834503958026914,0.9267348883564512
2019-07-01,21717.171,1.4918867416103376,14.950436516571353,9.985858516946,0.014808675718697373,0.1485167154362088,1.7706534676610666,-0.05574225646507364,-0.694578730722543,1.267526405778838,0.7100590508774636,0.5729099533503031,0.31352761583759436,0.9298000558366298
2019-10-01,21933.217,0.994816497968376,14.897488283930027,9.995757524679865,0.009899007733865872,0.0991302622310064,1.7977527759627465,-0.4414756132719665,-0.7009774857768842,1.274244180539397,0.7172028232393648,0.54365665921,0.3121754522734275,0.9318489977655542
2020-01-01,21751.238,-0.829695890028348,12.817132954400012,9.987425954437205,-0.008331570242660291,-0.08335106390975344,1.774926595309407,-1.8573223612110041,-0.9523869005127849,1.2685901176477712,0.711185509562433,0.43628149799005017,0.25904845375458824,0.930124491222786
2020-04-01,19958.291,-8.242965296963789,2.6732730263115734,9.901399924957262,-0.08602602947994242,-0.861343351854571,1.55003178808515,-7.610121547699371,-2.1782649279264064,1.2102101764326154,0.6518999628503733,0.0,0.0,0.9123184298963242
2020-07-01,21704.437,8.748975551062976,10.21623610296154,9.985271988673484,0.08387206371622113,0.847072781140934,1.769056203227041,5.575858634800977,-1.2667033761296291,1.267128369437076,0.7096379887089604,1.0,0.1926281450637446,0.9296786535302204
2020-10-01,22087.16,1.7633399106367076,10.23138691610277,10.002751723187458,0.017479734513974776,0.17505516658737896,1.8170623156806098,0.15490914229343228,-1.264872411481167,1.2789906613451352,0.7222930991468481,0.5888853602478556,0.19301505840296493,0.9332966889853924
2021-01-01,22680.693,2.6872309522817828,11.570621873578514,10.029269312930433,0.02651758974297458,0.2651029484367129,1.8915109689962042,0.871861318320827,-1.1030268497766187,1.29698632312008,0.7419188484839166,0.6432576682677701,0.2272157223915853,0.9387854210825008
2021-04-01,23425.91,3.2856888455745192,13.823478765178132,10.061597953737355,0.03232864080692188,0.3223429324531235,1.984985808774089,1.3362728879935948,-0.8307707478688948,1.3189255450193544,0.7665601776833414,0.6784777704706466,0.28474797327403867,0.9454769511262467
2021-07-01,23982.379,2.375442405439099,15.306939414089227,10.08507463133381,0.023476677596455886,0.23332951390424572,2.0547854115963005,0.6299091107084965,-0.6514956172061276,1.3348575491615173,0.7849603695982799,0.624908466747398,0.3226317956089764,0.9503362613088878
2021-10-01,24813.6,3.4659655741408946,18.62394956426485,10.119147168940593,0.034072537606782305,0.3378511201188372,2.1590479952397397,1.4761701128899651,-0.2506373750148318,1.3579802337089766,0.8124455052010303,0.6890873135580868,0.4073398216052694,0.9573887510941569
2022-01-01,25250.347,1.7601113905277854,19.6041370620891,10.136595177183334,0.01744800824274151,0.1724256792736023,2.21383050268183,0.15240376621215931,-0.13218243529301338,1.369820995181878,0.8268869720541231,0.5886953572259646,0.432371324159623,0.9610002197004965
2022-04-01,25861.292,2.4195509075578325,20.858804245530592,10.160502612408063,0.0239074352247286,0.23585271786863427,2.290463196230286,0.6641379160003263,0.019443172986427924,1.386045324858168,0.8470884662064875,0.627504315127123,0.4644123416964642,0.965948690068633
2022-07-01,26336.304,1.8367682480828762,21.26949684192292,10.178703646545047,0.018201034136984262,0.17913517501346732,2.350045399256482,0.21189054371536375,0.06907507184030716,1.3983971131412702,0.8627952027217268,0.5932067228339722,0.47490038893076175,0.9697160234211939
2022-10-01,26770.514,1.648712742684011,22.054662569562854,10.195056336927752,0.01635269038270515,0.16065592388334604,2.4045096830556374,0.0659568808349703,0.16396177376792398,1.4094945578219475,0.8771527811877068,0.5821393876142464,0.49495153012633525,0.973100778123548
2023-01-01,27216.445,1.66575434450007,25.12595834775013,10.211576665178045,0.016520328250292593,0.16204254007359253,2.460444167611132,0.0791813986128033,0.5351256144418858,1.4207057667773955,0.8918979259861061,0.5831423102331794,0.5733846342901009,0.9765202312790209
2023-04-01,27530.055,1.1522812770000002,37.9379376721183,10.223033595955217,0.011456930777171692,0.1121955125327645,2.4997812258139676,-0.31928077547661765,2.083443912679691,1.4284807966064001,0.9022677474612355,0.5529236864695676,0.9005700900280298,0.978891639250127
2023-07-01,28074.846,1.9788954290138605,29.350722158791775,10.242629294284386,0.01959569832916941,0.19168183441089504,2.5681160215009067,0.32218319409074647,1.0456852203200548,1.4417790474200516,0.9202817948808245,0.6015711105282414,0.6812743863654647,0.9829476465806221
2023-10-01,28424.722,1.246225892031605,28.693421879499237,10.25501453844778,0.012385244163393594,0.1209186021240205,2.612002034624772,-0.24637846001197677,0.9662509639807716,1.450184059607239,0.9318507871273486,0.558452461308877,0.6644886044037378,0.9855112011053373
2024-01-01,28708.161,0.9971566300630785,26.575325542301552,10.264936716727075,0.009922178279294869,0.09675440480454434,2.647554652334518,-0.43965963852834183,0.7102805761675383,1.456917558621123,0.9412229749692197,0.5437943793277682,0.6103977962750697,0.987564938979807
2024-04-01,29147.044,1.5287743439923007,24.422248698129568,10.28010878011864,0.015172063391565516,0.14780474356790307,2.702605084767269,-0.02711696884556063,0.45008281975974834,1.4672137930779128,0.9557350707521006,0.5750808414620192,0.5554136747225684,0.9907053221037564
2024-07-01,29511.664,1.2509673365161733,23.055615124754713,10.292540854012458,0.01243207389381773,0.12093329126887653,2.748340482751765,-0.24269903377284857,0.2849261554324932,1.4756505853777686,0.967791587783642,0.5587315020922092,0.5205133195775248,0.9932785696604164
2024-10-01,29825.182,1.0623528378474356,20.196916207241202,10.3031083492107,0.010567495198241517,0.1026713942468449,2.7876660011141787,-0.38906648313146797,-0.0605455106605251,1.4828220165387132,0.9781583671887619,0.5476312693197628,0.44750940000631456,0.9954658781844121
2025-01-01,30042.113,0.7273417476547195,18.977030295860885,10.310355442951632,0.007247093740932797,0.07033890642806906,2.8148763176633937,-0.6490397043019018,-0.20796782773843622,1.4877401199213065,0.9853314029415164,0.5279153879387598,0.4163566079389631,0.9969659148171589
2025-04-01,30485.729,1.4766471319777041,17.881693613760664,10.325013951456029,0.01465850850439665,0.14217267858032123,2.8705204247126237,-0.06756840348395773,-0.3403384618684202,1.49768784004697,1.0,0.5720130805463702,0.38838448728171215,1.0
