date,growth_h1,inflation_h1,growth_h3,inflation_h3,growth_h6,inflation_h6
2000-02-01,0.5046769163008928,0.22107962540377513,0.3124064357258023,0.18342716667276768,0.29643437966803354,0.18295981304292536
2000-03-01,0.34100819765657686,0.256562880648743,0.23682228341601785,0.20544632668258,0.26899987884115184,0.19281626689953352
2000-04-01,0.17010848166518677,0.12840009158158616,0.3545803968398644,0.16978391345078553,0.29468208196011325,0.1832630707090661
2000-05-01,0.7277788090739996,0.16443447862094224,0.359608669866029,0.168616572352841,0.28184127272425297,0.18366247189565482
2000-06-01,0.6064018555089241,0.24863571956975833,0.23856367674611256,0.20518163248115728,0.21558734257837653,0.20326976511102723
2000-07-01,0.14720818210609288,0.23674676431019775,0.16664701449490238,0.21583765022190798,0.2031732835085842,0.2060696721430163
2000-08-01,0.11816378560932339,0.184349062925526,0.20818723394840166,0.20240091271356053,0.21341586734779483,0.20027966914918188
2000-09-01,0.4540174077842227,0.25971064715869946,0.17528971753418343,0.22224597614084357,0.18798633227610217,0.21296643146655725
2000-10-01,0.029342756308707862,0.22936181880116846,0.14940367060324178,0.210941701423289,0.20211454629863201,0.20293537071527468
2000-11-01,0.24011985558600646,0.21298125902166132,0.19655822687500368,0.19504272175289378,0.21033382133284118,0.1960454228902675
2000-12-01,0.146310212275508,0.20285734511365683,0.1827482447296891,0.18223949451695765,0.23351534770524962,0.1836218470701375
2001-01-01,-0.08976069824531807,0.25631944662549627,0.10062522193625734,0.18307231020695658,0.276028709287619,0.17046359128113148
2001-02-01,-0.24305519799687136,0.17110524736194588,0.16146936551651647,0.18344108912137247,0.3083578886841991,0.17331482408113724
2001-03-01,0.06471007355590652,0.17593145234906027,0.24688876043855945,0.15103506072012118,0.3302082362812695,0.15991430630669246
2001-04-01,-0.043564157850219054,0.15205959840523398,0.22249518888108177,0.12537292357693108,0.40108314252886634,0.13223421897723786
2001-05-01,-0.08995812615586507,0.1402238575368382,0.2408222382576657,0.1416387193408145,0.43565084391318054,0.1364030874926021
2001-06-01,0.04063376073035796,0.17132011949936832,0.2867849858012952,0.15005226140209127,0.4353256338306828,0.14578186633528362
2001-07-01,0.12043062252161274,0.13624165990339832,0.3342572342953969,0.14378800228979216,0.45289536176271294,0.14528287128035267
2001-08-01,0.2912297478134134,0.1402323418328441,0.3825545593279749,0.13098071939926237,0.46099636539600164,0.13994750876754208
2001-09-01,-0.11376991603669229,0.013074821270566,0.28325884030269477,0.057739059012540395,0.5146872459872835,0.08130191304447124
2001-10-01,-0.01690084985711282,0.153811064446029,0.18340669504446727,0.056199680472022284,0.49209480731906763,0.06061580454569987
2001-11-01,-0.2600445233227493,0.02033937572933117,0.18367540829911855,0.009781192241334613,0.469072962788301,0.026145781954657443
2001-12-01,0.24592446053636108,-0.02347998956300229,0.4499541724089532,0.0209540102586456,0.5851410512205927,0.04481900494585647
2002-01-01,0.5336031810411226,0.03239343216012683,0.6166754732826515,0.05491568196221308,0.6422563611071195,0.07888454076204429
2002-02-01,0.45420655307800706,0.08607227657876267,0.5289292128414789,0.07588832556647937,0.5906368881350215,0.09091911555261581
2002-03-01,0.41718837588941016,0.09139529966724105,0.5777808340478723,0.091280661936301,0.6012958794981469,0.10693384056135817
2002-04-01,0.4324773110768778,0.15387999308716271,0.5548982146667412,0.12077674108577921,0.5857729009554025,0.12817971649583737
2002-05-01,0.32099371044396796,0.09199302930072349,0.5253577726913743,0.10018524665716012,0.5802939477837763,0.113504975518177
2002-06-01,0.48949009565100354,0.09189108270123539,0.5826539371892501,0.09114450204817984,0.6033099239742206,0.10794088799228849
2002-07-01,0.33069166256960014,0.12434600483919953,0.4385345988980598,0.08631217685257542,0.5405927330928693,0.09805090895022722
2002-08-01,0.023685817027976785,0.11602157694889587,0.27097422059183773,0.053629423960157796,0.44156766085083055,0.0692557370436386
2002-09-01,0.1288542798849549,0.08419587505742235,0.30895118982313385,0.05064816549042095,0.42111993748076193,0.06568576193887421
2002-10-01,0.23771234823749054,0.08846231051563685,0.33657190349384447,0.08388991198908247,0.4171881248001428,0.09421602111669353
2002-11-01,0.08862526102060142,0.04257638443686279,0.36625792820643815,0.0778427983943788,0.4789497778491906,0.09014969649290766
2002-12-01,0.2508227794219059,0.10640286198216053,0.31977791589096294,0.09137799791478979,0.44303463062296067,0.09621669228406898
2003-01-01,0.35039856041898254,0.11694199998298843,0.4777816062577531,0.11290924444199124,0.5002786582954357,0.11791736745834708
2003-02-01,0.18559506415221005,0.19468746647351354,0.3031207114793395,0.1257663405491909,0.40567091722510173,0.12263728491487541
2003-03-01,0.07369253293115585,0.16419436465140125,0.24337790760841038,0.1265624711596162,0.3653697753859175,0.12498615794244747
2003-04-01,0.1873976515155994,0.06582089057056084,0.2848372822794113,0.10026490816674252,0.3743901193896277,0.10865089429782987
2003-05-01,0.5246988427361283,0.06011900526882971,0.45609629504586335,0.1127404248144144,0.4506583567036454,0.11888195156947928
2003-06-01,0.40625628498177935,0.12463950429846386,0.38885544349442025,0.11763299723487408,0.4268182948953746,0.12098435206368785
2003-07-01,0.2227657589435722,0.14182601744309692,0.3652415306901799,0.12344646523002885,0.4306385940914029,0.1253748008314711
2003-08-01,0.19121403884563737,0.18044997079175734,0.2980099090702545,0.13103464432623033,0.3838518641654056,0.13098108585556534
2003-09-01,0.20889165051759784,0.15433333008481234,0.3956451117570572,0.14031171642575033,0.428195681533067,0.1412200281274997
2003-10-01,0.29477941689418097,0.10510356927623599,0.38570125479685924,0.12792131549373056,0.418810786521126,0.1310245029453943
2003-11-01,0.5249793019274642,0.12056268271301426,0.5133021073004754,0.14137059302023625,0.482455053122692,0.14239337362972362
2003-12-01,0.3966052486034638,0.16906200382374137,0.4047958748582078,0.14430363209466662,0.4397025210676996,0.1431342351863417
2004-01-01,0.23042770853189376,0.20560753135658139,0.33694301914246894,0.14835227439382437,0.39920236918680385,0.1480518462183148
2004-02-01,0.2883478748906674,0.14090506523429017,0.43511760474621997,0.15173024079888922,0.43967617344053667,0.15223114503664195
2004-03-01,0.37185170590222405,0.16576650868227757,0.3812053948673294,0.16102467029016657,0.4197843729473707,0.15674464598060606
2004-04-01,0.25931305170247043,0.16396173156700522,0.3670706290706953,0.1533679575034762,0.4060934251769872,0.15319851189671144
2004-05-01,0.3727312851374449,0.18647936341805063,0.4284136691225572,0.16088925830508616,0.4283081036119446,0.16025481450946902
2004-06-01,0.24190258439995604,0.21081320243922824,0.27881485763356506,0.16770224013784374,0.3566197423157793,0.16305338394855992
2004-07-01,0.3992215868629527,0.13844648693703066,0.46728616771829234,0.16772810737163202,0.4211884084022617,0.16603537983911598
2004-08-01,0.596142629680429,0.15736559019481433,0.4497968753488444,0.16822340616502407,0.4074774603142186,0.16507061957849023
2004-09-01,0.498313712549839,0.19104075739351364,0.40651189658342624,0.17148722973144706,0.38476009456162874,0.1682717977041478
2004-10-01,0.44351792789132993,0.2256061397335387,0.45391040746951306,0.1850734140844345,0.4061522356188052,0.18075642937422248
2004-11-01,0.3186123594801882,0.23278413002625348,0.35797085211005153,0.1799834178627728,0.35811153411909236,0.1773572731416415
2004-12-01,0.5033086240817157,0.12756524955845816,0.5126409626212256,0.18958840633552773,0.41685642943854195,0.18254695917069566
2005-01-01,0.5824627424973714,0.1896311911271178,0.4393580988303605,0.18438376015529406,0.3912808131636818,0.1803602209202299
2005-02-01,0.5887274604179289,0.2131923995058835,0.4894253231497041,0.19433029056852874,0.40743929888967934,0.18877480215468484
2005-03-01,0.4327704902391185,0.22926744478703626,0.382503779911054,0.19679231219794274,0.3682705608096608,0.18987175773485754
2005-04-01,0.29942969708576506,0.2200291598935413,0.3447282140057768,0.1910544607084502,0.34363071389643673,0.1865812630755233
2005-05-01,0.42435514580564826,0.1640008460927729,0.3782567060902817,0.19001878832446223,0.33966808448425967,0.1837849828108746
2005-06-01,0.4719976754826336,0.1651157021610785,0.4038801490548578,0.19571033048224756,0.3600688679353361,0.18787347924048864
2005-07-01,0.5214914396420789,0.2871075235801403,0.357634760142032,0.19969366322925178,0.33598563188104213,0.19528100828967854
2005-08-01,0.2539148031701104,0.24053409700856657,0.34623390139998333,0.20170631910029657,0.3242833347791758,0.19660277955448738
2005-09-01,-0.09597906671378964,0.4682289498631393,-0.051161048368055795,0.23231979504043576,0.1548342855236473,0.20738397887530002
2005-10-01,-0.4710469273683051,0.17867644487499934,0.17789885385843762,0.2185042488613761,0.2954402011422692,0.201408603790186
2005-11-01,0.6422289954538125,0.11903924531825721,0.421248870693685,0.2210803040631794,0.3144685193048953,0.1975616318440192
2005-12-01,0.7370154494036791,0.21336469008284142,0.41547415330589077,0.22189908894723243,0.32812982420563586,0.20560081314694478
2006-01-01,0.4567760538762915,0.3280400804006719,0.34255566586513053,0.20256396867897825,0.3026985829675164,0.20784418707578822
2006-02-01,0.36545262217684016,0.1574842368664814,0.3313946200180107,0.21995939116021312,0.28695383777487393,0.20194215854522546
2006-03-01,0.39739244681852925,0.23512751050307423,0.31707741728461647,0.21346136938452775,0.28598069959465233,0.20450016308142582
2006-04-01,0.39600136244469253,0.28984583813428005,0.33933478776845805,0.21017336853599078,0.28104114535275837,0.20922666065570494
2006-05-01,0.3040145706130293,0.20961883823098448,0.3020784353247521,0.21685880470560237,0.26293389641374265,0.20621886922694266
2006-06-01,0.24638593520070895,0.21710515229156968,0.2649679611916449,0.20677632664806128,0.2473075253607564,0.2008775856947841
2006-07-01,0.4208782971497973,0.2596727839899548,0.31116303821777214,0.21578388720804087,0.2509878302018005,0.2090519690876027
2006-08-01,0.17189695657230475,0.21911819450893893,0.24593550534938702,0.20601399075256427,0.23200810822800655,0.20196752278816954
2006-09-01,0.3820629855613391,0.10418812473874656,0.2679896910584234,0.23620337469176678,0.25328301958190425,0.2052639394160094
2006-10-01,0.41057916497068003,0.1840178144924784,0.23428722661733126,0.22336129880225497,0.24568672949955994,0.20062533488025835
2006-11-01,0.3602934817611483,0.23416444842351158,0.2449302892243348,0.2132924534420766,0.24593520183438278,0.2019762551739897
2006-12-01,0.2967792144726289,0.2661768992713653,0.29156082144404394,0.20442657412557053,0.2584613449035773,0.20429472528986287
2007-01-01,0.2979409719592887,0.23698044322566714,0.25309651918754916,0.20594203285280027,0.24014006709919355,0.2036117680839779
2007-02-01,0.1946388444050302,0.2085543708518256,0.2988864787526473,0.21740354880836038,0.26539919769258047,0.2088479823465832
2007-03-01,0.25336924743744493,0.24793533883431407,0.23992891336670352,0.19378017252538626,0.22798918227151477,0.19764436036366473
2007-04-01,0.21742467771471707,0.180764818650882,0.26983688819790475,0.20761437702954288,0.24245547267029943,0.19955571853594783
2007-05-01,0.319165789148657,0.23203220772692934,0.26851569437463585,0.2070543484222479,0.24548533749235535,0.2035731660607465
2007-06-01,0.23685381923422488,0.2034532166544175,0.2539832751950528,0.2129814997757996,0.24520146377131713,0.2043775246761667
2007-07-01,0.22140381938141562,0.2015065017300125,0.21871464387645334,0.20401191951356878,0.2248538471859991,0.19737672887936336
2007-08-01,-0.02565556131944735,0.15142364901424188,0.10332056447963112,0.17007037413386872,0.17839003147493182,0.1734071837650613
2007-09-01,0.17028809270068512,0.24195433010597267,0.17158805718036074,0.16151397727524663,0.1910274892508803,0.17843845122497753
2007-10-01,0.08459791151225948,0.17420817239850833,0.18008959932469049,0.18526784368844307,0.2144387766694984,0.18764295542872012
2007-11-01,-0.13285711745351136,0.2448569640725281,0.11261217165026371,0.15165014582521347,0.1930135900615917,0.17638539564871464
2007-12-01,0.0063416935640652206,0.12947131929692735,0.14786003696186434,0.1677720586853948,0.2018117715008354,0.1740565923601221
2008-01-01,-0.014405317846233334,0.17649174115906335,0.121874965788213,0.16258566825750753,0.20768844419635046,0.1736114841809896
2008-02-01,-0.4719437273881302,0.13331825575312065,-0.06343494576438258,0.14306092378372615,0.19159298455003337,0.15949023853482838
2008-03-01,-0.13807551078513192,0.18151773633409993,0.078092046368059,0.14257881409900777,0.21640171478852732,0.1602354879257387
2008-04-01,-0.06255537100070208,0.14596646041330172,0.11897111486363476,0.15935784556047952,0.24219316419907866,0.1671064599947848
2008-05-01,-0.08511960681338238,0.242036643552389,0.12571429522931088,0.16512810670296318,0.2642910158009242,0.17895553547849496
2008-06-01,-0.012702841534044218,0.3138297469009953,0.1870810539737915,0.15882771537561569,0.269200184370999,0.1858441677119464
2008-07-01,-0.0731266940364439,0.20288086642490433,0.15195004250047006,0.1645640683802569,0.23155886804185055,0.18009279072701795
2008-08-01,-0.001017846924484811,0.08134820582779173,0.1283641755632683,0.19474549265340452,0.2067602045229361,0.17794154052586186
2008-09-01,-0.8962392365401527,0.2670521287290268,-0.523116713288107,0.19505452975301513,-0.08856521426307487,0.18018543872875903
2008-10-01,-1.2257269103382762,-0.20115060293127324,-0.23044129088423349,0.11552158773033294,-0.05442801883106396,0.1007237508504708
2008-11-01,-0.038040472564601746,-0.42093407613872735,-0.08390294421997213,0.021478635174951854,-0.14770480475318226,0.0355272245997201
2008-12-01,-0.8807841392729295,-0.4232476938992635,-1.2509653034760269,-0.3201589495915763,-1.1790928798507618,-0.2764899569523997
2009-01-01,-0.35211082981738007,0.07605048860034072,-0.4493424140072492,0.004928033849733726,-0.19306442925213474,0.07018310382582647
2009-02-01,-0.8839596688804966,-0.07785778067198143,-0.5763117512881831,-0.0007043976372236027,-0.36037407204378685,0.054251910188725105
2009-03-01,-1.1809731042538958,-0.14262503967997098,-0.9124008215978601,-0.057384866359677544,-0.6798559054173926,-0.004180643871026013
2009-04-01,-0.5528480436746692,0.09784262262451195,-0.506050027313582,0.049639933754341725,-0.33456055555764563,0.07664856122064044
2009-05-01,-0.474480324813498,0.08046115004247233,-0.39180139322627483,0.05757501126890509,-0.2280680824093555,0.0941826195616063
2009-06-01,-0.1640048792238465,0.3038755404062986,-0.22383653500426137,0.11174816590044931,-0.08950052395528618,0.1333478967399126
2009-07-01,-0.16956560078206626,0.029817818533710197,0.08176155358879775,0.1707014200581768,0.08924297538423029,0.15237703702899574
2009-08-01,0.40088069254672554,0.2953052326483694,0.3005558636239337,0.22779165151775105,0.24322859064005475,0.1809528888436996
2009-09-01,0.12647292167505192,0.1726217840087368,0.15675917171784115,0.19114992902818628,0.1481608976727685,0.1630630192427334
2009-10-01,0.20332297611295547,0.2921518831033455,0.0949594726044275,0.1787397168217135,0.12287850599720998,0.1621706827844949
2009-11-01,-0.02372499985253812,0.16550215141468513,0.0332412321176172,0.16265017851667912,0.07889592247783767,0.15578251160709566
2009-12-01,0.27426857295055107,0.18115354587365035,0.23825160173207727,0.18572995282267468,0.22574522717636553,0.171807249114178
2010-01-01,0.43883704662797274,0.22781643474391955,0.38288900681480526,0.21674629139592289,0.31868328311965766,0.18602301115898018
2010-02-01,0.20662184689685342,0.1268552029900804,0.23958922967499446,0.17487464096211477,0.23589800326817512,0.16652402542491032
2010-03-01,0.42165603556666,0.20385164077850526,0.36286066699743125,0.19696342818391632,0.31756953907672436,0.1785872842670697
2010-04-01,0.3608821149884507,0.1616113341786691,0.3318820997950329,0.1768163604623237,0.31052490975828284,0.17161024562820903
2010-05-01,0.3505863205614646,0.10991764830649264,0.4181767992772477,0.20458880388789172,0.3505357921818626,0.17720523387055004
2010-06-01,-0.18998010556743128,0.04191756877347322,-0.005513134935026476,0.13643476830747517,0.07347081370036268,0.13510426357726046
2010-07-01,0.09277696083094655,0.151214303906551,0.11069669492778433,0.16155664597057268,0.13982048638866879,0.14685084944737753
2010-08-01,0.45244443200294654,0.22970536497123586,0.32560815223292106,0.1789807939451224,0.2935068602219,0.16307245146860266
2010-09-01,0.15500159190538526,0.12309197963364732,0.201322100418045,0.1478614497263079,0.22567835934732194,0.14894862967507577
2010-10-01,0.20499920572230912,0.22874419356532374,0.14758061883167228,0.1338204571398213,0.20182077594053394,0.1467763272340007
2010-11-01,0.0600395937729058,0.12398792819886349,0.13968176112403757,0.1310870107563054,0.1954860461743651,0.14627862378870654
2010-12-01,0.3223381434617625,0.1703459692266495,0.33103567211360757,0.1822212760128381,0.29915276396869733,0.16651800399145072
2011-01-01,0.4290157497582953,0.2704682348633539,0.27889158664114155,0.1561786994477471,0.2871186235581255,0.1614717704990586
2011-02-01,0.08137829947859909,0.16108072716785912,0.12585835792792022,0.1176353689568408,0.20308471371987707,0.14819650553004604
2011-03-01,0.21749295330983298,0.1847869524622684,0.27737343280305093,0.17768433680040968,0.2712828537992459,0.16913323927884166
2011-04-01,0.3985462672380343,0.3109286124169464,0.23959798624978945,0.1602218080695999,0.26444037897955275,0.16797855912734583
2011-05-01,0.18011624998492054,0.17493530066375723,0.22089711527809805,0.15095067509614762,0.2563977474329566,0.16776922842275066
2011-06-01,0.11833997393401466,0.05911941814313611,0.23204347318816965,0.15520744824923727,0.25266778726075545,0.16573222801790355
2011-07-01,0.42075314269506525,0.20483045223630916,0.36681636190014466,0.1869933587260868,0.3345559278128807,0.17964959806634184
2011-08-01,0.18181045803977397,0.16183672009458275,0.2433644559321736,0.17701658443538756,0.24767083297753545,0.17036425469125333
2011-09-01,-0.12194171649905111,0.11655789696572053,-0.0030941672699441036,0.1361797185102982,0.09169767630713538,0.14716130472100702
2011-10-01,-0.4507730484035817,-0.014801806707443577,-0.15994926952955102,0.1377093544118212,-0.03384884803430954,0.1340649398690909
2011-11-01,0.24195363248847357,0.2716183283828076,0.12163946678655913,0.17975881459270315,0.14628672119476355,0.16100890195440531
2011-12-01,0.19476968336831119,0.136160716066969,0.2137093395616117,0.17378100682385172,0.21850413977373212,0.16404866959233114
2012-01-01,0.45758444018774763,0.2819636307838266,0.33588444752263796,0.19636331548349012,0.2941531508176836,0.17717467562257339
2012-02-01,0.4118783696384108,0.21628617252166943,0.3288113609591527,0.17988054670621093,0.30263518368668985,0.17474112166301578
2012-03-01,0.21032694300312763,0.17874176211026216,0.19083811873342105,0.13884259226943577,0.2338593370113196,0.16138601236864392
2012-04-01,0.2686202000379958,0.12316021070892524,0.33363436421392534,0.17448719579089972,0.3106713903383721,0.17507500751135285
2012-05-01,0.302224405768466,0.08304813160366462,0.32054490569600097,0.16615940840141818,0.300871511910471,0.16922240013546647
2012-06-01,-0.06397580837178884,0.04326507349611909,0.09219839352073284,0.13431114514088216,0.16171300891648377,0.14897185441793234
2012-07-01,0.40176487038714015,0.16867309392988933,0.338212568772422,0.1704489045003373,0.3050014025929761,0.1672560969578603
2012-08-01,0.1856207747908732,0.21961318671564267,0.1577822498090203,0.13047394520443456,0.21013303145678167,0.1521382854500105
2012-09-01,0.1286676204529401,0.16741567677254773,0.17309468258273789,0.13532187396584341,0.21819569249915885,0.15647995469311454
2012-10-01,0.29770866497581544,0.19651660538523769,0.285472328500872,0.16407098617281987,0.2776914940026115,0.16866632713593302
2012-11-01,0.22124117109300695,0.06493661997316798,0.28047402215782447,0.16020630877607978,0.2740817836427196,0.16448726279903508
2012-12-01,0.2974781217228072,0.12060090768295582,0.3032515798873611,0.16332817739574562,0.28577403893351705,0.16451361030383696
2013-01-01,0.3397783945920959,0.19874667822620584,0.2926754818641658,0.1553798935246919,0.284801454002579,0.16301505301349423
2013-02-01,0.4227622729747113,0.2364168247901103,0.36010536568893337,0.17115433347962708,0.32480112348497564,0.17214471654985297
2013-03-01,0.20187935181061123,0.027677163808978417,0.28740053577978913,0.15563789930490413,0.2820179904779868,0.16061117381485712
2013-04-01,0.3090497436093792,0.10316084003939283,0.3100719477795066,0.15038864069357066,0.29672098344936193,0.15901030557485035
2013-05-01,0.22053035449355285,0.12284553363435122,0.25767870848202035,0.14060054833929636,0.267715123919387,0.15333288975037512
2013-06-01,0.2522340733206219,0.16929480211374323,0.2550967003951582,0.14678547070233414,0.26120181028889655,0.15524818002323
2013-07-01,0.16260708314704908,0.1305489229723073,0.18193171218280543,0.1268024437229961,0.22174442532971694,0.14808638370716404
2013-08-01,0.3298667273709183,0.14502052416688488,0.33928912114033627,0.16151325481532636,0.3090542240250418,0.16183052262724085
2013-09-01,0.28611442936817383,0.11039843200121831,0.3058734222251853,0.16152778851980432,0.28443741995303773,0.15825562074592966
2013-10-01,0.318393145420346,0.17599441085993237,0.27007082730243614,0.14622768659218988,0.26778515873945297,0.15435311832402832
2013-11-01,0.29468033128108184,0.1473940429312653,0.29310117701653227,0.14747227620098147,0.2848501982035263,0.1555713672882415
2013-12-01,0.29568144366570326,0.1563702005691992,0.28636990101592785,0.14825023098305395,0.27925565458961965,0.15581128522583948
2014-01-01,0.20550710568782418,0.16746930592795695,0.19294212939065497,0.12454843448988581,0.23013504495535503,0.14746216571721
2014-02-01,0.01907179089190915,0.03332750945774337,0.19235771118948675,0.15011255762610992,0.21430902074810126,0.15095562773155385
2014-03-01,0.5702650582339082,0.22785042477876985,0.4432288561495995,0.19871881380596185,0.35014244483106055,0.1709647452861019
2014-04-01,0.4683635187575318,0.21693361645771989,0.352196897729493,0.16028869857376338,0.31555708751591005,0.16038601136821606
2014-05-01,0.31723746049075024,0.14670929500991092,0.3172995658724694,0.15307600890482254,0.29974241733474116,0.15768865384075142
2014-06-01,0.39469568490491236,0.1518008426988093,0.36019094619787806,0.15831806346223462,0.32554316268403183,0.16014916741233898
2014-07-01,0.3690532932185802,0.15994765953925888,0.33890182497979604,0.15091548319345982,0.316522735523456,0.15748002610863104
2014-08-01,0.0666997359040725,0.05206764844969598,0.1660396049672007,0.12155827020415853,0.21500674022446536,0.14274616217189975
2014-09-01,0.31498350507480577,0.12230160699081188,0.32412446599932443,0.1497776825843795,0.3027320144497381,0.15421120768944185
2014-10-01,0.14017359592786716,0.06576073374927985,0.21314888010836386,0.1314107912215406,0.237564491834662,0.144242132164602
2014-11-01,0.28439667812531516,0.06575690596843377,0.33272440934578174,0.1570757477058728,0.3011507372513823,0.15201091382545107
2014-12-01,0.2760452137780641,0.05847409102331856,0.29474148599079764,0.1367285003459664,0.28403842196781326,0.1443637659511785
2015-01-01,-0.17096215884525368,-0.13351333032835166,0.047693650760473605,0.07070270754333335,0.15458588117457467,0.11761694647742105
2015-02-01,-0.008930774412588383,0.13902976692673785,0.08074425210134265,0.09550399591034722,0.15835228522527944,0.1246491242294334
2015-03-01,0.15550392769387877,0.1352012811509293,0.1755686564245908,0.10347706963479578,0.2143226578240528,0.12920995739505797
2015-04-01,-0.003464787590953866,0.0672220195534871,0.09286356419575242,0.08900937978417778,0.16986328395297084,0.12322906537373146
2015-05-01,0.1152071581824815,0.14984435110306077,0.14849558100259025,0.09999847882812905,0.19683853724438505,0.12840220285263157
2015-06-01,0.05310228361374417,0.10753229806689071,0.12345724385864215,0.10086472475272878,0.1803646753961723,0.12847288401782195
2015-07-01,0.15742643723840563,0.07479340906431578,0.23091505129439377,0.1387611099606696,0.2286041148316376,0.13993508412258515
2015-08-01,0.2856285313965603,0.12695483599590873,0.24284082154204373,0.12638138210226083,0.23815176056118337,0.13572474503232052
2015-09-01,-0.4236991085544979,-0.07294386409551004,-0.11375025926927018,0.09376031145534275,0.03481423003219952,0.11762123196107044
2015-10-01,0.024175548236511524,0.11854108531498002,0.06766118442013569,0.11368351839087597,0.1235572806074613,0.12539297210427922
2015-11-01,0.0493947507105609,0.1141648102437264,0.09794584405203192,0.09288582555737036,0.15668978267843892,0.12141609776282164
2015-12-01,-0.074274810938287,-0.00041370875588556816,0.09315284560859935,0.09196678693423867,0.16151215652416273,0.12354731272426042
2016-01-01,0.06145758922372899,0.0586650516255023,0.1825001422003874,0.13768978659189857,0.18705626247816462,0.1371250124113062
2016-02-01,0.06476111670012952,0.08535155910877232,0.09259558987850042,0.11091150060766058,0.13600097626793092,0.12502299673817474
2016-03-01,-0.018816005691454002,0.15715737805620733,0.03767218401251257,0.08975671555786521,0.10982895679396652,0.11903029344529897
2016-04-01,0.22805192285349846,0.17164335361205107,0.21752894440511647,0.12720460212786824,0.20455829454234603,0.13495372523532545
2016-05-01,0.14995767064733584,0.1263550442927778,0.13800905159480942,0.11150059804504042,0.16271617001326466,0.12783084769910633
2016-06-01,0.21674196812620336,0.12649925750912538,0.22696557845119888,0.1355373695649386,0.2089475040624733,0.13723652923632707
2016-07-01,0.1982031158879382,0.09363995232498008,0.19605983031568802,0.1283009383751606,0.19285112015011888,0.1331500965737702
2016-08-01,0.2137868822126909,0.14981703500412047,0.19770975680378858,0.11939477877831417,0.19662252276957995,0.1317211652731334
2016-09-01,0.13033164914283923,0.130719561651247,0.152985842826116,0.11285962716843057,0.17288625305695787,0.12936352130170148
2016-10-01,0.1656461087790658,0.13968028578665045,0.17001777907266985,0.11951639610662322,0.17893911598917447,0.1318404127608209
2016-11-01,-0.060824698607084615,0.05611490829040814,0.03516931285085323,0.10035540671824462,0.10626991238479674,0.12302900870153353
2016-12-01,0.3149139188409866,0.14956834977561362,0.3040943007567485,0.15672803470493055,0.24328728552210424,0.14801142705791637
2017-01-01,0.399976859963599,0.2671244150710157,0.25692442618774947,0.13634431415894793,0.213405157728047,0.1428461611286801
2017-02-01,0.06719600645300883,0.09422322413282527,0.10687847679589346,0.1034086870623429,0.15060163592018247,0.12978841613442466
2017-03-01,0.18741541935578476,0.03409629025926486,0.2606388688737553,0.14950501872032207,0.23122571596895725,0.1466786805923511
2017-04-01,0.518952827944362,0.20810468622078232,0.4084716418252822,0.18348234665374671,0.29313032942243356,0.15892861873894465
2017-05-01,0.34914094649268274,0.11117714609645701,0.2707615990164858,0.14123721899292752,0.23305156978108732,0.14153625599187805
2017-06-01,0.30919850324517884,0.13382614701142542,0.3002644257140877,0.14376841864526518,0.2536515764959629,0.1470630885565863
2017-07-01,0.1900392356494195,0.10050828895729957,0.207608026199119,0.12500102871346522,0.20506676330367413,0.14002134256109483
2017-08-01,0.13911811237596705,0.16322774481457258,0.16173027499726322,0.11165595650948792,0.17888012860041047,0.13522058683024887
2017-09-01,0.2159295446673991,0.19392974162261803,0.2055662585062319,0.1266041088658782,0.19637071654158034,0.14120500906120975
2017-10-01,0.41187943871250965,0.11334768512826784,0.3489598956451755,0.16936904528069158,0.2705556308316558,0.153610307488571
2017-11-01,0.42535084217718,0.18997600641642112,0.30490216608694365,0.15239059708952168,0.24473290663844466,0.14801333365140157
2017-12-01,0.307826179264203,0.14622026072770625,0.2787688561396218,0.14869637615368056,0.2367479189226508,0.15069314470521397
2018-01-01,0.3866218515770117,0.24757560159932063,0.29428726999779653,0.14688713067098824,0.24075760701799354,0.1529485019211788
2018-02-01,0.1878122456584399,0.12788220436622347,0.1868239587173921,0.13870206352491773,0.18550887443266656,0.14632811034322948
2018-03-01,0.1123872725250622,0.09544336807171146,0.1528777227508885,0.1577651345736492,0.15284223871273261,0.15076193657204545
2018-04-01,0.40504907067516244,0.20940220200191975,0.31159795122492384,0.20106563681908204,0.21730264449425118,0.16761889256856516
2018-05-01,0.26360638035953277,0.2291570270565787,0.14980385630425286,0.13055720749661737,0.15313168087903206,0.14515488199615667
2018-06-01,0.19143219342770224,0.08764144694201394,0.2577304250441357,0.16481101979307003,0.2268523679173452,0.15960426683256368
2018-07-01,0.29722965059731754,0.1636614012139642,0.24661634370198782,0.16239438284306787,0.2084301079932258,0.15746322356397813
2018-08-01,0.2858446933162243,0.13211368336732698,0.2686908060045776,0.16631708734709466,0.22630169743611472,0.15765715435342642
2018-09-01,0.3258932381391034,0.2028890211639698,0.2579189411514058,0.15584549641322928,0.21687774546184646,0.15626251356788462
2018-10-01,0.31666406634686317,0.16798602134237076,0.2804914553422957,0.15852695901401878,0.23602478987729347,0.16314644110974533
2018-11-01,-0.0016478866059572717,0.06407096296716078,0.09211978668296816,0.14172290568303497,0.13355003389921904,0.14955478737667982
2018-12-01,0.1812236107026004,0.14250066611042572,0.1920382705963326,0.15583093853223506,0.1809175533624685,0.15664792276535722
2019-01-01,-0.10238491850419629,0.05450726672625497,0.01711002708874554,0.13082646900849415,0.09033481180840508,0.14754554950701293
2019-02-01,0.026081601835892254,0.17176092081823183,0.09468753800728702,0.12918236277259104,0.13128687094001468,0.14870148893488216
2019-03-01,0.142606644076418,0.15784198617161435,0.17149577542402905,0.14389128251062228,0.17367753186926926,0.1546497997841062
2019-04-01,0.1446346459398835,0.193455500406627,0.13350408760852883,0.12952483005173981,0.15175450674862867,0.15064052684849247
2019-05-01,0.021350772132418427,0.07077014448876381,0.10999081393522592,0.13857732006653709,0.14672930895378355,0.15075954302083233
2019-06-01,0.049126803295942545,0.10255546522301119,0.11004131044152987,0.14754092239172445,0.13529413986513594,0.15180986199954694
2019-07-01,0.13789219457433255,0.1689294338208053,0.1436263057097672,0.1373978230772766,0.15536954221040933,0.15162611586950453
2019-08-01,-0.06014860227216201,0.05641402798183168,0.06225770827545152,0.1394167176567997,0.11397954066965676,0.14299048620486657
2019-09-01,0.06491392754290237,0.1367236492140088,0.07317017272738091,0.1348187926006939,0.10925140013816148,0.14304906727741162
2019-10-01,-0.14951500322242728,0.13632729331286536,-0.053813030833283926,0.09762647067416169,0.05072688156628136,0.1292638338976838
2019-11-01,0.030201465486710988,0.08868665137323672,0.1024136506023301,0.12730780581224377,0.13908464710284646,0.13678081713024254
2019-12-01,0.20728581544626629,0.20121889160524453,0.16518536870133316,0.13452862500236798,0.16012647455447393,0.14436971693583395
2020-01-01,0.0732205255676398,0.13420374998783766,0.09112895426215262,0.11317306486121659,0.13342727043614178,0.13813486097315364
2020-02-01,-0.019214816899009834,0.061407437467161374,0.10145671229267383,0.13806132176634528,0.1353025936958856,0.14428045478171883
2020-03-01,-1.2875799776797061,-0.13198589225908647,-0.8903792958495693,-0.06719032853928007,-0.3744722959275957,0.045553182059281605
2020-04-01,-7.841642454044535,-0.502072197023671,-5.4366492264308235,-0.7159228817276768,-3.284101793616923,-0.34300444073513836
2020-05-01,0.7704222212038834,-0.301211267245762,-0.10983180048955499,0.15956086678011594,0.014730399886521472,0.12961362607114615
2020-06-01,0.7184086346118352,0.2241831776059901,-0.15058274707324756,0.19396585087660667,-0.03918938550203657,0.13293491886163017
2020-07-01,-0.8649859911661301,0.24490525497122317,0.2336255727886553,0.1557486253117247,0.022055036734500294,0.13391459255309582
2020-08-01,-0.3577168311723684,0.23687731018517025,0.19289435496467822,0.13436537921335084,0.10336834613978688,0.13013491534803337
2020-09-01,-0.17954625679965275,0.13607662064158418,0.17059872006722349,0.12709554955591756,0.11757017380671342,0.1301722791911709
2020-10-01,0.21310393852141862,0.10082569434906352,0.11846350054393401,0.140090300522917,0.1260851191229212,0.1304952544616162
2020-11-01,-0.25970214971538197,0.09206108169547514,0.26040357134732883,0.14389532967731827,0.12851158299563253,0.1361885621755392
2020-12-01,0.893605615403805,0.30554564434520837,-0.03260785779336192,0.14432745714660272,0.1449832893827393,0.12841166852437808
2021-01-01,-0.08076138879280378,0.212105278006497,0.14646367820132683,0.13078413389196633,0.13705207188702892,0.1350729451931012
2021-02-01,-0.7318288515233324,0.19432789293605618,0.3242716951024081,0.10280245111676042,0.1340365789275526,0.1378291002141207
2021-03-01,1.6400698681617771,0.23029038187897596,-0.212980838344473,0.17017029959358876,0.14260497242936937,0.13653455330336683
2021-04-01,-0.12750586791026275,0.31787570519377395,0.11408658382058504,0.1278266256976405,0.12439628039863238,0.13353517694249778
2021-05-01,0.30847868341249285,0.25308984430536124,0.031137595360494985,0.1359656434566252,0.13209857539803174,0.13633125563327145
2021-06-01,0.2082413611512693,0.2915174608439458,0.08322204771781666,0.14057057534844547,0.1366887581087684,0.13899694935133286
2021-07-01,0.32065596797672163,0.25504473556241897,0.05847140200958584,0.13983872220796992,0.13564955263914313,0.13845731347390017
2021-08-01,-0.050293236723919055,0.21195677569580448,0.11979116169754667,0.1363056397737588,0.13557074938384378,0.14306770814445688
2021-09-01,0.09556950746488357,0.21583526729786595,0.08290150204173152,0.12730361122417536,0.1324078653732204,0.1395370122480244
2021-10-01,0.627967198788245,0.31539177557980586,0.0015753539732147326,0.17087482279454058,0.1381350054016633,0.15005027444144786
2021-11-01,0.2990680640928898,0.3790391331984636,0.04649751634776661,0.1669321309220996,0.1319444275810719,0.14894932526141136
2021-12-01,-0.2807762757357463,0.3090706042433756,0.2113562774810298,0.18113242777490604,0.14861035141868062,0.1700627075189232
2022-01-01,0.6681126188493935,0.36161975552227776,0.00669024571916782,0.17703149647292535,0.1419343559458213,0.1555792943952156
2022-02-01,0.2854099398835185,0.31986972369050953,0.071985541783614,0.18804217833824158,0.13754978977833932,0.16431945272773768
2022-03-01,0.3239617754712062,0.5013850879993057,0.2435455738119904,0.2654209234194151,0.1710121546617577,0.1958746767913539
2022-04-01,0.603477855162997,0.27662143934273054,0.16031411915185373,0.19719023794041385,0.15810448843907493,0.17315919125067145
2022-05-01,0.7427769060265124,0.3928853881313064,0.4381668237289398,0.27174446256304047,0.21677692760098077,0.20395700478101342
2022-06-01,1.3561392743911165,0.6530028562723642,0.3462857512870854,0.33372243612103153,0.23041236573730428,0.21518658403663996
2022-07-01,0.700970219092923,0.13025902834977254,0.49185851098700084,0.2231365074641689,0.19802789693649192,0.1982261707791394
2022-08-01,1.316347810992776,0.3191246508652247,0.5068762000587377,0.2617185906505274,0.22663972097551888,0.19707460474826677
2022-09-01,0.5296289680920281,0.2841274829542629,0.28512754245264516,0.23128742863690255,0.17768392782641307,0.19533624615841932
2022-10-01,0.8476897047995502,0.3811255697011926,0.5071372423429903,0.28752442027910347,0.23047042917306992,0.21662471987736642
2022-11-01,1.2039951774656372,0.322317273407103,0.6182062114586202,0.28510104405556447,0.24842387331491445,0.21542297746245637
2022-12-01,0.5556106102099383,0.21471547572402694,0.35605643550023913,0.2067365698737772,0.16520167138878605,0.18744509658786235
2023-01-01,0.8976771736064029,0.3512737109869864,0.1770103786515298,0.24722746931519968,0.17305869684269481,0.19748218993278777
2023-02-01,0.4661461984516748,0.2819509806633339,0.2825803868842991,0.22284148963293265,0.15664148025190183,0.19065126892029083
2023-03-01,0.18482043476693022,0.16736356959204213,0.2056681959183564,0.19182946685766689,0.12862313490197597,0.18498258533687806
2023-04-01,0.5336149452353336,0.2883620838978167,0.20546652261101794,0.2180100409171798,0.15034937225282974,0.18805752106341983
2023-05-01,0.4037893265689725,0.2099337151519619,0.28682334840970913,0.19940378991185592,0.14375953808858277,0.1833590898279378
2023-06-01,0.2038602452245497,0.22334952704571986,0.14881906932119993,0.17960448054717137,0.11713679315572545,0.17661414403837183
2023-07-01,0.518253606368912,0.14494944238707275,0.09339735576609787,0.17443040299480417,0.1126541295508785,0.17280102330538516
2023-08-01,0.380765566482121,0.26250611374643906,0.2347351276311631,0.20241652018202627,0.13700355452940105,0.17997074848359573
2023-09-01,0.3258904183602134,0.2631155336602289,0.08725980800230992,0.1896594360045476,0.11614629015271571,0.1769860696303046
2023-10-01,-0.18010617855556266,0.11653361403290374,0.21407515012374745,0.16457320848619084,0.10152147192379068,0.17788573686747233
2023-11-01,0.3262687029134552,0.10119283261650458,0.10790414197727483,0.16632203237585552,0.10273673577894549,0.17443201589697377
2023-12-01,0.24106730726106917,0.1764482016009732,0.10303850645336698,0.16490099263573077,0.10079029183363097,0.16861312325256195
2024-01-01,0.14967376086807782,0.309806618019543,0.12241097603052875,0.18405652105901837,0.10972565594919281,0.1756039768938663
2024-02-01,0.5587377027866127,0.2069836606675568,0.04382256735579304,0.19005128397949256,0.10861342358876058,0.17904938274990612
2024-03-01,0.10865770270024466,0.2689784364134291,0.10931653387413309,0.18999284328903443,0.10586172973164487,0.17864888279616575
2024-04-01,0.09074682084310659,0.2080579006467128,0.1329267218173733,0.17887595413424373,0.10206914908905773,0.17769485935098017
2024-05-01,0.1651849882419194,0.09216387226320089,0.12126327554731198,0.1656435266271421,0.09447003638592033,0.17539910549489435
2024-06-01,0.1908056614996001,0.18189697771627167,0.10064672126608798,0.17088388856445325,0.09850405296567821,0.17255685051090164
2024-07-01,0.06110830562602665,0.17463930248935167,0.1397473949268111,0.16262222190327058,0.09413141926469759,0.17072973876612707
2024-08-01,0.21215892999065566,0.13005204560510542,0.11348968757788835,0.17722204916865358,0.10030484843745047,0.1804449522198185
2024-09-01,-0.11848794036332677,0.19427504970705178,0.019722367921334083,0.1595256292169901,0.07832950090184188,0.1730974096891787
2024-10-01,-0.21560811828293236,0.17429188434291454,-0.03184518064932007,0.157379440285832,0.07344464108761528,0.1765067795121873
2024-11-01,-0.17466120449028466,0.12772706236379322,0.05737280553232793,0.1649809266395572,0.08428669955098922,0.1819986313765506
2024-12-01,0.4692883521615707,0.22214670812281867,-0.08346708376749934,0.17474173914499846,0.0891575749480058,0.17256694555070995
2025-01-01,-0.30619456594642713,0.23672120347081455,0.08090302875400024,0.1755403563011122,0.09230089464639413,0.17933323637145782
2025-02-01,0.41152377109511473,0.2727854170898609,0.06886259477709711,0.20890214340885066,0.12078092924611372,0.18834335984018935
