date,regime,growth_factor,inflation_factor,erp,regime_name
1990-01-01,2,-0.5057798809853797,0.7571455612341405,-0.0754196194721885,Stagflation
1990-02-01,1,0.9081631000016132,0.4406264410021787,0.0024883501337749,Overheating
1990-03-01,1,0.4981569957103637,0.3774804033259027,0.0170981517372268,Overheating
1990-04-01,2,-0.261981249171328,0.2100520048108567,-0.0332878267589537,Stagflation
1990-05-01,1,0.304151938227859,0.224825464442091,0.084975668456295,Overheating
1990-06-01,1,0.3391573440977957,0.4418957665710987,-0.0155629965812373,Overheating
1990-07-01,2,-0.1747344767991432,0.2468430951101607,-0.0118060204894991,Stagflation
1990-08-01,1,0.3492835780922076,0.6650027638653855,-0.101360449353467,Overheating
1990-09-01,2,0.0076254021208255,0.614017571884995,-0.0569284184147121,Stagflation
1990-10-01,2,-0.5842518859517476,0.5722318696766759,-0.0131785276954674,Stagflation
1990-11-01,3,-1.271560849731168,0.126621828287643,0.0541321692246543,Slowdown
1990-12-01,3,-0.7339529719835425,0.09361450532126,0.0192978082912949,Slowdown
1991-01-01,2,-0.3255879168894804,0.380671096890639,0.0361621017055271,Stagflation
1991-02-01,3,-0.7388505859934114,0.0506726384098543,0.0626595376701035,Slowdown
1991-03-01,3,-0.5754418806996231,0.0212390537184692,0.0173556132523351,Slowdown
1991-04-01,1,0.2638618636735756,0.1813103346890887,-0.0047782652536851,Overheating
1991-05-01,1,0.9414187900247616,0.4141394378138541,0.0336751821146612,Overheating
1991-06-01,0,0.8103066817548354,0.1688695482739532,-0.0524668659686283,Goldilocks
1991-07-01,0,0.2800606256528226,0.1572378019127907,0.0398266761004793,Goldilocks
1991-08-01,2,-0.0011339613319227,0.2330587340378942,0.0148381835663307,Stagflation
1991-09-01,1,0.7932959445843046,0.3439311491821639,-0.02341704956175,Overheating
1991-10-01,2,-0.0546452478724535,0.1866632337796048,0.0073336553243335,Stagflation
1991-11-01,2,-0.1582362447837493,0.2200449726951436,-0.0474453239344666,Stagflation
1991-12-01,2,-0.4862523777080851,0.2500120198086319,0.1080951685482503,Stagflation
1992-01-01,3,-0.5237500242776694,0.1358847697152887,-0.0231839668667169,Slowdown
1992-02-01,1,0.7059692556002473,0.2538395223346867,0.0066071306513311,Overheating
1992-03-01,1,0.8525660185312312,0.2420497794480614,-0.0254511717010593,Overheating
1992-04-01,1,0.7590126747747616,0.2700598897520168,0.0246886054123089,Overheating
1992-05-01,0,0.3291094964783747,0.1330819563047702,-0.0019917574958177,Goldilocks
1992-06-01,2,0.0511853448275756,0.1772067781592667,-0.0206334051403597,Stagflation
1992-07-01,1,0.9207064715544,0.3300955539761618,0.0365067334245561,Overheating
1992-08-01,3,-0.5591861589262614,0.1338076947295485,-0.026666808324258,Slowdown
1992-09-01,0,0.3298543432663114,0.1634988759452227,0.0066288947493802,Goldilocks
1992-10-01,1,0.675158053367686,0.3531461397203062,-0.0003406230145659,Overheating
1992-11-01,1,0.3792217126696195,0.1970659075979597,0.0278419423883458,Overheating
1992-12-01,3,0.1688920989630027,0.1748251748251883,0.0072304444227884,Slowdown
1993-01-01,1,0.3839896069506743,0.2430815258040342,0.0047279534581874,Overheating
1993-02-01,0,0.4815953484483826,0.1507803270534236,0.0082248512527878,Goldilocks
1993-03-01,2,-0.0873531980976505,0.2048766859644057,0.0159424665162164,Stagflation
1993-04-01,1,0.2743160602107775,0.266414708570184,-0.0278616919898421,Overheating
1993-05-01,2,-0.3784401377208368,0.3089614261659434,0.0203139295816374,Stagflation
1993-06-01,0,0.2255186465793812,0.0338810774182407,-0.0019936012770387,Goldilocks
1993-07-01,0,0.2696746193213917,0.160110845970296,-0.0079227224437727,Goldilocks
1993-08-01,3,-0.120574086248093,0.1706143654221614,0.0317304799632851,Slowdown
1993-09-01,0,0.5305512966212289,0.1043424888752531,-0.0124980579068898,Goldilocks
1993-10-01,1,0.733038914392603,0.3142340353781581,0.0169361049823015,Overheating
1993-11-01,1,0.4569413629881946,0.1894778662347329,-0.015437112279053,Overheating
1993-12-01,0,0.5922741331301662,0.0228773620876365,0.0073570499895849,Goldilocks
1994-01-01,0,0.2877812441767657,0.0335457900033642,0.0300817589187341,Goldilocks
1994-02-01,2,0.0582901651454692,0.2316931894396745,-0.0325591573129598,Stagflation
1994-03-01,1,1.0201575463503865,0.2752600523146187,-0.0490289803222462,Overheating
1994-04-01,0,0.5913554477638527,0.1182947358842501,0.0086763615113489,Goldilocks
1994-05-01,0,0.4601048425961096,0.1454214951147614,0.0088347741896821,Goldilocks
1994-06-01,1,0.6751136558680537,0.2435298210585301,-0.0305068982907092,Overheating
1994-07-01,2,0.1330389863973824,0.3153669724770491,0.0279470066956182,Stagflation
1994-08-01,1,0.6704230927067067,0.2301409425249367,0.0333811322161841,Overheating
1994-09-01,0,0.3145485953005789,0.1110544166641691,-0.0308445350853255,Goldilocks
1994-10-01,0,0.8045120691220431,0.1693949751154333,0.0167767796876665,Goldilocks
1994-11-01,1,0.6835881660052667,0.1900600110743555,-0.0438381026049962,Overheating
1994-12-01,0,1.0218279603479097,0.0642289538149043,0.0074841734684498,Goldilocks
1995-01-01,2,0.1701982929575018,0.2030123449418441,0.0195834930595473,Stagflation
1995-02-01,2,-0.1128050577073547,0.1772759098425336,0.0315864599670581,Stagflation
1995-03-01,2,0.1661680221370254,0.1843975849864731,0.0219208588186767,Stagflation
1995-04-01,2,-0.1726234131196657,0.2627282173073952,0.0235495199071824,Stagflation
1995-05-01,0,0.4910926249013236,0.1539668675144767,0.0311940925532538,Goldilocks
1995-06-01,0,0.3314331723927699,0.0975595334880452,0.0163439898902195,Goldilocks
1995-07-01,3,-0.4181127385757377,0.1255223946719619,0.0273277834470575,Slowdown
1995-08-01,1,1.3256420444688333,0.2153328810359456,-0.0054123724958117,Overheating
1995-09-01,0,0.4033288089442033,0.0691705421793198,0.035775985216244,Goldilocks
1995-10-01,2,-0.1757561088312487,0.2588425619530765,-0.009526100739381,Stagflation
1995-11-01,0,0.2635472662998461,-0.0029337988294297,0.0364405152820546,Goldilocks
1995-12-01,1,0.347083386577518,0.1921694611920488,0.0132338946234429,Overheating
1996-01-01,2,-0.5723636015089628,0.2225475841874047,0.0283164957585351,Stagflation
1996-02-01,0,1.4635221208469718,0.1577747910944893,0.0029862821491688,Goldilocks
1996-03-01,2,-0.1224292570634499,0.3019253208867978,0.0036599360737545,Stagflation
1996-04-01,1,0.995039749949056,0.2995622900519246,0.0089803533930508,Overheating
1996-05-01,0,0.7473370902025378,0.1725312803560807,0.0183445058447471,Goldilocks
1996-06-01,0,0.7622281048073498,-0.0014473455682395,-0.0019034874734333,Goldilocks
1996-07-01,2,0.0153757855237079,0.2113155114269682,-0.0503836500201996,Stagflation
1996-08-01,0,0.5118289203219328,0.0953247541054747,0.0142740029225494,Goldilocks
1996-09-01,1,0.6259139173877992,0.2828160397096768,0.0500383219038171,Overheating
1996-10-01,2,0.0296137890187786,0.3021626210449213,0.0216188200358298,Stagflation
1996-11-01,1,0.9186726470557404,0.1778823394396722,0.0694713304541065,Overheating
1996-12-01,0,0.6407086216587032,0.1159910071169889,-0.0257141853140703,Goldilocks
1997-01-01,3,0.1585125359039318,0.1301599107474738,0.0570034636828287,Slowdown
1997-02-01,1,1.1938518753170868,0.2085565316763071,0.0020434342625694,Overheating
1997-03-01,0,0.6346132066227916,0.1054867357557221,-0.046816408915246,Goldilocks
1997-04-01,3,0.1172201006550244,0.0982556069775819,0.0537643345755658,Slowdown
1997-05-01,0,0.5539648397783647,-0.0455230887415614,0.0542373862897647,Goldilocks
1997-06-01,0,0.4595965749441433,0.1280919985198414,0.0392183256372267,Goldilocks
1997-07-01,0,0.8542220977454162,0.0596997953149935,0.0736010805857247,Goldilocks
1997-08-01,0,1.0004661403578252,0.0795522345654387,-0.0618744362079278,Goldilocks
1997-09-01,1,0.9159267160430806,0.2413058907026366,0.0489076614345715,Overheating
1997-10-01,0,0.8866930363580661,0.1302747097139622,-0.0389506758334419,Goldilocks
1997-11-01,0,0.7875135934105604,0.0056567485009484,0.0408078736523467,Goldilocks
1997-12-01,0,0.4258485271143364,-0.0212116069913448,0.0110904286437081,Goldilocks
1998-01-01,0,0.4383363230729298,0.0495042502935083,0.006031787330619,Goldilocks
1998-02-01,3,0.1618798460184756,-0.0523071703234623,0.0664986313715432,Slowdown
1998-03-01,3,0.0351652827490056,0.0155589187965876,0.0454296256625617,Slowdown
1998-04-01,0,0.3431256509800251,0.1244519869891158,0.0048322006040866,Goldilocks
1998-05-01,0,0.6591340431881365,0.1370095200429411,-0.0229134542303565,Goldilocks
1998-06-01,3,-0.5998591461821245,-0.0846322025530699,0.0349552442768146,Slowdown
1998-07-01,2,-0.3845573464364205,0.2470530105174173,-0.0160724683193538,Stagflation
1998-08-01,0,2.070330159316258,0.1380087311646294,-0.1500059183373461,Goldilocks
1998-09-01,3,-0.0532186253594302,-0.0576587725713118,0.0584388957691295,Slowdown
1998-10-01,1,0.6836260369526892,0.2195111655198589,0.0768966479955555,Overheating
1998-11-01,3,-0.0758139631345966,0.0042121224885116,0.0557042304617971,Slowdown
1998-12-01,0,0.4530380879463447,0.1010866818296651,0.0524421502704071,Goldilocks
1999-01-01,0,0.4320551891963342,0.1402563886784946,0.0376517026726157,Goldilocks
1999-02-01,0,0.608149732155816,-0.056023978262687,-0.0357226339934734,Goldilocks
1999-03-01,0,0.2268622127301833,0.0756747666694757,0.0346180069861994,Goldilocks
1999-04-01,1,0.2298623885966577,0.4831120820030232,0.0340876959191578,Overheating
1999-05-01,0,0.6322550732504428,0.0654988363504527,-0.0286522364255111,Goldilocks
1999-06-01,3,-0.0784370132803524,0.0306389616177238,0.0503135684556006,Slowdown
1999-07-01,1,0.5786177951119464,0.2659204187898556,-0.0359581295858681,Overheating
1999-08-01,1,0.4015282897980921,0.18190149548023,-0.0105175522999536,Overheating
1999-09-01,2,-0.403708999870811,0.3589843100293866,-0.0325780880254431,Stagflation
1999-10-01,0,1.2222981351874385,0.1684919966301601,0.05854898666269,Goldilocks
1999-11-01,0,0.4847386851960289,0.0896193246839205,0.0149048784214838,Goldilocks
1999-12-01,1,0.7713127928427044,0.2328016089484075,0.0531568807584721,Overheating
2000-01-01,2,-0.1368048752282802,0.2721163228563972,-0.0552768669551649,Stagflation
2000-02-01,1,0.3123293058620469,0.3152369073888827,-0.0246632067679308,Overheating
2000-03-01,1,0.3555719153728098,0.4290144963178477,0.0913541901813361,Overheating
2000-04-01,0,0.5952225926311616,-0.0829875518672085,-0.0351942436120933,Goldilocks
2000-05-01,0,0.2707691245527277,0.0830564784052967,-0.0271614227748792,Goldilocks
2000-06-01,2,0.0390532964532397,0.3387524658186702,0.0188035705349129,Stagflation
2000-07-01,2,-0.1950827111980024,0.2508338530791354,-0.0212275673113654,Stagflation
2000-08-01,3,-0.272291950416359,-0.0067623311107767,0.0549539431383805,Slowdown
2000-09-01,1,0.4614698099772996,0.4301133443341376,-0.0583951665012637,Overheating
2000-10-01,3,-0.388581532213661,0.1360232721004051,-0.0102082544485779,Slowdown
2000-11-01,3,0.0279643567820064,0.1398733070622659,-0.0853787671240111,Slowdown
2000-12-01,3,-0.3263035410896342,0.1531085055804126,-0.0006690787109699,Slowdown
2001-01-01,2,-0.4759506830623206,0.4841023990559412,0.0302229781430936,Stagflation
2001-02-01,3,-0.6513459989989423,0.15480702503603,-0.0960712490579076,Slowdown
2001-03-01,3,-0.20503069984249,0.0093273638204882,-0.0681717342949287,Slowdown
2001-04-01,3,-0.3589921440973143,0.175871027912855,0.0736620252816266,Slowdown
2001-05-01,2,-0.4775903715313778,0.2633433971298338,0.0018522693124554,Stagflation
2001-06-01,3,-0.5280254107386972,0.1764276712873824,-0.02801067379092,Slowdown
2001-07-01,3,-0.6404208352618568,-0.0331046902725229,-0.0137388478246532,Slowdown
2001-08-01,3,-0.114778036075025,-0.0119216351184836,-0.0672507970994178,Slowdown
2001-09-01,3,-0.5065005386753141,-0.3404695034709193,-0.0835412100418772,Slowdown
2001-10-01,2,-0.2741454785151309,0.3522671381285924,0.0161786172059321,Stagflation
2001-11-01,3,-0.6047102317151998,-0.0675568272134774,0.0736617967906332,Slowdown
2001-12-01,3,-0.0427418438103899,-0.1033920547182654,0.0062078646321226,Slowdown
2002-01-01,0,0.6655112336294788,0.0902299536907902,-0.0169787348379588,Goldilocks
2002-02-01,3,0.0115231321228703,0.1683657912529446,-0.0220916706780791,Slowdown
2002-03-01,1,0.7238404207491778,0.271314751581575,0.0352894517112285,Overheating
2002-04-01,1,0.4882884782311247,0.4184100418409997,-0.0629421730813497,Overheating
2002-05-01,0,0.4017677782241824,0.0657202944269075,-0.0106194871567475,Goldilocks
2002-06-01,0,0.8248855097594765,0.12478654932353,-0.0738308490062249,Goldilocks
2002-07-01,2,-0.032191881251653,0.2204001311905568,-0.0805013638192262,Stagflation
2002-08-01,2,-0.111053642107306,0.1963530689984782,0.0034423371780152,Stagflation
2002-09-01,2,0.0849008900792869,0.1802908169264316,-0.1113418335580195,Stagflation
2002-10-01,2,-0.2082664575177251,0.1825745621470753,0.0850423286203452,Stagflation
2002-11-01,0,0.5602209932537017,0.0989312818109766,0.0561231793976533,Goldilocks
2002-12-01,3,-0.5561106769072954,0.0962326228591381,-0.0613421942065239,Slowdown
2003-01-01,1,0.8521508823282398,0.2988138389782957,-0.0284060391500473,Overheating
2003-02-01,2,0.1188126191277394,0.4209790028626647,-0.0178976519460439,Stagflation
2003-03-01,2,-0.2628510747773482,0.2566880788380743,0.0073980405060551,Stagflation
2003-04-01,3,-0.5956902191332047,-0.1698295271791439,0.0800833612692397,Slowdown
2003-05-01,3,-0.0272742229883049,-0.1147010683953397,0.0499915230873155,Slowdown
2003-06-01,3,0.1277930569822061,0.1083815028901646,0.0105417943701691,Slowdown
2003-07-01,1,0.5138291523584027,0.2938598752384447,0.0154198247895442,Overheating
2003-08-01,2,-0.2181774282939197,0.3379767657037069,0.0170653409378782,Stagflation
2003-09-01,1,0.6447447582867083,0.3125040023565839,-0.0127406595109852,Overheating
2003-10-01,3,0.1231614573486528,0.0127676416889155,0.054138949867353,Slowdown
2003-11-01,0,0.6704970388109022,0.1263835165256077,0.0064481358703158,Goldilocks
2003-12-01,2,0.0295989825756182,0.2205732354141121,0.049966733758255,Stagflation
2004-01-01,2,0.1521782957331519,0.3867438458113437,0.0165614975624515,Stagflation
2004-02-01,1,0.6032428360854825,0.2129034710869337,0.0114964879376753,Overheating
2004-03-01,3,-0.4000731513156497,0.154280005564189,-0.0172295362215008,Slowdown
2004-04-01,1,0.3714380452357391,0.18560840414652,-0.0175895457383469,Overheating
2004-05-01,1,0.7223716776067812,0.3251581680235871,0.0112581228594659,Overheating
2004-06-01,2,-0.7802242062877385,0.2851615496708648,0.0169151165814511,Stagflation
2004-07-01,0,0.747165423006102,0.0926958199195748,-0.0354224816182016,Goldilocks
2004-08-01,3,0.0671191867890774,0.0513109317314297,0.0009742087304207,Slowdown
2004-09-01,2,0.127099138396014,0.1976334025467263,0.0079617806354095,Stagflation
2004-10-01,1,0.8531500308810669,0.4294417257565186,0.0125890773915198,Overheating
2004-11-01,1,0.2483434077411805,0.3853420843277666,0.0369209904631002,Overheating
2004-12-01,0,0.7967816436364572,0.053245498897958,0.0305158537775789,Goldilocks
2005-01-01,0,0.3596531168715611,0.1311864952166397,-0.0271738771167935,Goldilocks
2005-02-01,1,0.7259066271311676,0.2780970744187927,0.0169567497830287,Overheating
2005-03-01,2,-0.1351265996452522,0.299511906522687,-0.0215613656749799,Stagflation
2005-04-01,1,0.2152508771784189,0.2801843317972174,-0.0224751414328266,Overheating
2005-05-01,3,0.0900125396779527,0.0563704765756289,0.0275309841902635,Slowdown
2005-06-01,0,0.449761319492814,0.062462491885995,-0.0027968272470229,Goldilocks
2005-07-01,2,-0.3166442501335131,0.4235006119950979,0.0333558406519804,Stagflation
2005-08-01,1,0.3259087661922066,0.4034322209492069,-0.0144380733444804,Overheating
2005-09-01,2,-1.9373698979145648,0.9650752030299748,0.004032994058152,Stagflation
2005-10-01,0,1.2137396970635097,0.1599095849564857,-0.0207549686418178,Goldilocks
2005-11-01,0,1.1240218459586115,-0.2088710161454954,0.0320270252734149,Goldilocks
2005-12-01,0,0.5164986354512013,0.0,-0.0042667427886781,Goldilocks
2006-01-01,2,0.1577843688421287,0.4847770386498418,0.0220199380136218,Stagflation
2006-02-01,3,0.042158902402134,0.0598558670720894,-0.0029750768911127,Slowdown
2006-03-01,1,0.2254652574833704,0.1938169984685878,0.00686348827476,Overheating
2006-04-01,1,0.3036679842539413,0.4644997970052467,0.0085897304069024,Overheating
2006-05-01,2,0.0254146846250469,0.2686159148986844,-0.035147642818101,Stagflation
2006-06-01,1,0.3166411740827879,0.2465594291200856,-0.0042154544132027,Overheating
2006-07-01,2,-0.051261507350675,0.3417327862455632,0.0010491252196336,Stagflation
2006-08-01,1,0.4388741318681832,0.3146432864314485,0.016617892625931,Overheating
2006-09-01,3,-0.1661580401191797,-0.2619676945668114,0.02064629568106,Slowdown
2006-10-01,3,-0.1146817857333282,-0.2355657110550968,0.0272944386306299,Slowdown
2006-11-01,3,-0.042034425892401,0.0342376803381228,0.0122303094659028,Slowdown
2006-12-01,1,1.0193348910427114,0.3552418831360482,0.0086615180527918,Overheating
2007-01-01,2,-0.3383130268983403,0.3339919089284215,0.0097960898209821,Stagflation
2007-02-01,1,0.9422584955516512,0.3106099676496887,-0.0257461891376309,Overheating
2007-03-01,1,0.1780198123945142,0.3657353851906464,0.0055356342972203,Overheating
2007-04-01,1,0.672281726358448,0.2351735860479209,0.0391101612134952,Overheating
2007-05-01,2,0.0956378513362832,0.2903735365173743,0.0282909952301202,Stagflation
2007-06-01,2,0.0577014192386649,0.2119380168160489,-0.0217753415452075,Stagflation
2007-07-01,3,-0.119953669000572,0.1525500121346557,-0.036124182770111,Slowdown
2007-08-01,0,0.1925891536306734,0.0680813745514097,0.0089160844310787,Goldilocks
2007-09-01,1,0.2222593090719815,0.3851476014760102,0.0327781942689142,Overheating
2007-10-01,2,-0.2820077304793611,0.3032600454889955,0.0113220566250573,Stagflation
2007-11-01,1,0.5334891922024632,0.53024576834102,-0.0467090939806384,Overheating
2007-12-01,2,0.0348821530398391,0.231257333591528,-0.0110650341924578,Stagflation
2008-01-01,2,-0.1323496805537893,0.2523186033824398,-0.0635161030231783,Stagflation
2008-02-01,2,-0.3921959845390677,0.1995329115933142,-0.036487973460644,Stagflation
2008-03-01,2,-0.3045840787558984,0.2862573827249859,-0.0069787256463645,Stagflation
2008-04-01,2,-0.6452051340639975,0.1850284876177665,0.0464008207381663,Stagflation
2008-05-01,2,-0.6057782381776122,0.4290588857982724,0.0092028856710519,Stagflation
2008-06-01,2,-0.2332762193893445,0.7254989908050957,-0.0875389607339445,Stagflation
2008-07-01,2,-0.3573802776070001,0.4653389292751608,-0.0113052126166085,Stagflation
2008-08-01,3,-1.5699867570929893,-0.080890908083564,0.0107287725616074,Slowdown
2008-09-01,3,-4.4048023108496315,0.0831743778556548,-0.0917474394269504,Slowdown
2008-10-01,0,0.9941411352017092,-0.6604097643134965,-0.1700235138744236,Goldilocks
2008-11-01,3,-1.3200748718089517,-1.1801318445973763,-0.0749875330608668,Slowdown
2008-12-01,3,-2.819896973943936,-0.55873488876097,0.0077918033394426,Slowdown
2009-01-01,3,-2.4942836351786957,0.0113509954823065,-0.0857601312303145,Slowdown
2009-02-01,2,-0.6085582025516345,0.1793253734053701,-0.1101538673947929,Stagflation
2009-03-01,3,-1.5655848507912018,-0.1098950898420825,0.0852159992888985,Slowdown
2009-04-01,3,-0.8290557258392117,0.1429073710714767,0.0937933212385371,Slowdown
2009-05-01,3,-1.009956431882919,0.1041961605980024,0.0529409410954424,Slowdown
2009-06-01,2,-0.376881616147362,0.5939787525314877,3.987125604543133e-05,Stagflation
2009-07-01,0,1.129022170984073,0.0112470757603011,0.0739814272240353,Goldilocks
2009-08-01,1,1.096698237045057,0.2901419221340129,0.0334169096323024,Overheating
2009-09-01,0,0.881437075988023,0.1614711818793246,0.0356206010238064,Goldilocks
2009-10-01,1,0.2695457878894469,0.3795172629976306,-0.0198238924321509,Overheating
2009-11-01,1,0.4338107685935455,0.2498243422593526,0.0573247105085581,Overheating
2009-12-01,0,0.4058071779700745,0.0578504121841794,0.0177229776168619,Goldilocks
2010-01-01,1,1.089961110803106,0.2190373475355445,-0.0370206919884243,Overheating
2010-02-01,0,0.3752968908449006,-0.0022188692642144,0.0284315474123186,Goldilocks
2010-03-01,0,0.6856761810881018,0.1409013246943313,0.0586590569523428,Goldilocks
2010-04-01,0,0.3392297060230698,0.0542870121093441,0.0146176509485338,Goldilocks
2010-05-01,0,1.3508964217083586,0.0321116155464373,-0.0821029079870661,Goldilocks
2010-06-01,0,0.1849209892946346,-0.0420637819767755,-0.0539903187533812,Goldilocks
2010-07-01,0,0.3797036289796551,0.0852703735285231,0.0686464753347868,Goldilocks
2010-08-01,0,0.3664634007673584,0.1372015313461094,-0.0475844910501471,Goldilocks
2010-09-01,0,0.2947761395331261,0.0994453161256236,0.0874245091072836,Goldilocks
2010-10-01,2,-0.2833668805007239,0.3190127163546385,0.0367491896716982,Stagflation
2010-11-01,2,0.0869562402969981,0.1991615409161484,-0.0024037809565216,Stagflation
2010-12-01,1,0.9785396067085728,0.2262194988030152,0.0651770489078238,Overheating
2011-01-01,2,-0.2106135119296248,0.3002147521584897,0.022524948320252,Stagflation
2011-02-01,2,-0.3970843397723911,0.2785606606803492,0.0318569747205594,Stagflation
2011-03-01,1,1.040272709112422,0.4019739207163697,-0.0011389725593412,Overheating
2011-04-01,2,-0.3230270794270296,0.4242345333420161,0.0284489280316089,Stagflation
2011-05-01,2,0.1206079665240889,0.3035967025724506,-0.0135350552201963,Stagflation
2011-06-01,0,0.30248807089297,-0.020465757556165,-0.0182900483622554,Goldilocks
2011-07-01,0,0.492715456823678,0.1702237688404384,-0.0215041989525459,Goldilocks
2011-08-01,1,0.6751130647956405,0.2355421233208199,-0.0568133203553504,Overheating
2011-09-01,3,-0.0827080374789179,0.1405639727027008,-0.0717735209780459,Slowdown
2011-10-01,0,0.6940410373954542,0.0021430025608726,0.1077079588343148,Goldilocks
2011-11-01,2,-0.0086587493010492,0.2046523588595139,-0.0050697563459507,Stagflation
2011-12-01,0,0.5306290656609036,0.0577416595380686,0.0085232277998195,Goldilocks
2012-01-01,1,0.596427248225595,0.3419753350289767,0.0435556339620581,Overheating
2012-02-01,1,0.3215662971284949,0.2236564636717952,0.040516431541189,Overheating
2012-03-01,2,-0.5177723960984593,0.191277735271611,0.03125896127553,Stagflation
2012-04-01,0,0.7193508372958624,0.1315175427431869,-0.0075673408759204,Goldilocks
2012-05-01,0,0.2309210465547106,-0.1122786204558856,-0.0627288488777217,Goldilocks
2012-06-01,3,0.0055293367151154,-0.0509002990392581,0.0394787280399866,Slowdown
2012-07-01,0,0.2098983989359704,0.0360727396184756,0.0125166835435117,Goldilocks
2012-08-01,2,-0.4279088966837152,0.3362039708128428,0.0196697066695767,Stagflation
2012-09-01,2,-0.0733690772427575,0.3044236562549596,0.0241567223126815,Stagflation
2012-10-01,1,0.3473983631303801,0.2961230016966576,-0.0198767087559778,Overheating
2012-11-01,0,0.3667648049054728,-0.0682959631832402,0.002772493960381,Goldilocks
2012-12-01,0,0.2369549856899411,-0.0157713781030244,0.0070127535126873,Goldilocks
2013-01-01,2,0.0245142665911135,0.190337981365829,0.0503661569960729,Stagflation
2013-02-01,1,0.4676907932336993,0.3558121228024236,0.0109859972242676,Overheating
2013-03-01,0,0.4028580654107827,-0.1317798648733492,0.035918749522805,Goldilocks
2013-04-01,3,-0.0862971950387203,-0.1015834450402097,0.0180333817323796,Slowdown
2013-05-01,3,0.0780978038776414,0.0733821849021376,0.0207242907074944,Slowdown
2013-06-01,1,0.2074933532559386,0.2220802212421935,-0.0150394055871664,Overheating
2013-07-01,3,-0.3101931085414344,0.1243820095533809,0.0494311583763382,Slowdown
2013-08-01,0,0.5782114503832148,0.148237848672128,-0.0313361092523728,Goldilocks
2013-09-01,0,0.5084577384016464,0.0437800988179359,0.0297367763944305,Goldilocks
2013-10-01,3,-0.0788730144467453,0.1323247478536293,0.0445544892225517,Slowdown
2013-11-01,0,0.2336084410783145,0.1487986847444888,0.0279982691573852,Goldilocks
2013-12-01,0,0.2010650366143673,0.1745527086840059,0.0235072762744044,Goldilocks
2014-01-01,2,-0.3557589474469713,0.2074387537079669,-0.0356190068366749,Stagflation
2014-02-01,0,0.7556916490531584,0.0476121473078405,0.0430773542861373,Goldilocks
2014-03-01,0,0.9685206031106786,0.1603558866128729,0.0068885056579817,Goldilocks
2014-04-01,2,0.0967670387519659,0.1776584206992781,0.0061750028974503,Stagflation
2014-05-01,0,0.3831643017938591,0.1649705630651698,0.0210032976467489,Goldilocks
2014-06-01,0,0.3432190311729588,0.1091129937105472,0.0190285511225907,Goldilocks
2014-07-01,0,0.2221248844113565,0.1418979363104533,-0.0151028792021064,Goldilocks
2014-08-01,3,-0.1888053207359519,-0.0123214670760152,0.0376279404187929,Slowdown
2014-09-01,0,0.2873440188072562,0.0349151254377178,-0.0155305259456501,Goldilocks
2014-10-01,3,0.0119343204860067,-0.0297701538808925,0.0231867735334272,Slowdown
2014-11-01,0,0.6172120873449094,-0.0954982337961096,0.0245181080977141,Goldilocks
2014-12-01,3,-0.0079064645954196,-0.1757613756668052,-0.0042139091938924,Slowdown
2015-01-01,3,-0.7848268733052777,-0.4798187808896292,-0.0310626726768924,Slowdown
2015-02-01,2,-0.6385429169845525,0.1769197343100215,0.0548790135775305,Stagflation
2015-03-01,2,-0.3346261254872473,0.1890007745933397,-0.0174202626969971,Stagflation
2015-04-01,3,-0.5455808831756226,0.0886524822695022,0.0085005244199414,Slowdown
2015-05-01,2,-0.4413063536470418,0.2399736337981739,0.010478343225972,Stagflation
2015-06-01,2,-0.3145062410606636,0.1941907178891755,-0.0210248681758216,Stagflation
2015-07-01,0,0.6480993526961187,0.0912670741211707,0.0197138649544128,Goldilocks
2015-08-01,3,-0.1838518594625027,0.0071717637416091,-0.0626407269586124,Slowdown
2015-09-01,3,-0.2791065028845962,-0.1383026677047816,-0.0264630579027692,Slowdown
2015-10-01,3,-0.4835506432950498,0.0,0.0829691894164219,Slowdown
2015-11-01,3,-0.7357319171217069,0.0625788647578229,0.0004097207044848,Slowdown
2015-12-01,3,-0.490405888487655,-0.0840697984375249,-0.0177298205500144,Slowdown
2016-01-01,0,0.5240216999506275,0.0410441635199321,-0.0509294099016335,Goldilocks
2016-02-01,3,-0.5184776724149187,-0.052309838352349,-0.0043779880202101,Slowdown
2016-03-01,2,-0.7419897116952456,0.2339781415157338,0.0657315527875017,Stagflation
2016-04-01,1,0.3382172239537073,0.3276238059647829,0.00250927325367,Overheating
2016-05-01,3,-0.2267794379884335,0.1632769687630819,0.0150989112586261,Slowdown
2016-06-01,0,0.4723710200531528,0.1752366203783939,0.0006679512620548,Goldilocks
2016-07-01,3,0.1172088714676666,0.0172896008136191,0.0353708912376729,Slowdown
2016-08-01,3,-0.1507082885518373,0.1393097557503386,-0.0014926240068712,Slowdown
2016-09-01,2,-0.1055134041476946,0.1898881995146206,-0.0014797492891862,Stagflation
2016-10-01,2,0.015595615809083,0.2047311130480622,-0.0196887531523111,Stagflation
2016-11-01,3,-0.417168298044468,0.0333778371161663,0.0338152585590312,Slowdown
2016-12-01,0,0.6835853098808187,0.171889060777941,0.0177740800821535,Goldilocks
2017-01-01,2,-0.2628724699913376,0.3835633030856655,0.0174723560140899,Stagflation
2017-02-01,3,-0.4014738596471723,0.1357452413751625,0.0368013605469097,Slowdown
2017-03-01,0,0.6598918716692825,-0.0512120177534991,-0.0010719926763755,Goldilocks
2017-04-01,1,1.01874791064267,0.1908876274677284,0.0084815170809395,Overheating
2017-05-01,3,0.1183734843394956,-0.0431185760842223,0.0107874212087561,Slowdown
2017-06-01,0,0.2060099380072788,0.0842679721514416,0.0039412465879224,Goldilocks
2017-07-01,3,-0.2394688037820613,0.0370867830723709,0.0184861140456848,Slowdown
2017-08-01,2,-0.4138579996563751,0.2244421510375405,-0.0003959957184835,Stagflation
2017-09-01,2,0.1032173934849778,0.3728993171843608,0.0184720115271494,Stagflation
2017-10-01,0,1.231820304342679,0.1304780876494105,0.0212766682697822,Goldilocks
2017-11-01,0,0.239248421425664,0.1432393987923941,0.027040020649387,Goldilocks
2017-12-01,0,0.1955238855138485,0.1450211075242125,0.0087663987154404,Goldilocks
2018-01-01,2,-0.0018725779682204,0.3749218912726615,0.0549843951350563,Stagflation
2018-02-01,1,0.2424541086608389,0.2144289963339485,-0.0401452809669878,Overheating
2018-03-01,0,0.4898312333777355,0.1064920722568363,-0.0283243889499936,Goldilocks
2018-04-01,1,1.1018847101021745,0.2383672826129723,0.0012276638992805,Overheating
2018-05-01,3,-0.9004876472062606,0.1719631311046798,0.0199487068096126,Slowdown
2018-06-01,0,0.7769349155879013,0.0863244425697074,0.0032284627153034,Goldilocks
2018-07-01,3,0.1614372371557593,0.1058522576914411,0.0343579683933974,Slowdown
2018-08-01,0,0.6463528132455432,0.0695144756552412,0.0283698395875404,Goldilocks
2018-09-01,2,0.0650756925466566,0.2054633688165497,0.0026604981739397,Stagflation
2018-10-01,3,-0.1102781545507913,0.1728211837762838,-0.0714072571160375,Slowdown
2018-11-01,3,0.0793379083257717,0.0341147229397043,0.015973567652791,Slowdown
2018-12-01,3,0.0245031858946198,0.0691805514956511,-0.0935971741111801,Slowdown
2019-01-01,3,-0.6643059707801324,-0.0516061187330163,0.0766626195421558,Slowdown
2019-02-01,2,-0.5464105661296959,0.1831501831501825,0.0278892336450122,Stagflation
2019-03-01,2,0.0375350919074701,0.2265743513944595,0.0158774541267117,Stagflation
2019-04-01,2,-0.584880588904857,0.2823351347155833,0.0372840955205166,Stagflation
2019-05-01,3,0.1153763419832865,0.0725619195046434,-0.0678778444710977,Slowdown
2019-06-01,3,0.0444370653957415,0.0473727461690831,0.0671672007167254,Slowdown
2019-07-01,3,-0.4848810250152602,0.1333539484364765,0.0112539017855002,Slowdown
2019-08-01,0,0.6849073187575438,0.0463222095693938,-0.0198307930464448,Goldilocks
2019-09-01,3,-0.3383704050117342,0.0607697501687987,0.0156447300831474,Slowdown
2019-10-01,2,-0.8442522707120981,0.1773784620130447,0.0189652458907392,Stagflation
2019-11-01,0,0.5019319103877651,0.1029667908041931,0.0328610808880653,Goldilocks
2019-12-01,2,-0.2323979862111191,0.2720526032454096,0.0272846276134353,Stagflation
2020-01-01,3,-0.6553569655153413,0.175443642325046,-0.0029225378329812,Slowdown
2020-02-01,0,0.3362241150981271,0.0794334386065687,-0.0852757942408484,Goldilocks
2020-03-01,3,-3.9119691043517424,-0.2887934744149945,-0.1253772874015805,Slowdown
2020-04-01,3,-13.18775293149008,-0.415264071505983,0.1267290173024282,Slowdown
2020-05-01,0,1.6538180906531252,0.1001560122498412,0.0451805796742246,Goldilocks
2020-06-01,1,6.553017435935615,0.3155606011044698,0.0182491083122444,Overheating
2020-07-01,1,3.7472132271539222,0.2953869761197047,0.0549905768458076,Overheating
2020-08-01,1,0.9779469953359988,0.2792174262273184,0.0699777789666982,Overheating
2020-09-01,2,0.0125058751559326,0.1783160102984515,-0.039318434182367,Stagflation
2020-10-01,0,0.8049650452395696,0.0894752372521567,-0.0277495081020904,Goldilocks
2020-11-01,0,0.3537338457753503,0.1017584236003399,0.1074770050262841,Goldilocks
2020-12-01,1,1.319920561671828,0.4189705295559509,0.0370452134135896,Overheating
2021-01-01,1,0.5278407531287055,0.423845069489781,-0.0111997372811984,Overheating
2021-02-01,2,-3.3042347358776314,0.3325576794445339,0.0260593316273247,Stagflation
2021-03-01,1,2.8977701174189185,0.5201877934272403,0.0424100621923135,Overheating
2021-04-01,1,0.1759403815192461,0.526836923421814,0.0524070584294913,Overheating
2021-05-01,1,0.8873899513690775,0.5175714099871831,0.0054722167713117,Overheating
2021-06-01,1,0.3674825234604384,0.5407903859486973,0.0221826266505458,Overheating
2021-07-01,1,0.4541141317472075,0.4560500183891092,0.0227044576652193,Overheating
2021-08-01,2,-0.2076768619846625,0.3825876839715914,0.0289427012626974,Stagflation
2021-09-01,2,-1.1852820317521218,0.3282455276546914,-0.047604061635741,Stagflation
2021-10-01,1,1.34354462314088,0.6616136830434272,0.0691026026518171,Overheating
2021-11-01,1,0.678038170963835,0.666293494158654,-0.0083746052273743,Overheating
2021-12-01,2,-0.2902878489551397,0.6197309417040442,0.0435616832470502,Stagflation
2022-01-01,2,-0.3847966543571557,0.547280976192388,-0.0527005716023339,Stagflation
2022-02-01,1,0.6196499297304259,0.5903993617304204,-0.0315978490487671,Overheating
2022-03-01,1,0.5796258967684542,0.8795198773254853,0.0353648258024965,Overheating
2022-04-01,2,0.0486237889668395,0.2996444452209701,-0.0885628458489227,Stagflation
2022-05-01,2,-0.1049881703469979,0.6210152248893985,-0.0007744630006849,Stagflation
2022-06-01,2,-0.3113481721247146,0.9634278294741394,-0.0852029182688983,Stagflation
2022-07-01,0,0.2029341305509913,-0.0060014746480652,0.0892909583053953,Goldilocks
2022-08-01,2,-0.1251691809173838,0.2786566178803351,-0.0449271993676798,Stagflation
2022-09-01,1,0.1933799753304432,0.3548342966585682,-0.0960840574969747,Overheating
2022-10-01,2,-0.0384038984399537,0.4668955704560718,0.0767855522257128,Stagflation
2022-11-01,2,-0.2940162701512649,0.2586521256116469,0.0503163107884623,Stagflation
2022-12-01,3,-1.1775520230755787,0.1353363107321703,-0.0626094829258694,Slowdown
2023-01-01,1,0.7403294095005952,0.5355453439654045,0.0580260129265259,Overheating
2023-02-01,2,0.1359136361374968,0.2949133744475585,-0.0297285466835375,Stagflation
2023-03-01,0,0.3764844756045216,0.1415777965803499,0.0306076311212568,Goldilocks
2023-04-01,1,0.2301513059230542,0.3454968294600791,0.010608063100904,Overheating
2023-05-01,3,-0.3203855688226453,0.1659010762728119,-0.0021620668142441,Slowdown
2023-06-01,2,-0.8015567440745164,0.2655014565126734,0.060204705368559,Stagflation
2023-07-01,0,0.786159752935478,0.1145522914608676,0.026773937019124,Goldilocks
2023-08-01,2,-0.0667943753982713,0.3009775551999549,-0.0228025731625932,Stagflation
2023-09-01,1,0.1802868524474199,0.3711664048937635,-0.0531376645594323,Overheating
2023-10-01,3,-0.5466184787138562,0.0535336314744894,-0.0266607253152437,Slowdown
2023-11-01,0,0.393156489222024,0.0074083829969318,0.0845667830556662,Goldilocks
2023-12-01,3,-0.2585662461990878,0.1374564789740961,0.0399012495645159,Slowdown
2024-01-01,2,-1.3725223179007373,0.4685188229492043,0.0113410539618061,Stagflation
2024-02-01,1,1.0710293956096573,0.3010717499795534,0.0473938909269902,Overheating
2024-03-01,2,0.1720097721493729,0.3588965562244084,0.0266697264451729,Stagflation
2024-04-01,2,-0.2131249533384838,0.2462653814268689,-0.0463782185255014,Stagflation
2024-05-01,0,0.6180955554181189,0.0056753228853345,0.0432480829614447,Goldilocks
2024-06-01,3,0.0307347590295714,0.1548464506923474,0.03050999734886,Slowdown
2024-07-01,3,-0.9101631415148635,0.1594638130469006,0.0065685376097011,Slowdown
2024-08-01,0,0.4553106404856288,0.1236503523630805,0.0182014579052165,Goldilocks
2024-09-01,2,-0.619829156166074,0.2219728950915822,0.0162832644600445,Stagflation
2024-10-01,2,-0.3395505789091979,0.2657775200541223,-0.0140239359465471,Stagflation
2024-11-01,3,-0.1779439928822346,0.1148649734123763,0.0538122654114001,Slowdown
2024-12-01,1,1.0421733766397212,0.2743968484478998,-0.0286556463577611,Overheating
2025-01-01,2,-0.261743314132834,0.350458877091353,0.0233910289733056,Stagflation
2025-02-01,1,1.033931046612846,0.4018593970514406,-0.0175134560334442,Overheating
2025-03-01,3,-0.0582595527367613,0.0158829742457511,-0.0611640325060767,Slowdown
2025-04-01,0,0.1983365069813558,0.1659507229575751,-0.0112331055905213,Goldilocks
2025-05-01,2,-0.1038119019209582,0.1823226317875459,0.0578830267707504,Stagflation
2025-06-01,1,0.424479189840965,0.2872289919291004,0.0460922119042397,Overheating
2025-07-01,3,-0.2144439521488683,0.1625336310486558,0.0178074985880258,Slowdown
2025-08-01,2,-0.0757791039120991,0.2646732152281617,0.0154730670702754,Stagflation
