date,value,pct_change_mom,pct_change_yoy,zscore_value,zscore_pct_change_mom,zscore_pct_change_yoy,minmax_value,minmax_pct_change_mom,minmax_pct_change_yoy
1990-01-31,0.06005,13.601967461218312,-75.62609083898202,0.0600499567346635,0.1397741513421045,-0.0417801438400636,0.1849597120927417,0.5612709554907888,0.1326316744036576
1990-02-28,0.04649,-12.530573847601143,-22.876575978765768,0.0464899562510692,-0.1084129017500845,-0.0210865890663942,0.1828004076562947,0.5568721243315095,0.1329826405920566
1990-03-31,0.0725,26.41673931996513,131.8516149664215,0.0724999571786716,0.2614791331150681,0.0396130458561228,0.1869422593076212,0.5634280368509658,0.1340121166651126
1990-04-30,0.10637,-2.4307466519904564,71.92500404073057,0.1063699583865875,-0.0124924048188121,0.0161039271679727,0.1923357431765343,0.5585722052400737,0.1336133980365907
1990-05-31,-0.0103,-133.2687338501292,-124.64114832535884,-0.0103000457742494,-1.2550923529631806,-0.0610086766430046,0.1737571260231217,0.5365485448503999,0.1323055552356285
1990-06-30,-0.16009,6.76937441643326,-279.2721164613662,-0.1600900511162548,0.0748833658374017,-0.1216701712047554,0.1499044555559094,0.5601208406654108,0.131276726029541
1990-07-31,-0.07792,-31.989176922405516,-184.88942150561064,-0.0779200481858016,-0.2932159523740377,-0.0846439829463587,0.1629892671741138,0.5535967019946619,0.1319046964438135
1990-08-31,0.17709,43.73021670318968,-288.71483375959076,0.1770899609086959,0.4259094072220331,-0.1253745348968367,0.2035972483200102,0.5663423750658682,0.1312138993948872
1990-09-30,0.37308,13.167713167713169,-337.8275004781029,0.3730799678983457,0.1356499334895798,-0.144641359653684,0.2348068409821969,0.5611978584546167,0.1308871307888444
1990-10-31,0.44932,1.1298672068422275,-1426.2101534828807,0.4493199706173155,0.0213236045152916,-0.5716122257241988,0.246947355011306,0.5591715552613098,0.1236456326962663
1990-11-30,0.46369,2.362083048190899,101.04491848768645,0.4636899711297971,0.0330262558121491,0.0275276254940994,0.2492356444472753,0.5593789713474006,0.1338071458920361
1990-12-31,0.51492,1.496067648276278,26.712109653763825,0.514919972956828,0.0248014985067918,-0.0016330228106605,0.2573935475652091,0.5592331969475617,0.1333125763654999
1991-01-31,0.38825,-13.247977834383518,-13.651224340012902,0.3882499684393579,-0.1152262605907731,-0.0174674975932539,0.2372225230102869,0.556751365352367,0.133044020995457
1991-02-28,0.09737,-42.19992876647275,-79.00105674049472,0.0973699580656178,-0.3901899274684317,-0.0431041378507629,0.1909025765151756,0.5518779493926641,0.1326092192413387
1991-03-31,-0.15233,30.923936398796737,-129.99566792690612,-0.1523300508395076,0.3042850717905927,-0.063109246571561,0.1511401636994808,0.5641867230696952,0.1322699292144179
1991-04-30,-0.2392,6.084796877771859,-174.90449051168034,-0.2392000539375783,0.0683817676986804,-0.080726909642808,0.1373069206025669,0.5600056072875155,0.1319711306694486
1991-05-31,-0.24053,-2.092237554442955,898.0497925311204,-0.2405300539850105,-0.0092775022047729,0.3401914302628186,0.1370951304181661,0.5586291857054787,0.139109976894742
1991-06-30,-0.27192,7.8277420889840466,49.54627949183303,-0.2719200551044814,0.0849349391089904,0.0073247874271684,0.1320965635848275,0.5602989932852028,0.1334645023419673
1991-07-31,-0.418,10.784235774296992,68.65039338309462,-0.4180000603141759,0.1130134733231829,0.0148193023674262,0.1088346762635752,0.560796653133569,0.1335916105827336
1991-08-31,-0.54425,2.3969445541946577,128.6572556927989,-0.5442500648166673,0.0333573439500834,0.0383599035519584,0.0887305328195165,0.5593848395053059,0.1339908631597181
1991-09-30,-0.56367,0.5494211455787656,87.12900869796162,-0.5636700655092486,0.0158109681543063,0.0220684351636818,0.0856380776457849,0.559073850097836,0.1337145571008416
1991-10-31,-0.58455,1.2453235416377997,28.275181040158003,-0.5845500662538983,0.0224201211975045,-0.001019832273549,0.0823131309914328,0.5591909897631836,0.1333229761807045
1991-11-30,-0.6321,1.6090919320355557,14.623000761614623,-0.632100067949688,0.0258749174132265,-0.0063755619162328,0.0747412337972547,0.5592522220678238,0.13323214210027
1991-12-31,-0.66772,1.042628209978358,17.823931111150305,-0.6677200692200147,0.0204950747029593,-0.0051198417889416,0.0690690786330775,0.5591568705196625,0.1332534393259807
1992-01-31,-0.66146,-0.3825301204819276,9.716693205944814,-0.6614600689967625,0.0069600020115272,-0.0083002989381517,0.0700659256664225,0.5589169768638235,0.1331994982348905
1992-02-29,-0.65977,0.1959057222694626,2.684741331009155,-0.6597700689364915,0.0124535468420452,-0.0110589230065512,0.0703350425172776,0.5590143436517937,0.1331527115041862
1992-03-31,-0.68727,1.7604903905949376,2.635823302768747,-0.6872700699172322,0.0273127851210973,-0.0110781134749279,0.0659559221631262,0.5592777066255293,0.1331523860305973
1992-04-30,-0.76471,3.0106686782692904,15.609409488102076,-0.7647100726789979,0.0391860301067666,-0.0059885952670629,0.0536243192458358,0.5594881462892991,0.1332387051200789
1992-05-31,-0.86347,1.8879724356024363,30.29969215911148,-0.8634700762011052,0.0285235128761473,-0.0002256196283525,0.037897703748527,0.5592991653878135,0.1333364461614745
1992-06-30,-0.91887,1.3925517241379248,30.783244851193437,-0.918870078176852,0.023818382786954,-3.59226397438453e-05,0.0290757667441638,0.5592157723478183,0.1333396634544805
1992-07-31,-0.94236,-0.1694987075723575,16.477349978369695,-0.9423600790145829,0.0089832127647901,-0.0056481035275041,0.0253352017580177,0.5589528359563601,0.1332444799175615
1992-08-31,-0.90249,-1.6509742382633696,2.7752471188448036,-0.9024900775926872,-0.0050867179719613,-0.0110234177230832,0.0316841300678365,0.5587034625544739,0.133153313679798
1992-09-30,-0.80704,-3.5033598775617514,-13.186966857782124,-0.8070400741886253,-0.0226792715462515,-0.0172853700862411,0.0468836587152457,0.5583916546987872,0.1330471099087751
1992-10-31,-0.68538,-1.7179075369966768,-26.874859965644916,-0.6853800698498285,-0.0057223996674401,-0.0226551098177683,0.0662568871620115,0.5586921958247447,0.1329560382148645
1992-11-30,-0.73929,3.933587324795096,-16.352877282704625,-0.7392900717724369,0.0479512112813877,-0.0185273519501553,0.0576722188604732,0.5596434990830378,0.1330260456863345
1992-12-31,-0.88591,4.055768282083205,14.193091002835768,-0.8859100770013897,0.049111593326707,-0.0065442148633661,0.0343243415395394,0.5596640655252999,0.1332292817177661
1993-01-31,-0.96098,0.3728810018696293,40.47361496857182,-0.9609800796786334,0.0141343237934743,0.0037655948781421,0.0223701391764069,0.5590441334975316,0.1334041378344493
1993-02-28,-0.96051,0.0896160058354578,24.032799586776864,-0.9605100796618716,0.0114440877471941,-0.0026841120912683,0.0224449823242778,0.5589964521459109,0.1332947497135536
1993-03-31,-0.97939,0.714697050717783,7.15192227741186,-0.9793900803351948,0.0173806333222995,-0.0093064546882502,0.0194385171502277,0.5591016706145171,0.1331824336632203
1993-04-30,-0.99814,-0.0310481245931137,3.79344050911965,-0.9981400810038816,0.0102981113727153,-0.0106239819984576,0.0164527532723972,0.5589761410276592,0.1331600881772353
1993-05-31,-0.98582,-0.1306845235080178,2.4037063198570685,-0.9858200805645098,0.0093518404404252,-0.0111691726157089,0.018414599191057,0.5589593694595608,0.1331508416521708
1993-06-30,-1.02427,1.5717657325320822,3.863431254246219,-1.0242700819357635,0.025520421486159,-0.0105965247351678,0.0122917927322526,0.5592459390336751,0.1331605538570639
1993-07-31,-1.09604,0.7704613574094799,10.161416768850362,-1.0960400844953184,0.0179102404042128,-0.0081258345580998,0.0008630848116182,0.5591110572932543,0.1332024571802795
1993-08-31,-1.09431,-0.4466803733556679,10.743308202196022,-1.0943100844336209,0.006350751574392,-0.0078975594302588,0.0011385712920793,0.5589061785978652,0.1332063287650507
1993-09-30,-1.05511,-1.1995280545359144,1.2912082637328792,-1.0551100830356197,-0.0007992245879475,-0.0116056039178926,0.007380808305997,0.558779453462371,0.1331434397034819
1993-10-31,-0.97196,-1.791470056280242,-11.6849603838046,-0.9719600800702164,-0.0064210406707498,-0.0166961352217684,0.0206216758495493,0.5586798132134191,0.1330571034317206
1993-11-30,-0.94229,0.2009783071033499,-13.358220620281912,-0.9422900790120864,0.0125017224047127,-0.0173525526778512,0.0253463486098283,0.5590151975084455,0.1330459704806603
1993-12-31,-1.0091,1.3875352912216643,-1.5310453849081251,-1.0091000813947515,0.0237707405126031,-0.0127127697490497,0.0147074747603426,0.5592149279430909,0.1331246619837553
1994-01-31,-1.01771,-0.6714881074381007,6.403822428538564,-1.0177100817018123,0.0042156982561974,-0.009599933125727,0.0133364119876429,0.5588683372240072,0.1331774562192912
1994-02-28,-0.92504,-3.1959647543900016,-2.68166180972721,-0.9250400783968944,-0.0197598658576375,-0.01316415482953,0.0280932513774324,0.5584433978197504,0.1331170064164578
1994-03-31,-0.79587,-3.584667942722841,-21.13071053413934,-0.7958700737902663,-0.0234514738685013,-0.0204016886971382,0.0486623777827319,0.5583779682973652,0.132994256618141
1994-04-30,-0.72734,-0.4203118796292537,-27.519681116093675,-0.7273400713462606,0.006601179524552,-0.0229080721783017,0.0595751457052772,0.5589106171463575,0.132951747930452
1994-05-31,-0.72746,0.1100927531445306,-18.40044868199663,-0.7274600713505401,0.0116385603593865,-0.0193306111083965,0.0595560368164591,0.5589998989501477,0.1330124222751735
1994-06-30,-0.72113,-0.2089560500387333,-6.417244153754309,-0.7211300711247914,0.0086084768585553,-0.0146296181243589,0.0605640307016147,0.5589461941917705,0.1330921519111564
1994-07-31,-0.77581,2.3874254341973433,6.930106267142633,-0.7758100730748606,0.0332669385695946,-0.0093934727730676,0.0518567470301602,0.5593832371735175,0.1331809578217864
1994-08-31,-0.81209,-0.1487765892044801,11.83194017929685,-0.8120900743687249,0.0091800157251595,-0.0074704907547231,0.0460794929774833,0.5589563240633485,0.1332135719220084
1994-09-30,-0.69565,-4.2582474297746975,-4.570832818908876,-0.6956500702160906,-0.0298486208562046,-0.0139052737546789,0.0646214847606611,0.5582645861964481,0.1331044369141583
1994-10-31,-0.6037,-3.062125664370474,-23.831032829493548,-0.6037000669368504,-0.0184887637115452,-0.0214610210431048,0.0792636708175419,0.5584659266489428,0.1329762901624123
1994-11-30,-0.5077,-5.456238361266297,-36.68470805377497,-0.5077000635131738,-0.0412262299224045,-0.0265034983625926,0.0945507818720341,0.5580629311114831,0.1328907688943525
1994-12-31,-0.4061,-0.6118453255017142,-39.15193287383878,-0.4061000598897827,0.0047821401537566,-0.0274713869221034,0.1107296410713717,0.5588783767576486,0.1328743533407059
1995-01-31,-0.50743,7.643190496393726,-13.181172686365429,-0.5074300635035447,0.0831822080842047,-0.0172830970415714,0.0945937768718749,0.5602679281359552,0.133047148459997
1995-02-28,-0.62618,3.3777983226573216,31.25262010564265,-0.6261800677385613,0.0426727489630264,0.0001482125615577,0.0756839389789483,0.5595499443861678,0.1333427864186332
1995-03-31,-0.64272,-0.0482092592880678,54.14428242517266,-0.6427200683284322,0.0101351279338937,0.009128577012773,0.0730500971368515,0.5589732523329421,0.1334950949183738
1995-04-30,-0.67625,2.087799281422664,24.24214587543634,-0.6762500695242226,0.0304213166682374,-0.0026019858593491,0.0677107551195898,0.5593328017856467,0.1332961425883351
1995-05-31,-0.71816,0.5629148346262713,12.5078330617872,-0.7181600710188715,0.0159391209765086,-0.0072053390007778,0.061036975699863,0.5590761214597801,0.1332180689405945
1995-06-30,-0.67871,-1.2440706573931148,5.219831328289737,-0.6787100696119543,-0.0012222564396738,-0.0100644110408218,0.0673190228988184,0.558771955707482,0.1331695785953045
1995-07-31,-0.68609,1.0456707757109829,-0.7062535276495363,-0.6860900698751494,0.0205239706841842,-0.0123892051528579,0.0661438262365043,0.5591573826678224,0.133130149694024
1995-08-31,-0.71784,0.7084835645842391,0.3354579000335533,-0.7178400710074592,0.0173216223445806,-0.0119805433377826,0.0610879327367113,0.559100624712548,0.1331370806675155
1995-09-30,-0.70322,-0.6526898734177333,4.356988098418069,-0.7032200704860617,0.0043942296225011,-0.0104029031328487,0.0634160323577184,0.5588715014879251,0.1331638377121821
1995-10-31,-0.71912,1.2759485113933875,3.3857124372816516,-0.7191200710531082,0.0227109739280084,-0.0107839331034052,0.0608841045893181,0.5591961447945915,0.1331573753794464
1995-11-30,-0.75827,0.7667774086378865,5.4514859471261445,-0.7582700724493263,0.0178752530534397,-0.0099735332847672,0.054649829612408,0.559110437182548,0.1331711198974153
1995-12-31,-0.74822,-0.074788322337671,6.571900638103911,-0.7482200720909101,0.0098827001560409,-0.0095339962987226,0.0562501990509252,0.5589687783397952,0.1331785745190277
1996-01-31,-0.79705,2.2881856215189567,9.02960166338367,-0.797050073832349,0.0323244341125268,-0.0085698439094788,0.0484744737093538,0.5593665323618771,0.1331949267065947
1996-02-29,-0.82552,-0.4894042768629814,8.675390326742338,-0.8255200748476831,0.0059449923494177,-0.008708800480277,0.0439408898372559,0.5588989869804954,0.1331925699796554
1996-03-31,-0.72431,-2.893188003593028,-3.927472410865873,-0.7243100712382007,-0.0168843219663219,-0.0136528844411785,0.0600576451479346,0.5584943635406105,0.1331087174795963
1996-04-30,-0.68998,0.1756754794779214,-15.205662951174247,-0.6899800700138797,0.012261415342761,-0.0180773015057186,0.0655243797573171,0.5590109383411008,0.1330336786179791
1996-05-31,-0.72121,0.3296978465305189,-9.04608167074431,-0.7212100711276445,0.013724202942992,-0.0156609071000597,0.0605512914424026,0.5590368645753468,0.1330746610757297
1996-06-30,-0.70538,-0.583493065734586,-0.2291371994342261,-0.7053800705630945,0.0050514084088778,-0.0122020331400441,0.0630720723589923,0.5588831492289604,0.1331333241630135
1996-07-31,-0.7171,1.1966921622307949,3.098267558047585,-0.7171000709810683,0.0219582572478717,-0.0108966972941016,0.061205770884423,0.5591828037538504,0.1331554628797029
1996-08-31,-0.75015,-0.0466355762824721,4.317897371714641,-0.7501500721597403,0.0101500735812781,-0.0104182383657191,0.0559428644224338,0.5589735172274183,0.1331635776240393
1996-09-30,-0.73492,-0.2023329395309692,4.5390534985277675,-0.7349200716165883,0.0086713781378378,-0.0103314791521819,0.0583681008949329,0.5589473090448774,0.1331650490749726
1996-10-31,-0.76835,1.5986565466902911,5.683396833693255,-0.7683500728088123,0.0257758100395456,-0.00988255499527,0.0530446829516863,0.5592504655031761,0.1331726629045903
1996-11-30,-0.77561,-1.3331806790571,3.9956557300116824,-0.7756100730677279,-0.0020685558261901,-0.0105446532736212,0.0518885951781903,0.5587569560204915,0.1331614336058236
1996-12-31,-0.71091,-1.9380379607150775,-3.666815724216432,-0.7109100707603125,-0.007813031440025,-0.0135506292178538,0.0621914710659575,0.5586551417718872,0.133110451745476
1997-01-31,-0.7142,1.3711073892184844,-9.326359088947022,-0.7142000708776447,0.0236147207616545,-0.015770859506651,0.0616675690308608,0.5592121626717628,0.1330727962643202
1997-02-28,-0.7407,0.0486263068320003,-2.5471673288950836,-0.7407000718227222,0.0110547986810224,-0.0131113928484344,0.0574476894168604,0.5589895524432353,0.1331179012685795
1997-03-31,-0.69498,-2.203647416413379,-0.8757416704700982,-0.6949800701921962,-0.0103355885577644,-0.0124556950945425,0.0647281760565623,0.5586104323371592,0.1331290220133691
1997-04-30,-0.64196,-1.476411185119264,-10.11481377765332,-0.6419600683013281,-0.0034288505174865,-0.0160801690866639,0.0731711200993662,0.5587328463556265,0.1330675503215365
1997-05-31,-0.63102,0.0586696265757469,-14.156282309408496,-0.6310200679111717,0.0111501825130427,-0.0176656310695761,0.0749132137966177,0.5589912430123732,0.1330406606181927
1997-06-30,-0.6433,0.6871077303532536,-5.203283181798102,-0.6433000683491169,0.0171186108868551,-0.0141533830739922,0.0729577375075639,0.5590970265670573,0.1331002289381456
1997-07-31,-0.66071,0.4698762203096063,3.862357342723288,-0.6607100689700149,0.0150555107972246,-0.0105969460290314,0.0701853562215357,0.5590604604817361,0.1331605467118487
1997-08-31,-0.65109,-0.7454495563889219,2.968433704453433,-0.651090068626934,0.0035132685215379,-0.0109476309181918,0.0717172521417879,0.5588558874617592,0.1331545990368251
1997-09-30,-0.61636,-1.9097332739194115,-5.017567650866061,-0.6163600673883477,-0.0075442149968977,-0.0140805271525331,0.0772476830472308,0.5586599062353491,0.1331014645868941
1997-10-31,-0.51435,-4.257101373738892,-22.26135058339883,-0.5143500637503347,-0.0298377364853796,-0.0208452370757471,0.0934918309500302,0.5582647791094504,0.1329867339626324
1997-11-30,-0.47607,-0.0650741005080002,-26.20557097019205,-0.4760700623851437,0.0099749584657284,-0.0223925487587042,0.099587566483009,0.5589704135126308,0.1329604912948273
1997-12-31,-0.51611,3.044763007626883,-14.1847627282099,-0.5161100638131021,0.0395098321828992,-0.0176768038947292,0.0932115672473645,0.5594938853101069,0.1330404711251887
1998-01-31,-0.60219,2.890973396893748,21.30655493332261,-0.6021900668829988,0.0380492551256204,-0.0037536137390499,0.0795041243351699,0.559467998255202,0.1332766107847464
1998-02-28,-0.64298,0.6937592984104679,33.7368442946878,-0.6429800683377047,0.0171817824343542,0.0011227699477689,0.0730086945444122,0.5590981462103588,0.1333593150767084
1998-03-31,-0.62972,-0.8611596530172183,18.239513312553957,-0.6297200678648093,0.0024143418019426,-0.004956809520863,0.075120226758814,0.558836410244734,0.1332562043808173
1998-04-30,-0.6076,-0.9713801421213808,0.8983875521014983,-0.6076000670759373,0.0013675512101715,-0.0117597068880132,0.0786426319309532,0.5588178570808403,0.1331408260910487
1998-05-31,-0.57456,-1.310568714680782,-10.552044088800338,-0.5745600658976218,-0.0018538045420779,-0.0162516938754019,0.0839039459855409,0.5587607622409541,0.1330646412321134
1998-06-30,-0.559,-0.2676181980374559,-10.441065735296462,-0.559000065342701,0.0080513482782229,-0.0162081572354345,0.0863817319022898,0.5589363197260062,0.1330653796208896
1998-07-31,-0.51335,-4.254327066547303,-13.7270389728249,-0.5133500637146714,-0.0298113882202754,-0.0174972395588606,0.0936510716901812,0.5582652461022611,0.1330435165666907
1998-08-31,-0.31562,-16.617351791186728,-44.47415643362302,-0.3156200566629675,-0.1472260184108186,-0.0295592871623988,0.1251377432402305,0.5561842063082734,0.1328389421995507
1998-09-30,-0.07045,-43.345396059509454,-87.38337004602518,-0.0704500479193967,-0.4010687068612465,-0.0463925066628309,0.1641787955030415,0.5516851354921329,0.1325534479501978
1998-10-31,-0.00835,-182.75520317145688,-98.25740342675876,-0.0083500457047059,-1.7250772979272715,-0.0506583734858949,0.1740676454664161,0.5282186001794655,0.1324810981274881
1998-11-30,-0.11779,27.72717414877468,-52.857600256143435,-0.1177900496076973,0.2739246490175664,-0.0328480994745694,0.156640338864295,0.5636486193610651,0.1327831633865731
1998-12-31,-0.19381,10.156871660793442,610.4472140762464,-0.1938100523188212,0.1070552448942589,0.2273653744009638,0.144534857798019,0.5606910503612216,0.1371964279075804
1999-01-31,-0.27627,7.226858140888814,685.9743954480797,-0.2762700552596168,0.0792281992031465,0.2569945732430874,0.1314038663651708,0.5601978478587877,0.1376989441304658
1999-02-28,-0.35719,5.711918079848477,157.23030390321188,-0.3571900581454909,0.0648404477434746,0.0495690670818929,0.1185181056721551,0.5599428414487263,0.1341809724687406
1999-03-31,-0.4075,2.084272759156258,93.62349139979092,-0.4075000599397113,0.0303878244349861,0.0246162108896404,0.1105067040351603,0.5593322081741855,0.1337577678080022
1999-04-30,-0.42906,0.595517209040608,44.83037974683543,-0.4290600607086121,0.0162487535963936,0.0054747471009427,0.1070734736775056,0.5590816093432105,0.1334331253451787
1999-05-31,-0.40437,-2.9752621349905195,8.210013647675884,-0.4043700598280852,-0.0176637998045438,-0.0088913670465131,0.1110051275518328,0.5584805481890037,0.1331894736198186
1999-06-30,-0.33417,-5.591027234715784,-19.24359594006766,-0.3341700573245217,-0.0425063523910048,-0.0196613765005219,0.1221838275104302,0.5580402424074092,0.1330068124381881
1999-07-31,-0.21314,-10.094065044079814,-50.34363860867135,-0.2131400530081927,-0.0852727894803662,-0.0318618761284642,0.141456734290901,0.5572822563090363,0.1327998899013009
1999-08-31,-0.15161,-6.580812126440316,-61.05073859987154,-0.15161005081383,-0.0519065784375002,-0.0360622552356883,0.1512548170323895,0.5578736341709102,0.1327286507613263
1999-09-30,-0.10219,-10.797835195530723,-67.33056265984655,-0.1021900490513498,-0.0919566644957631,-0.0385258207016165,0.15912449441065,0.5571637922823429,0.1326868682744165
1999-10-31,-0.11206,15.944128297982418,-41.53797996661102,-0.1120600494033466,0.1620182181963388,-0.0284074295821673,0.15755278830536,0.5616652060899574,0.1328584778988993
1999-11-30,-0.17035,4.650448458041523,21.427043980326467,-0.1703500514821602,0.0547594145110029,-0.0037063460684294,0.1482706455619605,0.5597641666848808,0.1332774124524334
1999-12-31,-0.17335,2.0666509656147136,103.72546715242686,-0.1733500515891501,0.0302204660078974,0.0285792006747297,0.1477929233415077,0.559329241937814,0.133824980784929
2000-01-31,-0.21233,3.585715679578483,63.23031980319802,-0.2123300529793055,0.0446473902920565,0.0126930157124658,0.1415857192904232,0.5595849426413078,0.1335555484014943
2000-02-29,-0.19145,-6.253060425031832,10.998376623376638,-0.1914500522346558,-0.0487938414113821,-0.0077974964750123,0.1449106659447753,0.5579288038683241,0.1332080258496931
2000-03-31,-0.09024,-18.783187831878323,-50.755798090040926,-0.0902400486251734,-0.1677954861127099,-0.0320235656686583,0.1610274212554539,0.5558196360604318,0.1327971476193562
2000-04-30,-0.03313,-29.69015280135824,-84.53386863358386,-0.0331300465884425,-0.2713815653219825,-0.0452746515752104,0.1701216599254753,0.5539836914887218,0.1325724069615217
2000-05-31,0.02485,96.75376088677751,-114.16196500826352,0.0248499554793155,0.9294868059875664,-0.0568977089017793,0.179354438039428,0.5752677074923578,0.1323752779437156
2000-06-30,-0.00095,-105.54259043173862,-98.7236329437055,-0.0009500454407975,-0.9917704759477448,-0.0508412746191396,0.1752460269435332,0.54121562342321,0.1324779960933383
2000-07-31,-0.11635,35.62186735050703,577.2409778812572,-0.1163500495563421,0.3489024560991773,0.2143386182431235,0.1568696455301124,0.5649775150868325,0.1369754919202199
2000-08-31,-0.19927,6.612808303461559,-716.1719233147804,-0.1992700525135428,0.0733964196681276,-0.2930653036090055,0.1436654033567947,0.5600944862482078,0.1283698355997439
2000-09-30,-0.19682,-2.9630725237884015,661.687306501548,-0.1968200524261677,-0.017548032124438,0.2474667850399188,0.1440555431701646,0.5584826000384944,0.1375373512313186
2000-10-31,-0.16852,-3.911506443152013,16.622837370242216,-0.1685200514168964,-0.0265555380044761,-0.0055910290440597,0.1485620561164368,0.5583229523169922,0.1332454479104525
2000-11-30,-0.10763,-16.084515827225953,-47.91172627401635,-0.1076300492453582,-0.1421655466367884,-0.0309078406034873,0.1582582247842288,0.5562738973725045,0.1328160705051392
2000-12-31,-0.0909,28.6442117180866,-52.16544756091144,-0.0909000486487112,0.2826339761822207,-0.0325765690207163,0.1609223223669543,0.5638029822064711,0.1327877685889883
2001-01-31,-0.2267,17.278841179513726,42.54275653923543,-0.2267000534917871,0.1746943086261526,0.0045773159819374,0.1392974298544539,0.5618898752693758,0.1334179047616379
2001-02-28,-0.28067,-0.2665055788501291,222.2758066368125,-0.2806700554165353,0.0080619150912264,0.0750863192720889,0.1307032071085066,0.5589365070106599,0.1346137493810478
2001-03-31,-0.25602,1.369971491922728,112.21816976127324,-0.256020054537435,0.023603932870836,0.0319108750432687,0.1346284913532278,0.559211971468758,0.1338814865456309
2001-04-30,-0.33623,8.68216051976598,32.53577200520317,-0.3362300573979881,0.0930495571990364,0.0006515911080118,0.1218557915857192,0.5604428155936408,0.1333513238039062
2001-05-31,-0.42536,3.888237592809696,54.935528520434175,-0.4253600605766579,0.0475205139294934,0.0094389816573491,0.1076626644160642,0.5596358654659408,0.1335003594336375
2001-06-30,-0.46249,1.4788809654415758,74.05163329820863,-0.4624900619008361,0.0246382724311198,0.0169382006042219,0.101750055734259,0.5592303039523843,0.1336275474551515
2001-07-31,-0.50223,1.9590726379471235,37.88057652711048,-0.5022300633180955,0.0291987686610958,0.002748349825542,0.0954218287206599,0.559311133522937,0.1333868851863334
2001-08-31,-0.43446,-6.64804469273742,-2.2125188503004822,-0.4344600609011939,-0.0525451023492742,-0.0129801107572138,0.1062135736806904,0.5578623170661536,0.1331201278350475
2001-09-30,-0.33973,-1.8376722817764255,-27.963783634782978,-0.3397300575228096,-0.0068598343593042,-0.0230822929236484,0.1212984489951909,0.5586720360980311,0.1329487931171489
2001-10-31,-0.38636,4.528975704777882,-23.827924766373563,-0.3863600591857892,0.0536057584502614,-0.021459801754651,0.1138730532819516,0.5597437194529893,0.1329763108417507
2001-11-30,-0.37782,-3.553377240006128,-5.660565806886575,-0.3778200588812246,-0.0231542985113605,-0.0143327743551138,0.1152329692028408,0.5583832353900859,0.1330971864316814
2001-12-31,-0.37435,3.7152989416523674,9.414274858245175,-0.374350058757473,0.0458780738128106,-0.0084189371978451,0.1157855345711647,0.5596067550966749,0.1331974861099435
2002-01-31,-0.46702,4.755282400969008,17.30044707891696,-0.4670200620623908,0.0557550477734452,-0.005325203781803,0.1010286951813752,0.559781813143725,0.1332499563518535
2002-02-28,-0.49551,0.0343198611055139,31.149753851040177,-0.4955100630784382,0.0109189269124439,0.000107858285701,0.0964919264944743,0.5589871442718104,0.1333421020032905
2002-03-31,-0.50683,1.6526605026173868,28.415425154555596,-0.5068300634821467,0.0262886986453064,-0.0009648147199154,0.0946893213159654,0.5592595558660785,0.133323909287718
2002-04-30,-0.58348,4.073915525114158,21.0263217937815,-0.5834800662157384,0.0492839420744378,-0.0038635487751893,0.0824835185833943,0.5596671202093872,0.1332747462679426
2002-05-31,-0.62864,-0.9657041133008804,27.2859804000972,-0.628640067826293,0.0014214578260486,-0.0014078941861845,0.075292206758177,0.5588188125138439,0.133316394585042
2002-06-30,-0.54214,-4.800870970007731,4.223619201414919,-0.5421400647414177,-0.0350020476047711,-0.0104552235491132,0.089066530781235,0.5581732476117951,0.1331629503490745
2002-07-31,-0.4429,-4.4093842401743855,-26.8900627269726,-0.4429000612021921,-0.0312840036283422,-0.0226610738380077,0.1048695818338163,0.5582391456813813,0.1329559370640727
2002-08-31,-0.39391,-2.073337476693604,-35.89747762408463,-0.3939100594550471,-0.0090980036039904,-0.0261946690575371,0.1126707856938119,0.5586323671125195,0.1328960066915916
2002-09-30,-0.35707,-1.6254786896988782,-30.57165078747812,-0.3570700581412112,-0.0048445805927293,-0.0241053552572027,0.1185372145609732,0.5587077541620953,0.1329314418069642
2002-10-31,-0.3905,4.177782520542106,-8.906410376038066,-0.3905000593334353,0.0502703920030601,-0.0156061142627233,0.1132137966177266,0.5596846039041612,0.1330755903715169
2002-11-30,-0.45915,1.375518855427016,19.788677276284904,-0.4591500617817207,0.0236566175211457,-0.0043490748445951,0.1022819198063632,0.5592129052438221,0.1332665116636993
2002-12-31,-0.47498,1.4221045439016144,33.28656414861375,-0.4749800623462707,0.0240990530501725,0.0009461257285572,0.0997611388897735,0.5592207469066599,0.1333563191608787
2003-01-31,-0.52803,1.3648928818244643,23.70677537250492,-0.5280300642382086,0.0235557000847783,-0.0028120108966594,0.0913134176247651,0.5592111165978872,0.1332925805281855
2003-02-28,-0.54133,0.7875628374604204,17.308109045204347,-0.5413300647125304,0.0180726572884798,-0.0053221980040349,0.0891955157807573,0.559113935946441,0.1332500073303527
2003-03-31,-0.59223,3.417385534173878,21.94082401630737,-0.5922300665277923,0.0430487182669806,-0.0035047909385981,0.0810901621070734,0.5595566080113189,0.1332808308615199
2003-04-30,-0.68713,3.211415696582809,30.13086377667935,-0.6871300699122393,0.0410925729991512,-0.0002918507470361,0.0659782158667473,0.5595219375776722,0.1333353228705014
2003-05-31,-0.71651,-0.1964007131713852,30.76193083310519,-0.716510070960027,0.0087277179235885,-4.428409675297475e-05,0.0612997229211121,0.5589483076030294,0.1333395216427556
2003-06-30,-0.71807,0.3732177802627801,16.6569191279202,-0.7180700710156618,0.0141375222591709,-0.0055776588221503,0.0610513073664766,0.5590441901866714,0.1332456746716771
2003-07-31,-0.71584,-0.6991454888469528,1.767105955275028,-0.7158400709361327,0.0039530294285854,-0.0114189099743997,0.0614064142170132,0.5588636817199868,0.1331466060643349
2003-08-31,-0.67231,-0.7616573427605688,-5.921945622210101,-0.6723100693837092,0.0033593392618769,-0.0144353132607219,0.0683381636357846,0.558853159241994,0.1330954473545022
2003-09-30,-0.68538,1.019956961353663,-4.944315770494978,-0.6853800698498285,0.0202797603820293,-0.0140517905508269,0.0662568871620115,0.5591530543200173,0.1331019519645186
2003-10-31,-0.71982,0.6234623126817329,3.467011642949558,-0.7198200710780726,0.0165141549915004,-0.0107520395481753,0.0607726360712124,0.5590863132788588,0.1331579162995365
2003-11-30,-0.71957,-0.1831069927450745,7.264027189791911,-0.7195700710691567,0.0088539715955237,-0.0092624761009422,0.0608124462562502,0.5589505453047111,0.1331831795474981
2003-12-31,-0.72808,0.8714446030008594,5.033252066532978,-0.7280800713726513,0.0188693026645124,-0.0101376058025751,0.0594573075575655,0.5591280555729861,0.1331683371997674
2004-01-31,-0.79067,1.573700572955472,9.52169877966007,-0.7906700736048171,0.025538797132722,-0.0083767949562019,0.0494904296315169,0.5592462647209568,0.1331982008494883
2004-02-29,-0.81884,0.4268053375196201,14.089059800479298,-0.8188400746094523,0.0146464562262434,-0.006585026146462,0.0450046179814643,0.5590532104581338,0.1332285895515033
2004-03-31,-0.80729,-0.8084829272488325,9.385924500691022,-0.8072900741975412,0.0029146253824985,-0.0084300590001679,0.0468438485302079,0.5588452771980066,0.1331972974822953
2004-04-30,-0.74367,-2.0378322839001983,-7.109756554541025,-0.7436700719286422,-0.0087608022172316,-0.0149012896901562,0.056974744418612,0.5586383436207562,0.1330875443154588
2004-05-31,-0.69885,-1.0085414394379375,-14.722391702257475,-0.6988500703302132,0.0010146213989799,-0.0178877149268373,0.0641119143921781,0.5588116018043011,0.1330368940384174
2004-06-30,-0.69041,0.0579701743453009,-13.57559522319306,-0.6904100700292148,0.0111435396463654,-0.0174378284052899,0.0654559062390522,0.5589911252751724,0.1330445241899021
2004-07-31,-0.69962,0.2981907847578569,-3.993303326380504,-0.6996200703576739,0.0134249727716688,-0.0136787098096129,0.0639892990222618,0.5590315610633988,0.1331082794769804
2004-08-31,-0.705,0.1491583209034752,1.5747691155070909,-0.7050000705495424,0.0120095754866522,-0.0114943634252851,0.0631325838402497,0.5590064747681932,0.1331453263610482
2004-09-30,-0.70362,-0.0880381688060816,1.717408274785326,-0.7036200705003272,0.0097568631656748,-0.0114384062991728,0.063352336061658,0.5589665480233169,0.1331462754033698
2004-10-31,-0.70912,0.4419263456090672,1.1828831528330808,-0.7091200706964752,0.0147900640902148,-0.0116480996948056,0.0624765119908277,0.559055755742986,0.1331427189679191
2004-11-30,-0.71967,0.0876168224299034,2.122859048402903,-0.7196700710727231,0.0114251010197974,-0.0112793485748674,0.0607965221822351,0.5589961156279215,0.1331489730492719
2004-12-31,-0.70082,-0.5886775323772575,-0.2717971340344016,-0.7008200704004699,0.0050021702776645,-0.0122187685677657,0.0637982101340807,0.5588822765394985,0.1331330403273292
2005-01-31,-0.7061,0.6571725897732028,-0.9218853045589226,-0.706100070588772,0.016834309630553,-0.0124737971722962,0.0629574190260836,0.5590919876530235,0.1331287149990691
2005-02-28,-0.71356,-0.3936458304252044,-0.6239206729430125,-0.7135600708548202,0.0068544334309116,-0.0123569060986759,0.0617694831045574,0.5589151057816858,0.1331306974914449
2005-03-31,-0.66832,-2.122113032908135,-4.637424731029361,-0.6683200692414127,-0.0095612368355679,-0.013931397660929,0.0689735341889869,0.5586241568342327,0.1331039938482906
2005-04-30,-0.61243,-1.139647129090049,-13.938618925831204,-0.6124300672481909,-0.000230520983992,-0.0175802420539195,0.077873499156024,0.5587895330821672,0.1330421088303381
2005-05-31,-0.60238,0.0631229235880548,-14.742265122993736,-0.6023800668897749,0.0111924765497752,-0.0178955112396874,0.0794738685945412,0.5589919926257165,0.1330367618116331
2005-06-30,-0.60722,0.2509493148423303,-7.142966372547521,-0.6072200670623852,0.0129763091279947,-0.0149143178514533,0.0787031434122105,0.5590236090143647,0.13308732335564
2005-07-31,-0.61658,0.1770946725373257,1.534762704607573,-0.6165800673961936,0.0122748937618332,-0.0115100578796785,0.0772126500843976,0.5590111772306361,0.1331450601804476
2005-08-31,-0.60129,-1.0938579465078813,-0.298462915982689,-0.6012900668509018,0.0002043499363012,-0.0122292295136302,0.0796474410013057,0.5587972406709822,0.1331328629079184
2005-09-30,-0.56905,-0.5487687656198226,-6.804782181460867,-0.569050065701117,0.0053811934693634,-0.014781648705578,0.0847813624637727,0.558888994291311,0.1330895734467894
2005-10-31,-0.58609,1.08137008036977,-4.782870046951415,-0.5860900663088197,0.0208630155981863,-0.0139884556380419,0.0820679002516003,0.5591633918504673,0.1331030261353498
2005-11-30,-0.58412,-0.8470404508495899,-1.5638692281766176,-0.5841200662385629,0.0025484352732429,-0.0127256464930417,0.0823816045096977,0.5588387868978771,0.1331244435919997
2005-12-31,-0.56615,0.3047322077139869,-0.6388318503308232,-0.5661500655976935,0.0134870982445543,-0.0123627557309774,0.0852431606102105,0.5590326621662264,0.1331305982806919
2006-01-31,-0.60501,2.0562734050808107,2.5180038973142693,-0.6050100669835693,0.0301219078104088,-0.0111243338492126,0.0790550654479442,0.5593274951066851,0.1331516021252332
2006-02-28,-0.63496,0.6451203854871634,9.9612080908839,-0.634960068051685,0.0167198469370986,-0.008204376119186,0.0742858052804229,0.5590899589329259,0.1332011251021215
2006-03-31,-0.63012,-0.403053724690583,10.099245177523052,-0.6301200678790747,0.0067650843880484,-0.0081502243791988,0.0750565304627536,0.5589135221722714,0.1332020435247891
2006-04-30,-0.62111,-0.4392081429830829,0.863930885529185,-0.6211100675577484,0.0064217171500045,-0.0117732241861138,0.0764912895315137,0.5589074363813852,0.133140596835387
2006-05-31,-0.58375,-2.2472662725856907,-8.229838075774254,-0.5837500662253675,-0.0107498473642359,-0.0153406959742147,0.0824405235835536,0.5586030900744456,0.1330800919105742
2006-06-30,-0.53006,-0.7712755999850218,-15.590164978661058,-0.530060064310605,0.0032679923512106,-0.0182281410686505,0.0909901589222586,0.5588515402226618,0.1330311203534837
2006-07-31,-0.56033,2.493140662154758,-9.018136944485043,-0.5603300653901331,0.0342709416087045,-0.0156499444262794,0.0861699417178891,0.5594010319770636,0.1330748470045309
2006-08-31,-0.6052,1.1448149076627168,6.279853891542575,-0.6052000669903452,0.021465566438294,-0.0096485657950005,0.0790248097073155,0.5591740713737442,0.1331766314009962
2006-09-30,-0.60729,0.1665896945305833,14.436195070475598,-0.6072900670648816,0.0121751254498469,-0.0064488455058897,0.0786919965604,0.5590094089516143,0.1332308991981966
2006-10-31,-0.62995,1.0199008964223433,9.63851227874759,-0.6299500678730119,0.0202792279198427,-0.0083309691974612,0.0750836013885792,0.5591530448827351,0.1331989780621061
2006-11-30,-0.62984,-0.5667556004609997,3.580179913496795,-0.629840067869089,0.0052103681569327,-0.0107076438070691,0.0751011178699958,0.5588859666083689,0.1331586692588134
2006-12-31,-0.63619,1.3444842692154513,4.151727976687458,-0.6361900680955509,0.0233618745642797,-0.0104834263676716,0.0740899391700372,0.5592076812626092,0.1331624720245025
2007-01-31,-0.68297,1.4045819661177903,7.7800748023419075,-0.68297006976388,0.0239326368990851,-0.0090600314042578,0.0666406573457753,0.5592177973710508,0.1331866130437888
2007-02-28,-0.66474,-1.8645644182647692,6.269983373832977,-0.6647400691137381,-0.0071152354711794,-0.009652437984146,0.0695436160387273,0.5586675094059452,0.1331765657280135
2007-03-31,-0.60801,-0.9529860228716492,-6.17419215456313,-0.6080100670905593,0.001542244600947,-0.0145342691932561,0.0785773432274913,0.5588209533210393,0.1330937690451522
2007-04-30,-0.58961,-1.105333780610529,-14.139884376228697,-0.5896100664343544,9.536116961174782e-05,-0.0176591981852296,0.081507372846269,0.5587953089699649,0.133040769720999
2007-05-31,-0.55446,-1.5326146797137286,-14.556493866732437,-0.5544600651807895,-0.0039626286729304,-0.0178226334572661,0.0871046848625752,0.55872338574939,0.1330379978311471
2007-06-30,-0.52388,-2.2174107809466936,-13.30365565061975,-0.5238800640902059,-0.0104663025531539,-0.0173311469229088,0.0919742666963916,0.5586081155813546,0.133046333525884
2007-07-31,-0.29326,-24.241797985016788,-49.50496754308934,-0.2932600558655362,-0.2196372244219238,-0.0315328667398717,0.128698366190006,0.554900800645834,0.1328054699561694
2007-08-31,0.20721,33.8133677752664,-138.0348391123185,0.2072099619828745,0.3317266990691496,-0.066263001249705,0.2083935794133571,0.5646730944723541,0.1322164410017526
2007-09-30,0.07613,-46.38732394366196,-115.24154637730486,0.0761299573081294,-0.429958630285264,-0.0573212270374833,0.1875203031943692,0.5511730946996602,0.132368095004514
2007-10-31,-0.00202,-93.83394383394383,-98.88329924263364,-0.0020200454789573,-0.8805706327918918,-0.0509039114663435,0.1750756393515717,0.5431865132375115,0.1324769337618174
2007-11-30,0.48183,24.18939120573225,115.7576571735626,0.4818299717767293,0.2403254704020069,0.0332994105934253,0.2521242714736137,0.5630531124158844,0.1339050363433735
2007-12-31,0.51992,-7.210165619645914,3380.053547523428,0.5199199731351445,-0.0578837004856823,1.3138777435586289,0.2581897512659639,0.5577676965308086,0.155623861426003
2008-01-31,0.4096,1.84494504948034,529.5727021211189,0.4095999692007694,0.028114871403521,0.1956384258712546,0.2406223128125099,0.5592919226859063,0.1366583334952482
2008-02-29,0.78559,14.669605453298118,44.147599038514485,0.7855899826098128,0.1499137670760754,0.0052068932633579,0.3004952387018694,0.5614506685623532,0.1334285824987971
2008-03-31,0.94274,-2.15667552308203,99.95333842368711,0.9427399882143,-0.0098894851479849,0.0270994002885392,0.3255199210165928,0.558618339008981,0.1337998831201337
2008-04-30,0.64724,-11.68781552735707,47.324334782509744,0.6472399776757956,-0.1004090225445168,0.006453121883546,0.2784642823019841,0.5570139839200976,0.1334497187469422
2008-05-31,0.5008,4.415995996830824,-42.933327255945386,0.5007999724532622,0.0525327628910758,-0.0289548222100739,0.2551450683142775,0.559724701836072,0.1328491940273617
2008-06-30,0.71021,7.995377339841547,-20.15447227593651,0.7102099799215135,0.0865270115528079,-0.02001871190727,0.2884916717092901,0.5603272109451752,0.1330007519692615
2008-07-31,0.71365,-3.841489705723833,24.748719562291345,0.7136499800441952,-0.0258905721473833,-0.0024032577693635,0.2890394598554094,0.5583347380749341,0.1332995130503477
2008-08-31,0.83725,14.771963974831737,53.17136532445437,0.8372499844521788,0.1508858906639841,0.008746903107955,0.3087216153380681,0.561467898339152,0.1334886216644041
2008-09-30,1.79326,18.67406093654871,141.39945615593788,1.7932600185466483,0.1879450474587226,0.0433586494915141,0.4609573553297876,0.562124729433338,0.1340756427361789
2008-10-31,2.77657,4.453799216004928,316.4584302020368,2.7765700536147255,0.0528917891891057,0.1120340198270523,0.6175403675276282,0.5597310651658554,0.1352403886305973
2008-11-30,3.05094,0.906889982536918,203.6365445859873,3.050940063399665,0.0192059359903275,0.0677741650046677,0.6612312494028472,0.5591340220129933,0.1344897340081315
2008-12-31,2.69555,-5.605107139980603,29.9548746034654,2.695550050725285,-0.0426400726501329,-0.0003608910330961,0.6046386827605974,0.5580378723690244,0.1333341519355746
2009-01-31,2.11752,-2.731306672546374,-26.143672307713786,2.117520030110829,-0.0153468958879194,-0.0223682660071793,0.5125927577311379,0.5585216126563661,0.1329609031343996
2009-02-28,2.12303,0.8148651151305586,-30.273123181313583,2.123030030307334,0.0183319536101647,-0.0239882433295198,0.5134701742093697,0.5591185316766578,0.1329334280450622
2009-03-31,1.91369,-5.206088795763808,-24.7334369038957,1.9136900228415792,-0.0388504991138053,-0.0218150327945135,0.4801347176661676,0.5581050382181059,0.1329702860632423
2009-04-30,1.3698,-9.183125484814136,-35.31111866712002,1.369800003444668,-0.0766213765891544,-0.0259646413269479,0.3935252715054619,0.5574355926903,0.1328999080008019
2009-05-31,0.86673,-6.387505805350635,-59.27078095703537,0.8667299855035328,-0.0500707016428025,-0.0353639805487182,0.3134160323577183,0.5579061729836666,0.1327404936181009
2009-06-30,0.718,-4.845207803223072,-59.87414564902731,0.7179999801993304,-0.0354231252125368,-0.035600679603398,0.289732157075066,0.558165784493641,0.1327364791621059
2009-07-31,0.41075,-14.318196040801844,-63.03911599823632,0.4107499692417821,-0.1253903812431695,-0.0368422926770339,0.2408054396636835,0.5565712179591997,0.1327154211944108
2009-08-31,0.22576,-13.87808041504539,-72.4612400736774,0.2257599626444286,-0.1212104969033539,-0.0405385776790122,0.2113474951431574,0.5566453016200801,0.1326527315757073
2009-09-30,0.09901,-22.587959343236907,-85.28213818527767,0.0990099581241056,-0.2039303196114524,-0.0455681965868466,0.1911637313290232,0.5551791875376373,0.1325674283884836
2009-10-31,0.01848,-29.733840304182515,-94.73549269293224,0.0184799552521402,-0.2717964760822787,-0.0492767332400738,0.1783400745246664,0.5539763376708736,0.1325045309797031
2009-11-30,-0.0345,114.81942714819428,-117.80828988798844,-0.0345000466373012,1.1010607994458614,-0.0583281566285714,0.1699035001114685,0.5783086599479478,0.1323510173083696
2009-12-31,-0.15324,25.20630770487784,-299.19407253347197,-0.1532400508719612,0.2499833718736328,-0.1294855243936751,0.1509952546259435,0.5632242876540661,0.1311441763178212
2010-01-31,-0.20236,-2.1422699356835384,-2203.5343035343035,-0.2023600526237424,-0.009752671807015,-0.8765553122835962,0.1431733494697283,0.5586207638686976,0.1184737463800227
2010-02-28,-0.2472,13.16090638590066,319.2672998643148,-0.2472000542228847,0.1355852878395788,0.1131359351406334,0.1360329946813593,0.5611967126845372,0.1352590773006579
2010-03-31,-0.41987,10.766105629715604,135.35313901345293,-0.4198700603808664,0.1128412869635551,0.0409866884355963,0.1085368960794929,0.5607936013276246,0.1340354138755539
2010-04-30,-0.3541,-14.340316415888532,78.48681889208126,-0.3541000580352912,-0.1256004637851305,0.0186781171941925,0.1190101595592216,0.5565674944868426,0.1336570567347506
2010-05-31,-0.07184,-43.2453784168115,-74.9738730578973,-0.0718400479689687,-0.4001188151647181,-0.0415242797925363,0.1639574508742316,0.551701971234129,0.1326360139011722
2010-06-30,-0.07418,58.97985426489498,-83.45415207548011,-0.0741800480524208,0.5707388963420321,-0.044851080405042,0.1635848275422784,0.5689093118241966,0.1325795908001968
2010-07-31,-0.2491,10.967569493941532,-10.013727331840194,-0.2491000542906449,0.1147546379146133,-0.0160405130270991,0.1357304372750724,0.5608275132810375,0.1330682228950129
2010-08-31,-0.27164,0.7753663513262676,565.2951261327455,-0.2716400550944957,0.0179568243154848,0.2096522786979915,0.1321411509920698,0.5591118829397086,0.1368960108090388
2010-09-30,-0.33485,6.991085407547026,207.93636196431856,-0.3348500573487727,0.0769890086400825,0.0694609768487399,0.1220755438071276,0.5601581607715781,0.1345183426222596
2010-10-31,-0.43522,3.2427944490570626,65.2002277472006,-0.4352200609282979,0.0413905845860942,0.0134658076148431,0.1060925507181757,0.5595272194916082,0.1335686550828436
2010-11-30,-0.45215,0.5470435188685618,62.119039082108294,-0.4521500615320776,0.0157883872594907,0.012257061968972,0.1033966049874199,0.559073449877347,0.1335481545522815
2010-12-31,-0.52572,4.181364194839676,37.45391795434936,-0.5257200641558264,0.0503044080284647,0.0025809723137585,0.0916812637345138,0.559685206799238,0.1333840464354287
2011-01-31,-0.59685,2.053553108542494,34.331885395332094,-0.5968500666925568,0.0300960724975166,0.0013562036701718,0.080354469887576,0.5593270372053645,0.1333632741521158
2011-02-28,-0.57543,-2.565274814589047,25.636994825440507,-0.5754300659286489,-0.013770051253527,-0.0020547887292068,0.0837654065416096,0.5585495604208636,0.1333054231441975
2011-03-31,-0.55045,0.916674305619214,4.7040249562504854,-0.5504500650377797,0.0192988600685333,-0.0102667610992192,0.0877432402305806,0.5591356689858131,0.1331661467040951
2011-04-30,-0.60246,0.6162633398466788,0.1113345186859016,-0.6024600668926279,0.016445784608685,-0.0120684666007788,0.0794611293353291,0.5590851014921578,0.1331355894741066
2011-05-31,-0.56353,-2.4004572299485605,0.3365144932697017,-0.5635300655042557,-0.0122047388659449,-0.0119801288378566,0.085660371349406,0.558577303789499,0.1331370876975043
2011-06-30,-0.52172,-1.3388804841149904,-7.051487618029584,-0.5217200640131732,-0.0021226882507332,-0.0148784308746297,0.0923182266951176,0.5587559965852879,0.1330879320048357
2011-07-31,-0.39714,-10.997064162614013,-33.72605300046726,-0.3971400595702395,-0.0938487900891631,-0.0253428224670084,0.1121564381031243,0.5571302565240759,0.1329104541538207
2011-08-31,-0.13916,-29.571334581709596,-74.7023214383101,-0.139160050369822,-0.2702531200077755,-0.0414177505035239,0.153237364247269,0.554003691889016,0.1326378206559288
2011-09-30,-0.03985,5.730963120191013,-92.07501392092912,-0.0398500468280998,0.065021323088998,-0.0482330314479621,0.1690515621516609,0.5599460472569903,0.1325222323385952
2011-10-31,-0.10567,15.524215589810876,-68.26536128295993,-0.1056700491754581,0.1580302058417239,-0.0388925407854127,0.1585703366349246,0.5615945231401802,0.1326806486397801
2011-11-30,-0.07391,-14.997124784358816,-23.488612836438925,-0.0739100480427917,-0.1318383314111893,-0.021326690198534,0.1636278225421192,0.5564569354301186,0.1329785684362526
2011-12-31,-0.15092,29.22339241373404,192.7643064985451,-0.1509200507892223,0.2881345950604968,0.0635090024724423,0.1513646931430937,0.5639004743738328,0.1344173961303135
2012-01-31,-0.32699,14.69711319232523,205.1988053014747,-0.3269900570684592,0.150175014713865,0.0683870375168104,0.1233271760247141,0.5614552988774122,0.1345001284295788
2012-02-29,-0.41117,3.0062379437332254,468.9359346893593,-0.4111700600705956,0.0391439503513175,0.1718507138615327,0.1099222905188063,0.559487400473846,0.1362548898768802
2012-03-31,-0.43976,-0.4707586456635937,128.6249025214453,-0.4397600610902093,0.0061220744098929,0.0383472114518456,0.1053695977578904,0.5589021255571281,0.1339906478995538
2012-04-30,-0.38279,-5.191331269349842,6.404447533009039,-0.3827900590584713,-0.0387103433230489,-0.0095996878981901,0.1144415427242905,0.5581075223189155,0.1331774603783917
2012-05-31,-0.26466,-9.21689019997942,-37.31109953100573,-0.2646600548455659,-0.0769420482397351,-0.0267492307902402,0.1332526513583235,0.5574299091526984,0.1328866012308244
2012-06-30,-0.2784,7.477898312936726,-35.574942725568704,-0.2784000553355796,0.0816123883170961,-0.0260681391054315,0.1310646835886493,0.5602401048791817,0.1328981526609765
2012-07-31,-0.37028,6.118705757601806,3.7983909399265543,-0.3702800586123234,0.0687038085158822,-0.010622039951951,0.1164336443835791,0.5600113150920266,0.1331601211146725
2012-08-31,-0.46451,3.8823660963882345,95.10668682795698,-0.464510061972876,0.0474647509106249,0.0251980662093366,0.1014283894391541,0.559634877130321,0.1337676361726204
2012-09-30,-0.53158,2.5305713073332514,76.3468683651805,-0.5315800643648133,0.0346264294815603,0.0178386178441281,0.0907481129972292,0.5594073325923147,0.1336428186838077
2012-10-31,-0.55359,-0.0325044693645248,41.32649153710655,-0.5535900651497625,0.0102842801148659,0.0041001770640242,0.0872432243065065,0.5589758958844608,0.1334098124049023
2012-11-30,-0.5594,1.0276137328204316,15.827397714096405,-0.5594000653569663,0.0203524785889606,-0.0059030788162182,0.0863180356062295,0.5591543431669193,0.1332401554935467
2012-12-31,-0.60385,2.043057996485076,11.280038331121922,-0.6038500669421999,0.0299963978848326,-0.0076870010137304,0.0792397847065193,0.5593252705870555,0.1332098998714021
2013-01-31,-0.64749,1.0534694259762167,17.230953070683654,-0.6474900684985462,0.0205980363483135,-0.005352466175962,0.0722905188063314,0.5591586953968595,0.1332494939770382
2013-02-28,-0.65458,0.1499388004896129,17.0146585627458,-0.654580068751399,0.0120169878896861,-0.0054373181837789,0.0711615019586611,0.5590066061445443,0.1332480548726365
2013-03-31,-0.66771,0.699775287677018,7.968565561179108,-0.667710069219658,0.0172389177366524,-0.0089860867650955,0.069070671040479,0.55909915886813,0.1331878671573736
2013-04-30,-0.70838,1.7670382714630506,8.81246063808545,-0.7083800706700843,0.0273749719263319,-0.0086550280047738,0.0625943501385394,0.5592788088154025,0.1331934819699332
2013-05-31,-0.69556,-2.2678094702824336,5.827222103885821,-0.6955600702128809,-0.0109449510718008,-0.0098261325596428,0.0646358164272747,0.5585996320847664,0.13317361983864
2013-06-30,-0.63406,-1.155159243612336,-6.049874794410948,-0.634060068019588,-0.0003778432801674,-0.0144854996811867,0.0744291219465588,0.5587869219632599,0.1330945961843242
2013-07-31,-0.66541,1.7851133478141046,-7.359349548220029,-0.6654100691376325,0.027546635289683,-0.0149992046434882,0.0694369247428262,0.5592818513518371,0.1330858836612921
2013-08-31,-0.66861,-0.5828736264553158,-1.0975844267266166,-0.668610069251755,0.005057291373243,-0.0125427236717702,0.0689273543743431,0.5588832534977635,0.1331275459939821
2013-09-30,-0.68153,1.1217116488864587,7.454473787938509,-0.6815300697125248,0.0212461492126692,-0.0091877641889815,0.0668699640115927,0.5591701824548141,0.1331844466741593
2013-10-31,-0.73144,1.9286510590858397,8.596371410755111,-0.73144007149248,0.0289098475830127,-0.0087397994813194,0.0589222586706583,0.5593060127278553,0.1331920442313555
2013-11-30,-0.77479,0.6861509272134247,16.1621613517444,-0.774790073038484,0.017109523896468,-0.0057717515482753,0.0520191725851141,0.5590968655105639,0.1332423828262195
2013-12-31,-0.78441,0.1135899530324779,13.472109709524371,-0.784410073381565,0.0116717741109313,-0.0068270547325756,0.0504872766648619,0.5590004876258396,0.1332244847057539
2014-01-31,-0.76784,-0.3568694117494386,1.8395957398835483,-0.767840072790624,0.0072037079567436,-0.0113904723417068,0.0531258957291633,0.5589212962724798,0.1331470883713944
2014-02-28,-0.78062,0.5409443342520692,0.2671667480155015,-0.780620073246401,0.0157304618308711,-0.0120073338532705,0.051090799070034,0.5590724232154919,0.1331366262958423
2014-03-31,-0.78037,-0.3537043185126487,-0.2135440642422326,-0.7803700732374852,0.0072337676112532,-0.0121959159767291,0.0511306092550718,0.5589218290454157,0.1331334279111378
2014-04-30,-0.77349,-0.0813827313594806,0.7358303813294498,-0.7734900729921217,0.009820071461699,-0.0118234778198623,0.0522261855473104,0.5589676683179439,0.1331397445252604
2014-05-31,-0.7941,0.7447064942973647,1.3399693721286354,-0.7941000737271423,0.0176656402521246,-0.0115864750089333,0.0489442338927991,0.5591067220358056,0.1331437641330127
2014-06-30,-0.78758,-0.8697403365681255,1.1663455362877384,-0.7875800734946176,0.0023328489789198,-0.0116545873767249,0.0499824835185834,0.5588349658778151,0.1331426089357366
2014-07-31,-0.74363,-1.3988702962157484,-4.0217349217207214,-0.7436300719272156,-0.002692425977535,-0.0136898634813962,0.0569811140482181,0.5587458986368492,0.1331080903088208
2014-08-31,-0.72707,-0.3290059906507436,-8.8336342662253,-0.7270700713366314,0.0074683335930272,-0.0155775643050864,0.059618140705118,0.5589259864586918,0.1330760745836264
2014-09-30,-0.67751,-2.529168884604882,-12.880619277852078,-0.6775100695691583,-0.0134271445206522,-0.0171651903946958,0.0675101117869996,0.5585556380498232,0.133049148176667
2014-10-31,-0.6473,0.8098427036287159,-11.349411780818164,-0.6473000684917701,0.0182842545557433,-0.0165645000131124,0.0723207745469601,0.5591176862655687,0.1330593359871199
2014-11-30,-0.65211,-1.0154826958105767,-9.577359327768386,-0.6521100686633106,0.0009486986116197,-0.0158693265201205,0.0715548265868339,0.5588104333984253,0.1330711262471202
2014-12-31,-0.57326,-3.712039774254239,-13.2712033647009,-0.5732600658512595,-0.0246611548995636,-0.0173184159403022,0.0841109589477372,0.5583565280870644,0.1330465494455019
2015-01-31,-0.5059,-0.6617314980265854,-22.705535438725157,-0.5059000634489799,0.0043083591309818,-0.0210194901216318,0.0948374152043058,0.5588699795318478,0.1329837786015067
2015-02-28,-0.52621,1.389210019267817,-17.63297123000345,-0.5262100641733014,0.0237866458091295,-0.0190295308665694,0.0916032357718398,0.5592152098462486,0.1330175286469898
2015-03-31,-0.54024,0.3473447628954185,-1.895837873174966,-0.5402400646736575,0.0138917999675987,-0.012855877289602,0.0893690881875219,0.5590398350405861,0.133122234855667
2015-04-30,-0.54757,0.3776282744587522,8.236805692824657,-0.5475700649350694,0.0141794097872243,-0.0088808565677863,0.0882018535622153,0.5590449325951141,0.1331896518793152
2015-05-31,-0.54909,-0.0418699482997331,3.3445004893472685,-0.5490900649892776,0.0101953339006322,-0.0108001004881512,0.0879598076371859,0.5589743194147224,0.1331571011778671
2015-06-30,-0.5418,-0.4995225152427895,-0.0239883379772432,-0.5418000647292922,0.0058488969970257,-0.0121215535524581,0.0891206726328864,0.5588972838004741,0.1331346891104287
2015-07-31,-0.502,-2.8412170008515925,-8.459308156603884,-0.502000063309893,-0.0163907408077114,-0.0154307167393184,0.0954584540908946,0.5585031117011333,0.1330785651431748
2015-08-31,-0.41842,-4.651003805573906,-23.7016776075857,-0.4184200603291546,-0.0335787229668584,-0.0214102751855002,0.1087677951527118,0.5581984744102481,0.1329771508207388
2015-09-30,-0.40565,1.4606938295690377,-24.40787879917262,-0.4056500598737342,0.0244655448114425,-0.0216873168431924,0.1108012994044396,0.5592272425532258,0.1329724521473745
2015-10-31,-0.46844,2.029970378114676,-3.0265391462758195,-0.4684400621130327,0.0298721016138745,-0.0132994496862311,0.1008025733303608,0.5593230675780634,0.1331147117928087
2015-11-30,-0.44517,-3.0320852120499175,9.829028199245048,-0.4451700612831478,-0.0182034622842217,-0.0082562300904473,0.1045081053536736,0.558470983289862,0.13320024565
2015-12-31,-0.36251,-5.278147944919132,-12.75540901542682,-0.3625100583352196,-0.0395348622481,-0.0171160705984173,0.117670944934552,0.5580929086656499,0.1330499812567184
2016-01-31,-0.29805,-2.2370190573031135,-36.86183959666144,-0.2980500560363633,-0.0106525270870638,-0.0265729867985447,0.1279356030446829,0.5586048149648551,0.1328895903587277
2016-02-29,-0.31624,4.335202903332247,-25.862715678919724,-0.3162400566850788,0.0517654513790169,-0.0222580471473019,0.125039013981337,0.559711102118657,0.1329627724649019
2016-03-31,-0.37181,2.633394981643522,7.852294482798627,-0.3718100586668882,0.0356029707376748,-0.0090316997330144,0.1161900060511481,0.5594246406672211,0.1331870935537243
2016-04-30,-0.38623,-0.0310599197618777,31.250212389982003,-0.386230059181153,0.0102979993511503,0.0001472680183513,0.1138937545781712,0.5589761390422053,0.1333427703990207
2016-05-31,-0.37549,-1.1712375638258663,13.03130644190247,-0.3754900587981292,-0.0005305429684722,-0.0069999811867263,0.1156040001273926,0.5587842155362381,0.1332215518438483
2016-06-30,-0.34931,-1.4668133480014611,-7.72908577013498,-0.349310057864464,-0.0033376975415024,-0.0151442516032618,0.1197729227045447,0.5587344619376886,0.1330834236403258
2016-07-31,-0.35985,1.220781412618499,-6.457147313421185,-0.3598500582403552,0.0221870386738445,-0.0146452720734501,0.1180945253033536,0.5591868586425027,0.1330918864175327
2016-08-31,-0.35506,-1.4160373167481088,-3.8663562029566334,-0.355060058069528,-0.0028554653155752,-0.0136289086453957,0.1188572884486767,0.5587430089513824,0.1331091241131472
2016-09-30,-0.33952,0.9334681015518154,-2.195079794895438,-0.3395200575153204,0.0194583548024548,-0.0129732694421954,0.1213318895506226,0.559138495847233,0.1331202438649071
2016-10-31,-0.37999,3.5395095367847462,4.926135579179891,-0.379990058958614,0.0442085593999815,-0.0101796274383015,0.1148874167967132,0.55957716486653,0.1331676245057192
2016-11-30,-0.4303,2.709153836973388,23.64942528735634,-0.4303000607528345,0.0363224708746022,-0.0028345092481881,0.1068760151597184,0.5594373929827912,0.1332921989523389
2016-12-31,-0.46836,1.3832067017338856,35.09865005192108,-0.4683600621101796,0.0237296308533349,0.0016570042834416,0.1008153125895729,0.5592141993214812,0.1333683757813845
2017-01-31,-0.48831,0.753105269673604,24.552990689963018,-0.4883100628216625,0.0177454054493007,-0.002480041909484,0.0976384598235612,0.5591081357825357,0.1332982107783465
2017-02-28,-0.4892,-0.4355436154190539,11.113634814999894,-0.4892000628534028,0.0064565200528811,-0.0077522808610338,0.0974967355648269,0.5589080532229637,0.1332087927141525
2017-03-31,-0.48218,0.2828501310261577,1.715008965299014,-0.4821800626030464,0.0132792788800114,-0.0114393475446498,0.0986146055606866,0.5590289788060959,0.1331462594396874
2017-04-30,-0.50907,2.0323492273465193,3.749974524629596,-0.5090700635620325,0.0298946941192733,-0.0106410336383299,0.0943326220580273,0.5593234680043365,0.1331597989785395
2017-05-31,-0.54715,1.6912926307963927,12.28657034969629,-0.5471500649200909,0.0266555972922509,-0.007292140027558,0.0882687346730787,0.5592660587242266,0.1332165967805016
2017-06-30,-0.57084,0.5708245243128962,17.580176728665897,-0.5708400657649544,0.0160142412088273,-0.0052154662639464,0.0844963215389025,0.55907745287983,0.1332518175187138
2017-07-31,-0.57912,-0.0586753183998922,11.540832049306626,-0.5791200660602465,0.0100357292440474,-0.007584692033142,0.0831778082104525,0.5589714906050492,0.1332116350490141
2017-08-31,-0.56126,-0.7146647797629635,1.2410260110393478,-0.5612600654233,0.0038056389764664,-0.0116252903396073,0.0860218478295487,0.5588610693930934,0.1331431058184405
2017-09-30,-0.57182,0.9818811146822926,-0.3676406530413234,-0.5718200657999044,0.0199181448748467,-0.0122563678350865,0.0843402656135545,0.5591466450994683,0.1331324026373972
2017-10-31,-0.59834,0.9192261633692578,3.87306216690102,-0.5983400667456951,0.0193230956775929,-0.0105927465427224,0.0801172011847511,0.5591360985342161,0.1331606179358467
2017-11-30,-0.60674,0.1485540736827939,8.515014397367327,-0.6067400670452667,0.0120038368049347,-0.0087717157144302,0.078779578967483,0.5590063730566347,0.1331915029266447
2017-12-31,-0.61924,0.5945612268104972,6.99056636373061,-0.619240067491058,0.0162396744023843,-0.0093697543687623,0.076789069715596,0.559081448424899,0.1331813600899343
2018-01-31,-0.60938,-1.4586028460543243,1.1284808656112144,-0.609380067139418,-0.0032597204225308,-0.0116694416296731,0.0783591834134845,0.5587358439927811,0.1331423570050947
2018-02-28,-0.54705,-2.644551618586599,-9.998025731302029,-0.5470500649165245,-0.014522962198169,-0.0160343533129931,0.0882846587470938,0.5585362159370068,0.1330683273648058
2018-03-31,-0.49969,-0.3410450737933668,-19.781348830489144,-0.4996900632275108,0.0073539955142391,-0.0198723361448357,0.0958263002006433,0.5589239599472466,0.1330032345269456
2018-04-30,-0.54114,2.5663381349507297,-9.128463476070536,-0.5411400647057544,0.0349661156774008,-0.0156932253574956,0.089225771521386,0.5594133531409454,0.1330741129526184
2018-05-31,-0.56669,-0.077583622802535,6.380702083724432,-0.5666900656169517,0.0098561525127527,-0.0096090032019744,0.085157170610529,0.5589683078132345,0.1331773023892642
2018-06-30,-0.53978,-0.5930018416206218,7.260949050154997,-0.5397800646572524,0.0049611012689108,-0.009263683650459,0.0894423389279913,0.5588815486383726,0.1331831590672541
2018-07-31,-0.56388,1.665945478148001,1.9416422605488928,-0.5638800655167379,0.0264148692648562,-0.0113504396462318,0.0856046370903532,0.5592617920957518,0.1331477673326795
2018-08-31,-0.59924,0.6889135329502194,7.808002302820949,-0.5992400667777921,0.0171357610300314,-0.009049075488125,0.0799738845186152,0.5590973305336956,0.1331867988579792
2018-09-30,-0.59501,-0.725774159103032,9.981331213840791,-0.5950100666269363,0.0037001305191177,-0.0081964818485329,0.0806474728494538,0.5588591993765718,0.1332012589902867
2018-10-31,-0.55336,-2.398758289826453,-3.447794528196535,-0.5533600651415599,-0.0121886036214885,-0.0134647075344327,0.0872798496767413,0.5585775897682203,0.1331119089917568
2018-11-30,-0.46058,-4.241340596282594,-23.426823388585017,-0.4605800618327192,-0.0296880525772937,-0.0213024502917407,0.1020542055479473,0.558267432085223,0.1329789795491709
2018-12-31,-0.42535,0.8272886739676633,-27.69722415815329,-0.4253500605763012,0.018449943147434,-0.022977722044756,0.1076642568234657,0.559120622906021,0.1329505666569386
2019-01-31,-0.5071,5.09191138374816,-5.7487500696987155,-0.5071000634917757,0.0589520944836778,-0.0143673689078317,0.0946463263161247,0.5598384771336932,0.1330965997022171
2019-02-28,-0.58262,2.3576950105411054,26.49702548960007,-0.582620066185068,0.0329845815593357,-0.0017174000024482,0.0826204656199242,0.5593782327190172,0.1333111453140584
2019-03-31,-0.60762,0.4629476538474231,38.54888726742065,-0.6076200670766505,0.0149897085290073,0.0030105271165955,0.0786394471161502,0.559059294211924,0.1333913317575258
2019-04-30,-0.61629,-0.153910958460246,16.029370234397057,-0.6162900673858512,0.009131253380923,-0.0058238453024561,0.0772588298990413,0.5589554598066657,0.1332414993073391
2019-05-31,-0.58138,-1.370746106606047,-2.6066271317050305,-0.5813800661408456,-0.002425323759754,-0.0131347188390059,0.0828179241377114,0.5587506327176308,0.1331175056558348
2019-06-30,-0.57588,0.4079924678313418,-5.874276748063167,-0.5758800659446973,0.0144677858614686,-0.0144166128336038,0.0836937482085416,0.5590500437306273,0.1330957645169085
2019-07-31,-0.57871,-0.5550400384919496,-5.5706942971363365,-0.5787100660456245,0.0053216336770387,-0.0142975178979779,0.0832430969139144,0.5588879386622319,0.1330977843871565
2019-08-31,-0.52889,-1.7572211386644443,-8.167659264146698,-0.528890064268879,-0.0060957704326121,-0.0153163033206029,0.0911764705882353,0.5586855782557163,0.1330805056141045
2019-09-30,-0.51177,-0.0468740844905446,-11.75618587809294,-0.5117700636583233,0.0101478084112512,-0.0167240768752839,0.0939026720596197,0.5589734770798749,0.1330566295365518
2019-10-31,-0.54965,2.602154150566527,-3.737368430270238,-0.5496500650092491,0.0353062690235352,-0.0135783069375641,0.0878706328227013,0.5594193819692798,0.1331099823266692
2019-11-30,-0.57234,-0.8574546588369869,9.664686721594151,-0.5723400658184493,0.0024495290260418,-0.0083207010031821,0.084257460428676,0.5588370338979659,0.1331991522124175
2019-12-31,-0.55579,0.8199249006838771,7.893153184633017,-0.5557900652282217,0.0183800076149749,-0.0090156709261784,0.0868928946781744,0.5591193833788358,0.1331873654049988
2020-01-31,-0.62222,-0.2628794921937571,8.825381278858258,-0.6222200675973346,0.0080963529115236,-0.0086499592569711,0.0763145323099461,0.558937117381568,0.1331935679367532
2020-02-29,-0.29708,-32.07736979285747,-47.256102973812695,-0.29708005600177,-0.2940535413540969,-0.0306506405759683,0.1280900665626294,0.553581856689646,0.1328204326611003
2020-03-31,0.27814,51.1466144984241,-148.898577732459,0.2781399645124722,0.4963447273696927,-0.0705248294537831,0.2196885251122647,0.5675907604152209,0.1321441596747039
2020-04-30,0.16707,-32.23412022389876,-126.8506316093986,0.1670699605513497,-0.2955422380365715,-0.0618754535883651,0.2020016561036975,0.5535554712466022,0.1322908545520566
2020-05-31,-0.26787,31.482844941834777,100.86232753449308,-0.267870054960045,0.3095931611419275,0.027455995339754,0.1327414885824389,0.5642808028717798,0.1338059310325053
2020-06-30,-0.3858,4.973878972572909,-221.7226691907241,-0.3858000591658178,0.0578311121822334,-0.0990936102175071,0.1139622280964362,0.5598186090067496,0.1316596283217529
2020-07-31,-0.47781,3.842392367374448,1397.367596364776,-0.4778100624471978,0.0470851107566959,0.5360730483304187,0.0993104875951463,0.55962814844356,0.1424321622622405
2020-08-31,-0.50991,0.3759842519684975,61.95331110052405,-0.5099100635919896,0.0141637961087744,0.0121920471328445,0.0941988598363005,0.5590446558605527,0.1335470518896663
2020-09-30,-0.49322,-1.1662391792241045,22.365842161411177,-0.4932200629967692,-0.0004830721033209,-0.0033380569640997,0.09685658778942,0.5587850569029339,0.1332836586979233
2020-10-31,-0.50674,1.6957996347508386,3.0839334391146833,-0.506740063478937,0.0266984013967775,-0.0109023205472454,0.094703652982579,0.5592668173779372,0.1331553675083787
2020-11-30,-0.56812,2.6506459481434597,11.927183892194314,-0.5681200656679501,0.0357668073308333,-0.0074331267904304,0.0849294563521131,0.5594275444831214,0.1332142056211613
2020-12-31,-0.60492,1.0406053216188704,23.45810033062574,-0.6049200669803596,0.0204758628438927,-0.0029095657388908,0.0790693971145578,0.5591565300114721,0.133290925981564
2021-01-31,-0.61985,0.0516520588187852,19.121744979340825,-0.6198500675128127,0.0110835349780443,-0.0046107113744042,0.0766919328641039,0.5589900617611758,0.133262074263909
2021-02-28,-0.62764,0.332502078137975,8.0163838502048,-0.6276400677906296,0.0137508354074974,-0.0089673277227468,0.0754514474983279,0.5590373366052664,0.1331881853139042
2021-03-31,-0.64904,1.0336239103362344,6.358154168851593,-0.6490400685538242,0.0204095586956591,-0.009617848714823,0.0720436956590974,0.5591553548464118,0.1331771523678705
2021-04-30,-0.68286,0.7866810325742213,9.77750626969327,-0.6828600697599571,0.0180642825746117,-0.008276442065364,0.0666581738271919,0.5591137875142329,0.1331999028514874
2021-05-31,-0.69447,0.3119989600034678,9.910580042731665,-0.694470070174008,0.01355611234521,-0.0082242374257838,0.0648093888340393,0.5590338853620885,0.1332007882510029
2021-06-30,-0.68745,-0.5885585377140234,4.789415118211049,-0.6874500699236515,0.0050033003987061,-0.0102332626680328,0.065927258829899,0.5588822965695992,0.1331667148431529
2021-07-31,-0.65645,-0.8054036084499505,-4.553847943353162,-0.6564500688180893,0.0029438704164657,-0.0138986106137274,0.0708637217745788,0.5588457955327265,0.1331045499221557
2021-08-31,-0.64811,0.1081231368066593,-6.800402645959169,-0.6481100685206573,0.0116198544375689,-0.0147799306204349,0.0721917895474378,0.5589995674091155,0.133089602585804
2021-09-30,-0.65459,0.1928581268271889,-3.996538777425784,-0.6545900687517556,0.0124246030924536,-0.0136799790721569,0.0711599095512596,0.5590138306569941,0.133108257950073
2021-10-31,-0.62346,-2.268273948552346,-4.347959496778153,-0.6234600676415571,-0.0109493623340532,-0.0138178408880199,0.076117073792159,0.5585995539001971,0.1331059197903625
2021-11-30,-0.55174,-2.8575452928851774,-15.022794480039426,-0.5517400650837854,-0.0165458145387334,-0.0180055624815051,0.0875378196757858,0.5585003631969244,0.1330348953239614
2021-12-31,-0.55667,1.5839705104107704,-14.787147733708885,-0.5566700652596055,0.0256363332078535,-0.0179131186198819,0.0867527628268416,0.559247993436138,0.1330364631874875
2022-01-31,-0.54238,-2.5180179370585476,-10.451063267732142,-0.5423800647499769,-0.0133212412800142,-0.0162120792522645,0.0890283130035988,0.5585575150634264,0.1330653131028209
2022-02-28,-0.43844,-6.3582580466030265,-18.87651260037746,-0.4384400610431338,-0.0497929286176942,-0.0195173702624264,0.1055797955348896,0.5579110961922821,0.1330092548083387
2022-03-31,-0.37239,-1.4789142282660372,-33.10399338926114,-0.3723900586875729,-0.0034526225224752,-0.0250987894238402,0.1160976464218605,0.5587324250240744,0.1329145929955007
2022-04-30,-0.33606,-4.275500612413474,-35.79902569490877,-0.3360600573919254,-0.0300124784965687,-0.0261560465148583,0.1218828625115449,0.5582616820075101,0.1328966617364468
2022-05-31,-0.25993,-7.504803928546011,-36.77361290165649,-0.2599300546768784,-0.0606819516297186,-0.0265383755997418,0.1340058600592375,0.5577181007353369,0.1328901773705124
2022-06-30,-0.17259,-8.459743290548438,-53.39310307580135,-0.172590051562046,-0.0697512412688832,-0.0330581764195311,0.1479139463040224,0.5575573579674922,0.1327796004460609
2022-07-31,-0.22025,9.002276551519351,-30.84772370486656,-0.2202500532617588,0.0960897764272223,-0.0242136582444935,0.1403245326284276,0.5604966999961726,0.1329296049699848
2022-08-31,-0.22609,-5.251026737071484,-4.591298476600403,-0.2260900534700325,-0.0392772855902288,-0.0139133024011895,0.139394566705946,0.5580974739167958,0.1331043007469558
2022-09-30,-0.10742,-14.874395752436795,-36.6365834955465,-0.1074200492378689,-0.1306727441687689,-0.0264846191712996,0.1582916653396605,0.5564775941285356,0.1328910890886294
2022-10-31,-0.12871,13.591033448062827,-44.87086135263632,-0.1287100499971405,0.1396703083797435,-0.0297149139011913,0.1549014299818465,0.5612691149932575,0.1328363027437431
2022-11-30,-0.18451,4.396288333144738,-10.056546748561946,-0.1845100519871525,0.0523455944517044,-0.0160573110194154,0.1460157966814229,0.5597213844899297,0.1330679379982225
2022-12-31,-0.22564,8.324531925108003,124.6515332536838,-0.225640053453984,0.0896530721055752,0.0367884647070399,0.1394662250390139,0.5603826167868337,0.133964211291166
2023-01-31,-0.31077,5.725658297611758,111.75388389206869,-0.3107700564900005,0.0649709419084016,0.031728736400089,0.1259100608299627,0.5599451543082877,0.1338783974434416
2023-02-28,-0.2744,-8.487577121894285,45.13910927747804,-0.2744000551929264,-0.0700155858841411,0.0055958612281443,0.1317016465492531,0.5575526727620558,0.1334351794612573
2023-03-31,-0.15694,-2.2424317926996284,-36.81710213776722,-0.1569400510039154,-0.0107039331417354,-0.0265554363611896,0.1504060638873849,0.5586039038514339,0.1328898880171132
2023-04-30,-0.19644,5.8006139925674605,-38.26136149349425,-0.1964400524126157,0.0656828142373761,-0.0271220171186491,0.144116054651422,0.5599577714297013,0.1328802787116536
2023-05-31,-0.21706,0.8877527306530242,-10.810699757570774,-0.2170600531479929,0.0190241848895364,-0.0163531641024439,0.1408325105895092,0.5591308006829705,0.1330629202799034
2023-06-30,-0.23189,2.6879815782481664,44.50676138842151,-0.2318900536768796,0.0361213928225972,0.0053477921091603,0.1384709704130704,0.5594338291047016,0.133430972167049
2023-07-31,-0.28435,5.922890668653369,38.91060087933562,-0.2843500555477762,0.0668441053472242,0.0031524268186189,0.1301172011847511,0.5599783539840906,0.1333937384004684
2023-08-31,-0.3389,2.668969069041771,54.89031078610602,-0.3389000574932091,0.0359408264331266,0.0094212428086689,0.1214306188095162,0.5594306287723296,0.1335000585797641
2023-09-30,-0.31837,-3.710984756835234,32.31235973734519,-0.3183700567610416,-0.0246511351444587,0.0005639468137604,0.1246998312048154,0.5583567056757436,0.1333498373418544
2023-10-31,-0.29074,-0.3085996433959681,-3.645522635381459,-0.2907400557756647,0.0076621375989096,-0.013542275971359,0.1290996528551865,0.5589294214126479,0.1331105934179491
2023-11-30,-0.3257,3.5381632069173774,-5.462672704052018,-0.3257000570224536,0.0441957729802329,-0.0142551411906441,0.1235325965795089,0.5595769382418898,0.1330985031032791
2023-12-31,-0.37152,2.349926995234042,20.95324912097931,-0.3715200586565459,0.0329108068427993,-0.0038922150740376,0.1162361858657919,0.5593769251466929,0.1332742600826665
2024-01-31,-0.40176,1.5494274953871123,35.95018949648079,-0.401760059735004,0.0253082698556395,0.0019910619176139,0.1114207458836268,0.5592421788890939,0.1333740414553518
2024-02-29,-0.43082,1.887238671838043,28.20879088176651,-0.4308200607713794,0.0285165441445494,-0.0010458770321169,0.1067932099748399,0.5592990418750303,0.1333225344571948
2024-03-31,-0.43722,-0.8975928192574534,14.979224740966712,-0.4372200609996245,0.0020683272273505,-0.006235815788748,0.1057740692378738,0.5588302775328405,0.1332345122182243
2024-04-30,-0.42104,-0.3903569992192879,3.0647214334671657,-0.4210400604225924,0.0068856682547838,-0.0109098573879582,0.1083505844135163,0.558915659383152,0.1331552396822856
2024-05-31,-0.41897,-0.8261137149079167,-4.967450722435185,-0.4189700603487694,0.0027471815361044,-0.0140608663574277,0.1086802127456288,0.5588423094476757,0.1331017980373039
2024-06-30,-0.3919,-1.6265876801044188,-9.389378280270977,-0.3919000593833639,-0.0048551129423162,-0.0157955818399446,0.1129908595815153,0.5587075674882662,0.1330723769693668
2024-07-31,-0.37291,-0.9955928423511896,-11.490078799962012,-0.3729100587061179,0.001137597351248,-0.0166196834716373,0.116014841236982,0.5588137814121572,0.1330584000663314
2024-08-31,-0.40131,2.9263913824057353,-2.889292196007265,-0.4013100597189555,0.0383856282837761,-0.0132456079155451,0.1114924042166947,0.5594739600840355,0.1331156249583446
2024-09-30,-0.43627,1.4180440291047702,12.78080810692035,-0.4362700609657444,0.0240604893609562,-0.00709825130408,0.1059253479410172,0.5592200634094524,0.1332198851660398
2024-10-31,-0.45188,0.9832841691248762,21.869521831764605,-0.4518800615224485,0.0199314700215792,-0.0035327626775843,0.1034395999872607,0.559146881272427,0.1332803564560964
2024-11-30,-0.48198,0.727272727272732,16.84363636363637,-0.4819800625959138,0.0175000675582557,-0.0055044099334218,0.0986464537087168,0.5591037874495093,0.1332469169852169
2024-12-31,-0.49158,0.8762389444090912,11.659284497444643,-0.4915800629382815,0.0189148356821996,-0.0075382233171715,0.0971177426032676,0.5591288625935558,0.1332124231662952
2025-01-31,-0.51588,0.5359265683160253,10.739508425458832,-0.5158800638048996,0.0156828068965096,-0.0078990500769168,0.0932481926175993,0.5590715785863803,0.1332063034834313
2025-02-28,-0.48656,-2.6996760388753316,0.4500598703497394,-0.4865600627592517,-0.0150464921244475,-0.0119355851584289,0.0979171311188254,0.5585269369688904,0.1331378431658401
2025-03-31,-0.41717,-3.85351125861394,-15.99138104635709,-0.4171700602845754,-0.0260047437371315,-0.0183855375242377,0.1089668460779005,0.5583327145143162,0.13302845088298
2025-04-30,-0.39815,1.6570494816932957,-22.82119872838645,-0.3981500596062595,0.0263303818390709,-0.0210648646549569,0.1119956049555718,0.55926029465293,0.1329830090417484
2025-05-31,-0.4721,2.51900108577634,0.4660466897916659,-0.4721000622435604,0.0345165442944329,-0.0119293135533789,0.1002197522214083,0.5594053850032723,0.1331379495333223
2025-06-30,-0.50093,1.3289910186908171,24.559876666003568,-0.5009300632717332,0.0232147314240437,-0.0024773405515143,0.0956288416828561,0.5592050733190357,0.1332982565938345
2025-07-31,-0.52414,0.8756904482380534,27.388504070968533,-0.5241400640994784,0.0189096264816587,-0.0013676743054065,0.0919328641039523,0.5591287702664446,0.1333170767210215
2025-08-31,-0.5342,0.1274553906132958,11.071836989292038,-0.5342000644582512,0.0118034575186929,-0.0077686780847428,0.0903309022580337,0.5590028215633678,0.1332085146144655
2025-09-30,-0.53125,-0.1841309208424846,4.620020087043875,-0.5312500643530444,0.0088442471032108,-0.0102997160821568,0.090800662441479,0.5589503729492266,0.1331655877820116
2025-10-31,-0.5333,0.3594346901522272,0.7081484279104933,-0.5333000644261542,0.0140066209252127,-0.0118343374082553,0.0904742189241695,0.5590418701105053,0.1331395603448048
2025-11-30,-0.5382,0.444179015340973,0.8771929824561431,-0.5382000646009043,0.0148114582384434,-0.0117680214855791,0.0896939392974298,0.5590561349297515,0.1331406850740679
