date,value,log_value,log_diff,log_pct_change,pct_change_mom,zscore_value,zscore_log_value,zscore_pct_change_mom,minmax_value,minmax_log_value,minmax_pct_change_mom
1990-12-31,26.38,3.2726061472891685,0.0517323197582948,1.6061579101952272,5.309381237524935,0.896342543154328,1.0866758713073423,0.7163950228642774,0.234398368456832,0.4812601408660236,0.2713099787202772
1991-01-31,20.91,3.0402275134405423,-0.021760555890514,-0.7106675596965317,-2.1525503041647243,0.1976697781904542,0.4103636495796601,-0.3368140735728515,0.1600271923861319,0.3757504269841659,0.2220080739054817
1991-02-28,21.23,3.055415275715165,-0.0014120971986368,-0.0461948623971752,-0.1411100658513686,0.2385427735813939,0.4545659459651055,-0.0529107512098065,0.1643779741672331,0.3826463124860359,0.2352979083961797
1991-03-31,16.88,2.826129489167811,0.019743387344739,0.7035164310396747,1.9939577039274736,-0.3170745075141915,-0.2127448869724586,0.2484418924157106,0.1052345343303874,0.2785408819000775,0.2494045652812868
1991-04-30,18.24,2.9036169846461855,-0.0016433857437299,-0.0565658679159697,-0.1642036124794854,-0.1433642771026982,0.0127738681521229,-0.0561702736594349,0.1237253569000679,0.3137234773992435,0.2351453264766949
1991-05-31,15.93,2.768204123921957,-0.0056338177182562,-0.2031055107323598,-0.5617977528089901,-0.4384162125810434,-0.3813302332884645,-0.1122884198720594,0.092318150917743,0.2522403196996242,0.2325183728049908
1991-06-30,19.55,2.972975286431375,0.0898519572600382,3.1164798380603154,9.401231113598207,0.023959547778961,0.2146335073053372,1.2939363051258486,0.1415363698164514,0.3452150756390967,0.2983453370560516
1991-07-31,15.18,2.719978771967484,-0.018923892617491,-0.690929723870215,-1.8745959922430555,-0.5342122955285581,-0.5216847675404178,-0.2975824070701143,0.0821210061182868,0.2303439731969467,0.223844552430199
1991-08-31,14.46,2.671386216730619,-0.0245914031373222,-0.9121516052691404,-2.429149797570851,-0.6261765351581721,-0.6631080061892737,-0.3758545151659768,0.0723317471108089,0.20828090089586,0.2201805468343017
1991-09-30,15.85,2.7631695003232895,-0.0286089163096328,-1.0247559813195029,-2.8203556100551808,-0.4486344614287783,-0.39598294647119,-0.4310709853232837,0.0912304554724677,0.2499543879571031,0.2175958016349737
1991-10-31,15.48,2.739548868161581,0.0012928250023049,0.0472134446862559,0.1293661060802087,-0.4958938623495521,-0.4647281746848288,-0.0147345815335935,0.0861998640380693,0.239229623378644,0.2370849779248586
1991-11-30,20.26,3.0086484988205373,0.0209483969638104,0.7011546088843357,2.116935483870974,0.1146465063026083,0.3184564325351753,0.2657995049551054,0.1511896668932699,0.3614122206609539,0.2502170946870091
1991-12-31,19.31,2.960623096440423,0.0910211000306442,3.171906771201116,9.52921157118547,-0.0066951987642439,0.17868382932666,1.3120000170942607,0.1382732834806254,0.3396066597095641,0.2991909197718497
1992-01-31,17.4,2.856470206220483,-0.0051590828100271,-0.1802848059251904,-0.5145797598627766,-0.2506558900039147,-0.1244415975570019,-0.1056238693587488,0.112304554724677,0.2923168488303382,0.2328303479257453
1992-02-29,16.68,2.8142103969306005,0.0102441389985639,0.3653445889223672,1.029678982434867,-0.3426201296335287,-0.2474340820091076,0.1123394482559494,0.1025152957171991,0.2731291106418871,0.243033456477038
1992-03-31,16.18,2.7837759116303458,0.0130639494034245,0.4715015339568085,1.3149655604257848,-0.4064841849318718,-0.3360102735016605,0.1526060223129151,0.0957171991842284,0.2593105689670821,0.2449183801907527
1992-04-30,15.53,2.7427736371605955,-0.0266851920702579,-0.9635525824974622,-2.63322884012539,-0.4895074568197179,-0.4553428424356393,-0.4046591085624408,0.0868796736913664,0.2406938046968057,0.2188321713534353
1992-05-31,13.86,2.6290069937617573,0.0065146810211937,0.2484156384193969,0.6535947712418277,-0.702813401516184,-0.7864480309001256,0.0592573059122526,0.064174031271244,0.1890389438539197,0.2405486215681414
1992-06-30,13.35,2.5915163848462583,0.0105422663120244,0.4084607527180983,1.0598031794095242,-0.767954737920494,-0.8955602870040215,0.1165913069200652,0.0572399728076138,0.1720166240544684,0.2432324907731273
1992-07-31,13.17,2.5779415157551897,-0.024748169689194,-0.9508690116842966,-2.444444444444449,-0.7909457978278975,-0.935068436796414,-0.3780132673769921,0.0547926580557443,0.1658530601757199,0.2200794932103003
1992-08-31,13.58,2.60859812213055,0.0329371090740853,1.2787827632255055,3.348554033485529,-0.7385772724832561,-0.8458457865683521,0.4396354417427309,0.0603670972127804,0.1797724541995268,0.2583545508083881
1992-09-30,14.28,2.658859956911438,-0.0471882415200988,-1.743806394411218,-4.609218436873752,-0.6491675950655758,-0.699564295082713,-0.6835587749736476,0.0698844323589394,0.2025934499127696,0.2057765636371717
1992-10-31,16.15,2.7819200496686656,0.0430173850836905,1.5706065659039758,4.39560439560438,-0.4103160282497726,-0.3414115537559434,0.5874206310935378,0.0953093133922501,0.2584679292573201,0.2652725420819708
1992-11-30,13.01,2.565718292524414,0.0336100412521194,1.3273540432259034,3.418124006359302,-0.8113822955233673,-0.9706427713338328,0.449454846793578,0.0526172671651937,0.1603032006019979,0.2588142082256972
1992-12-31,12.57,2.531313022602156,-0.0023837913552759,-0.0940835281531882,-0.2380952380952372,-0.8675826641859092,-1.070775490744776,-0.0665996553569538,0.0466349422161794,0.1446817550094991,0.2346571153650859
1993-01-31,12.42,2.519308076505333,0.031073636624658,1.2488227044292532,3.1561461794020085,-0.8867418807754122,-1.105714553910766,0.4124781700611919,0.0445955132562882,0.1392310024731534,0.2570832883135975
1993-02-28,13.16,2.5771819258971713,-0.0445839066080262,-1.7005296985438512,-4.360465116279066,-0.7922230789338643,-0.9372791387700424,-0.6484486619210773,0.0546566961250849,0.1655081743001996,0.2074201075997241
1993-03-31,12.53,2.528125768907977,0.024233819208896,0.9678460451062464,2.452984464431718,-0.8726917886097768,-1.0800516388631274,0.31323090273698,0.0460910944935418,0.1432346072241275,0.252437411874342
1993-04-30,12.42,2.519308076505333,-0.0301370944202385,-1.182104042241372,-2.968750000000009,-0.8867418807754122,-1.105714553910766,-0.4520160074635888,0.0445955132562882,0.1392310024731534,0.2166153415426726
1993-05-31,13.47,2.6004649904222727,0.027852760215167,1.0826645340531904,2.8244274809160475,-0.7526273646488916,-0.8695163636955584,0.3656579669071183,0.0588715159755268,0.1760796689150467,0.2548915818356339
1993-06-30,11.26,2.421256622711544,-0.0026607554500261,-0.1097708805588237,-0.2657218777679326,-1.0349064890675683,-1.3910824272846305,-0.0704989980465391,0.028823929299796,0.0947115014151434,0.2344745827390646
1993-07-31,11.73,2.462149662665384,0.0417815340149547,1.7262470745824876,4.266666666666663,-0.9748742770871256,-1.2720677732850894,0.5692218057314388,0.0352141400407885,0.1132786686018634,0.2644206345559358
1993-08-31,11.85,2.47232786758114,0.0093260531811898,0.3786458104360735,0.9369676320272412,-0.9595469038155234,-1.2424452375735713,0.0992537696958146,0.0368456832087015,0.1179000034927118,0.2424209011155326
1993-09-30,12.99,2.5641798306825083,0.0281048943201085,1.1082044113578382,2.8503562945368044,-0.813936857735301,-0.9751202937682758,0.3693176711288245,0.0523453433038749,0.1596046739514653,0.2550628967148912
1993-10-31,11.46,2.4388627112865935,-0.0359936026479053,-1.454371409170141,-3.535353535353536,-1.009360866948231,-1.339841860615827,-0.5319888662567485,0.0315431679129843,0.1027054091912868,0.2128717218898178
1993-11-30,13.76,2.6217658325051976,-0.0258263995598984,-0.9754674170408096,-2.5495750708215303,-0.7155862125758526,-0.8075226270288836,-0.3928518559375892,0.0628144119646498,0.1857511508253675,0.2193848821560707
1993-12-31,11.66,2.4561641809223462,0.0868554558853924,3.665856414893232,9.073900841908332,-0.9838152448288936,-1.2894878535596868,1.247735503395503,0.0342624065261726,0.110561007103929,0.2961826254568239
1994-01-31,10.63,2.363680192353857,0.0671131716853743,2.922325849033536,6.941649899396385,-1.1153751987434806,-1.5586522373374874,0.9467804388799004,0.0202583276682528,0.0685693703905867,0.2820945796979401
1994-02-28,14.87,2.6993457604720636,0.0047185797019944,0.1751106696936899,0.4729729729729737,-0.573808009813531,-0.5817348574057818,0.0337635688163326,0.0779061862678449,0.2209757145780369,0.2393552310021766
1994-03-31,20.45,3.017982882488811,0.095359080755458,3.262790123686199,10.00537923614846,0.1389148473159785,0.3456231201630103,1.3792083683591247,0.1537729435757987,0.3656504250680966,0.3023370184411726
1994-04-30,13.77,2.6224923127405635,-0.052345754155533,-1.9569690892082825,-5.09993108201241,-0.7143089314698858,-0.8054082869370934,-0.7528200672689843,0.0629503738953093,0.1860810035338751,0.2025343644844622
1994-05-31,13.03,2.567254391136754,0.0423260669992675,1.6763274661955485,4.32345876701361,-0.8088277333114336,-0.966172126816742,0.5772376869221192,0.0528891910265125,0.1610006542465007,0.264795866988704
1994-06-30,14.97,2.706048198431537,0.037432066574734,1.4026770702569855,3.814147018030511,-0.5610351987538621,-0.5622281556394043,0.5053512371531308,0.0792658055744391,0.2240189044776539,0.2614307812559909
1994-07-31,11.13,2.4096441652874536,-0.0777593646991339,-3.126125848167194,-7.481296758104728,-1.0515111434451374,-1.4248791957315985,-1.0889362562196618,0.0270564242012236,0.0894389553123069,0.186800386862719
1994-08-31,11.97,2.482403519569882,0.0638147508195299,2.638511831529833,6.589492430988431,-0.9442195305439208,-1.21312117077361,0.8970754198733143,0.0384772263766145,0.122474775023548,0.2797678317386126
1994-09-30,14.28,2.658859956911438,0.0219477836425676,0.8323289590399963,2.219040801717953,-0.6491675950655758,-0.699564295082713,0.2802110884640439,0.0698844323589394,0.2025934499127696,0.2508917171535181
1994-10-31,14.56,2.67827804276854,0.0,0.0,0.0,-0.6134037240985035,-0.6430501114410698,-0.0329938698871657,0.0736913664174031,0.2114100809815742,0.2362302400580484
1994-11-30,15.95,2.7694588292308535,-0.012461220437812,-0.4479359656398562,-1.238390092879249,-0.4358616503691097,-0.3776785527487378,-0.2077855714018525,0.0925900747790618,0.2528100089001983,0.228048043512609
1994-12-31,13.2,2.580216829592325,0.0260951107828519,1.021686264623889,2.6438569206842955,-0.787113954509997,-0.9284463884142756,0.3401714617680259,0.0552005438477226,0.1668861487517719,0.2536985298057188
1995-01-31,11.96,2.481567748522486,-0.0247741819855793,-0.988459782123874,-2.446982055464919,-0.9454968116498876,-1.2155535896434462,-0.3783714367055428,0.0383412644459551,0.122095299670668,0.2200627269003591
1995-02-28,11.75,2.463853240590168,-0.0626750838886516,-2.4806800415182573,-6.075139888089531,-0.972319714875192,-1.2671096988179356,-0.8904652305551436,0.0354860639021074,0.1140521649274184,0.1960910392591978
1995-03-31,13.37,2.5930133911138515,0.0577305340007843,2.2770845406386853,5.942947702060231,-0.7654001757085603,-0.891203416417392,0.8058193173539837,0.0575118966689326,0.1726963281234578,0.2754960307302496
1995-04-30,11.75,2.463853240590168,-0.0152029955196564,-0.613257387961208,-1.5088013411567402,-0.972319714875192,-1.2671096988179356,-0.2459525774744227,0.0354860639021074,0.1140521649274184,0.2262614029425445
1995-05-31,12.85,2.553343811341229,0.0260164456692764,1.0294054510963324,2.635782747603832,-0.8318187932188371,-1.0066573253533688,0.3390318382687963,0.050441876274643,0.1546846635297609,0.2536451827453166
1995-06-30,11.38,2.431857428698185,-0.0182852286534753,-0.7462924086730438,-1.811906816220876,-1.0195791157959655,-1.3602299580614945,-0.2887341872672619,0.030455472467709,0.0995247150400077,0.2242587475714833
1995-07-31,13.49,2.6019486702196644,0.0232481411453031,0.9015448239601652,2.35204855842186,-0.7500728024369578,-0.8651982783213237,0.2989843750420029,0.0591434398368456,0.1767533222037439,0.2517705158565093
1995-08-31,11.52,2.444084655267745,-0.0433188747188424,-1.741529840117095,-4.2394014962593545,-1.00169718031243,-1.324643972250881,-0.6313612221422481,0.0323589394969408,0.105076392298612,0.2082199899140284
1995-09-30,12.74,2.5447466501440172,0.0222231367847101,0.8809882907737432,2.2471910112359605,-0.8458688853844726,-1.0316784088047188,0.2841843300524093,0.0489462950373895,0.150781189259812,0.2510777090702785
1995-10-31,13.83,2.626840145676667,-0.0306182693094831,-1.1521636288574943,-3.0154277699859677,-0.7066452448340845,-0.7927544017497302,-0.4586043085858851,0.0637661454792658,0.1880551033101618,0.2163069357418477
1995-11-30,11.58,2.449279472144849,-0.0060267078668605,-0.2454564695809846,-0.6008583690987113,-0.9940334936766286,-1.309525034311383,-0.1178016031757298,0.0331747110808973,0.1074350585550327,0.2322602944809586
1995-12-31,12.52,2.5273273656719524,0.0218014286812162,0.870133825371644,2.2040816326530654,-0.8739690697157436,-1.082375302865482,0.2780996870331601,0.0459551325628823,0.1428720984357757,0.250792880072901
1996-01-31,12.53,2.528125768907977,0.0088176924026441,0.3500045304056565,0.8856682769726287,-0.8726917886097768,-1.0800516388631274,0.0920131581888586,0.0460910944935418,0.1432346072241275,0.2420819599304209
1996-02-29,17.04,2.8355635214011694,0.018957913744614,0.6730766172260649,1.9138755980861344,-0.2966380098187217,-0.1852881832561032,0.2371387597264443,0.1074099252209381,0.2828243309642556,0.2488754529010004
1996-03-31,18.88,2.9381031607173544,0.0388817875442071,1.3411113723148294,3.964757709251088,-0.0616182863208189,0.1131420559295647,0.5266090775833147,0.1324269204622705,0.3293816578002809,0.2624258847250004
1996-04-30,15.83,2.761906873892921,0.0242978705491663,0.8875581034212265,2.4595469255663582,-0.451189023640712,-0.3996576805557827,0.3141571567133672,0.0909585316111488,0.2493811022328457,0.2524807708669035
1996-05-31,16.07,2.776954179749421,0.0031162381092078,0.1123439139117499,0.3121098626716723,-0.4205342770975072,-0.3558641669857926,0.0110586578822212,0.0942216179469748,0.2562132145889513,0.2382923885319693
1996-06-30,13.68,2.615934912194404,-0.036602578977547,-1.3799080729062665,-3.594080338266381,-0.7258044614235876,-0.8244928734099625,-0.540277819684814,0.0617267165193745,0.1831036667453101,0.2124837066378539
1996-07-31,19.46,2.968361076757859,-0.0535261542729834,-1.7712823206418649,-5.211885046273745,0.0124640178252592,0.2012043621893288,-0.7686217310719111,0.1403127124405166,0.3431200295740583,0.2017946707927131
1996-08-31,17.01,2.8338014064077703,0.0475563577205035,1.7068261007017194,4.870530209617763,-0.300469853136622,-0.1904166233643349,0.6544537021766905,0.1070020394289599,0.2820242563373362,0.2684104356884398
1996-09-30,16.95,2.830267833826459,0.0514485618360418,1.8514540457750028,5.279503105590044,-0.3081335397724234,-0.2007006941651787,0.7121778948777011,0.1061862678450033,0.2804198651510201,0.2711125702063465
1996-10-31,18.11,2.896464271895322,-0.0202247943182158,-0.6934161941530403,-2.002164502164505,-0.1599689314802673,-0.0080433084178513,-0.3155879749740216,0.1219578518014955,0.310475843727749,0.2230016915035912
1996-11-30,17.14,2.8414149131696336,0.0105572828058764,0.3729358443405717,1.0613207547169878,-0.2838651987590529,-0.1682583569696343,0.1168055040229761,0.1087695445275322,0.2854811099506725,0.2432425175809236
1996-12-31,20.92,3.040705639196722,0.0697784845617022,2.348710719912428,7.227063044592508,0.1989470592964213,0.4117551815250535,0.9870648771763176,0.1601631543167913,0.375967516270296,0.2839803396568374
1997-01-31,19.47,2.968874819384108,-0.0382918317955458,-1.2733525021144,-3.756796836381615,0.0137412989312258,0.2026995530818836,-0.5632443257426482,0.140448674371176,0.3433532904234175,0.2114086186050766
1997-02-28,21.1,3.0492730404820207,0.0009483168088593,0.0311094419008117,0.0948766603415807,0.2219381192038248,0.4366896520558824,-0.0196025701743433,0.1626104690686607,0.3798574782833774,0.2368571018901588
1997-03-31,22.14,3.0973859272804907,0.0769610411361281,2.548020362604375,8.000000000000007,0.3547753542243784,0.5767168689539821,1.0961605218977195,0.1767505098572399,0.4017027608554557,0.2890872297415874
1997-04-30,20.06,2.9987277825337895,0.0125409218233301,0.4199644030429716,1.2619888944977342,0.0891008841832707,0.2895832888992975,0.1451286679385677,0.1484704282800815,0.3569077964822676,0.2445683568051993
1997-05-31,19.19,2.9543893100196086,0.0088982529023642,0.3020974340038451,0.8937960042061155,-0.0220225720358459,0.1605410858471397,0.0931603405514738,0.1366417403127124,0.3367762574011952,0.2421356608297373
1997-06-30,21.53,3.0694473113762717,0.0145031781904347,0.4747444653041777,1.4608859566446863,0.2768612067603999,0.4954046283179207,0.1732018543431105,0.1684568320870156,0.3890174492952308,0.2458824943004478
1997-07-31,21.48,3.067122269640664,0.0041987465463497,0.1370829703938536,0.4207573632538652,0.2704748012305655,0.4886378524066603,0.0263936331870755,0.1677770224337185,0.3879617821530995,0.2390102360091462
1997-08-31,24.76,3.2092294478163956,0.0101482502763743,0.3172239042940727,1.0199918400652708,0.6894230039876966,0.902225021776487,0.11097216333714,0.2123725356900068,0.4524844426987616,0.2429694523290014
1997-09-30,22.91,3.1315734964654043,0.030130768489299,0.9715081377292156,3.058929374718855,0.4531259993838268,0.6762159945318497,0.3987565723157824,0.1872195785180149,0.4172253611189815,0.256440964858322
1997-10-31,35.09,3.5579161895951237,-0.0849193260174057,-2.3311325930983395,-8.1413612565445,2.0088543864514663,1.917039082405548,-1.1821005971289813,0.3528212100611829,0.6108029496551114,0.1824392590646563
1997-11-30,27.43,3.311637304949512,-0.0539328990694922,-1.602489200940993,-5.250431778929188,1.0304570592808489,1.2002717235450562,-0.7740623826302675,0.2486743711760707,0.4989819348580785,0.2015399877614253
1997-12-31,24.01,3.178470410233162,-0.0152927138199632,-0.4788305589976116,-1.5176374077112254,0.5936269210401819,0.8127042568869184,-0.2471997378939353,0.2021753908905506,0.4385185405805731,0.2262030219577052
1998-01-31,21.47,3.0666566118906897,-0.0083488425578091,-0.2715065934511096,-0.8314087759815236,0.2691975201245984,0.4872826072094839,-0.1503424787331697,0.1676410605030591,0.3877503538683517,0.230737019421191
1998-02-28,18.55,2.920469789053444,-0.0043033955600528,-0.1471360440082003,-0.4294149221685361,-0.1037685628177252,0.0618220848588266,-0.0936033380452365,0.1279401767505098,0.3213753623495401,0.2333930425441709
1998-03-31,24.22,3.1871787381249463,-0.0180037596112518,-0.5617077849379148,-1.7842660178426617,0.6204498242654857,0.8380488786642472,-0.2848328461571117,0.2050305914343983,0.4424724892247935,0.2244413737458236
1998-04-30,21.18,3.0530573401732606,-0.0728256178457753,-2.3297615049517773,-7.023705004389824,0.2321563680515595,0.4477034362815569,-1.0243497889256956,0.1636981645139361,0.3815757101666323,0.1898237521883917
1998-05-31,21.32,3.0596455992976437,0.0275813964962625,0.9096574033880866,2.7965284474445573,0.2500383035350957,0.4668778332213019,0.3617201773857575,0.1656016315431679,0.3845670580529703,0.2547072494700859
1998-06-30,19.71,2.9811261211646287,0.0071283397566439,0.239688805459326,0.7153806847215227,0.0443960454744308,0.23835560712185,0.0679780353567574,0.143711760707002,0.3489158988445732,0.2409568487420645
1998-07-31,24.8,3.210843653170937,0.0902423975710764,2.8918272531339273,9.44395410414829,0.694532128411564,0.9069229872975574,1.2999664116770746,0.2129163834126444,0.4532173601029285,0.2986276131398961
1998-08-31,44.28,3.790533107840436,0.1117039895800013,3.0364006043537506,11.818181818181817,3.1826757228350124,2.5940448044222064,1.6350751179768674,0.4777702243371856,0.716420854716599,0.3143144293632764
1998-09-30,40.95,3.7123518102990785,0.1266131151046554,3.53101901358126,13.49778270509978,2.757341114548048,2.3665068153995503,1.8721412077155184,0.4324949014276003,0.6809232437792938,0.3254117602073121
1998-10-31,28.05,3.3339886319687055,-0.0504016313770687,-1.4892381627183315,-4.915254237288136,1.1096484878507944,1.2653227800236813,-0.7267539834838106,0.2571040108769544,0.5091303812949017,0.2037545472440096
1998-11-30,26.01,3.25848107946056,0.1633560620285341,5.277850203416601,17.745586238116793,0.8490831422335545,1.0455664291568076,2.471694459558707,0.2293677770224337,0.4748467635237283,0.3534775236476097
1998-12-31,24.42,3.1954024686825586,0.0452338418241486,1.4359181104936392,4.6272493573264795,0.6459954463848233,0.8619831336867275,0.6201159968264566,0.2077498300475867,0.4462064102131593,0.2668030490009694
1999-01-31,26.25,3.2676659890376327,-0.0684593958808079,-2.0520630366679615,-6.616862326574169,0.879737888776759,1.0722980890325788,-0.9669262643730618,0.2326308633582597,0.4790171003806828,0.1925118120914073
1999-02-28,27.88,3.327909585892323,-0.0046520033796939,-0.1395924202772236,-0.4641199571581711,1.0879347090493574,1.247630391141744,-0.0985017558796858,0.2547926580557443,0.5063702376380992,0.2331637420846192
1999-03-31,23.26,3.1467351470905185,0.0230495092260665,0.7378946506865658,2.3317201935767695,0.4978308380926672,0.7203422958595761,0.296115142236673,0.1919782460910945,0.4241093908291938,0.2516362038351468
1999-04-30,25.07,3.221671912170202,0.0003989627022802,0.0123852498232546,0.0399042298483642,0.7290187182726692,0.9384374332685522,-0.0273616153391564,0.2165873555404486,0.4581338470016138,0.2364938922412264
1999-05-31,25.39,3.234355395716587,-0.1021256712258771,-3.0608796866173904,-9.708392603129443,0.7698917136636089,0.9753513043694976,-1.4032781380116028,0.22093813732155,0.4638926841969303,0.1720856890996285
1999-06-30,21.09,3.0487989944906833,-0.0651606604279577,-2.092533868415203,-6.3083074189249295,0.2206608380978577,0.435309993813243,-0.9233754982381972,0.1624745071380013,0.3796422413827877,0.19455047253771
1999-07-31,24.64,3.204371138665319,0.0048820275973082,0.152587723471842,0.4893964110929794,0.6740956307160941,0.8880854522240426,0.036081643476509,0.2107409925220938,0.4502785651617862,0.2394637426895862
1999-08-31,24.45,3.196630215920881,-0.0073349962115654,-0.2289349517213823,-0.730816077953711,0.6498272897027236,0.8655563557541691,-0.1361443928882203,0.2081577158395649,0.4467638593111647,0.2314016478214279
1999-09-30,25.41,3.235142797332073,-0.0416245059519058,-1.2702917875855757,-4.077010192525476,0.7724462758755425,0.9776429493763614,-0.6084406154174004,0.2212100611828688,0.4642501977849227,0.2092929293472981
1999-10-31,22.2,3.100092288878234,0.0395090430046267,1.2908991466869637,4.02999062792877,0.3624390408601795,0.5845934340006657,0.5358163321600461,0.1775662814411964,0.4029315633193894,0.2628568866886971
1999-11-30,24.18,3.1855258451866466,0.0255511282386069,0.8085864770236206,2.588035638523545,0.6153406998416183,0.8332383172246457,0.3322926060296665,0.2044867437117607,0.4417220060236961,0.2533297116888072
1999-12-31,24.64,3.204371138665319,-0.0048583091510767,-0.1513855344429271,-0.4846526655896688,0.6740956307160941,0.8880854522240426,-0.1013998306172688,0.2107409925220938,0.4502785651617862,0.2330280799399018
2000-01-31,24.95,3.2168738221975275,-0.0465928859985482,-1.4277113929654028,-4.552410099464432,0.7136913450010667,0.9244731249510209,-0.6755406020141813,0.2149558123725357,0.455955311514887,0.2061519033502196
2000-02-29,23.37,3.1514531485507664,-0.0545400504864206,-1.7011904611276107,-5.307941653160453,0.5118809302583026,0.7340735154508458,-0.7821795735126712,0.193473827328348,0.4262515627488774,0.2011600129078073
2000-03-31,24.11,3.1826266921930797,-0.0548745967982857,-1.6949675660324348,-5.339615233608164,0.6063997320998503,0.8248006542186529,-0.7866501188209318,0.2035350101971448,0.4404056681238433,0.2009507416434366
2000-04-30,26.2,3.265759410767051,0.0003817522474305,0.0116909064540982,0.0381825124093015,0.8733514832469246,1.0667492045903253,-0.0276046259401227,0.2319510537049626,0.4781514333247629,0.2364825166411121
2000-05-31,23.65,3.1633631149379418,0.0012693041687255,0.0401412559109637,0.1270110076206476,0.5476448012253745,0.7687361507138604,-0.0150669902546809,0.1972807613868116,0.4316591904857371,0.2370694174979859
2000-06-30,19.54,2.972463646614637,-0.0081549891293057,-0.273600554982456,-0.8121827411167515,0.0226822666729939,0.2131444364064698,-0.1476288335201489,0.1414004078857919,0.3449827695540641,0.2308640482120038
2000-07-31,20.74,3.032064202801381,-0.0048100140837852,-0.1583870038818657,-0.4798464491362786,0.1759559993890174,0.386605240023725,-0.100721460565242,0.1577158395649218,0.3720439391905089,0.2330598352065885
2000-08-31,16.84,2.823757008814181,-0.0492424993575135,-1.7139752101402284,-4.804974561899389,-0.3221836319380589,-0.2196497277161834,-0.7111886360100838,0.1046906866077498,0.2774636756218749,0.2044831787020505
2000-09-30,20.57,3.0238337036648657,0.0549588842807575,1.8511687970784507,5.649717514124308,0.1542422205875809,0.3626512858036029,0.7644315480400146,0.1554044867437117,0.3683069449814617,0.2735586226029206
2000-10-31,23.63,3.1625170911988163,-0.0745915019304441,-2.304263196136336,-7.1877454831107634,0.5450902390134408,0.7662738925227093,-1.047503167297976,0.1970088375254928,0.431275059977807,0.1887399164519622
2000-11-30,29.65,3.3894621254437345,0.07563982326658,2.2825551996824123,7.857402691887949,1.3140134648054922,1.4267722256880022,1.0760337248087906,0.2788579197824609,0.5343176901607852,0.288145071686115
2000-12-31,26.85,3.2902658209548736,0.0104830611831516,0.3196266933204184,1.0538200978547296,0.9563747551347708,1.1380723914350015,0.1157468290683148,0.2407885791978246,0.4892783785363994,0.2431929598131251
2001-01-31,22.02,3.091951131294534,-0.0246704595349105,-0.7915769950225138,-2.436863092600805,0.339447980952776,0.560899498453846,-0.3769432027857524,0.1751189666893269,0.3992351339485082,0.2201295841398237
2001-02-28,28.35,3.3446270301737613,0.0678597268897829,2.070935181200495,7.021517553793899,1.1479669210298002,1.2962846572260915,0.958053302970464,0.2611828687967369,0.5139606633745696,0.2826222751710074
2001-03-31,28.64,3.3548043420924447,-0.0183364417871851,-0.5436014374145204,-1.8169352074048684,1.1850080731028392,1.3259045939687444,-0.289443916015889,0.26512576478586,0.5185815928070328,0.2242255243688662
2001-04-30,25.48,3.237893830703962,0.059007014052125,1.8562162623416032,6.0782681099084135,0.7813872436173106,0.9856495266635056,0.8249190214564709,0.2221617946974847,0.4654992831209552,0.27639010940545
2001-05-31,22.64,3.119718253334982,-0.0052863559231481,-0.1691631400314364,-0.5272407732864748,0.4186394095227216,0.6417126252337902,-0.1074108992227258,0.1835486063902107,0.411842580051831,0.2327466950437554
2001-06-30,19.06,2.947591898226056,-0.0486402503695861,-1.6233805645662125,-4.747626186906562,-0.0386272264134155,0.1407579732779771,-0.7030942398244742,0.13487423521414,0.3336899453698486,0.2048620865102209
2001-07-31,21.62,3.073618812211062,-0.0483054865806882,-1.5472984594592345,-4.715733803437638,0.2883567367141016,0.5075453184958042,-0.6985928117171714,0.1696804894629504,0.3909114868504364,0.205072803433221
2001-08-31,24.92,3.2156706939192525,-0.01947210341282,-0.6018931661649685,-1.92837465564738,0.7098595016831665,0.9209715536342982,-0.3051729588160286,0.2145479265805574,0.4554090404644829,0.2234892301481044
2001-09-30,31.93,3.4635460067266908,-0.0628145178894707,-1.7812846262027615,-6.08823529411765,1.605233556965937,1.6423851394695856,-0.8923135724587508,0.3098572399728076,0.567954901069401,0.1960045162915316
2001-10-31,33.56,3.5133348815990053,0.0029841860403272,0.0850110515767887,0.2988643156007109,1.813430377238536,1.787290133635923,0.0091891244263751,0.3320190346702923,0.5905611530094976,0.238204873563859
2001-11-30,23.84,3.171364842197149,-0.0546851864190522,-1.695112782938124,-5.3216838760921314,0.571913142238745,0.7920242897768459,-0.7841192099346951,0.1998640380693405,0.435292312600697,0.2010692163408412
2001-12-31,23.8,3.169685580677429,0.1062946586496234,3.469836575061147,11.21495327102804,0.5668040178148777,0.7871369855077135,1.5499328475682796,0.1993201903467029,0.4345298569500029,0.3103288237265609
2002-01-31,21.09,3.0487989944906833,-0.0962149817790622,-3.0592863022243733,-9.173126614987082,0.2206608380978577,0.435309993813243,-1.3277283953511,0.1624745071380013,0.3796422413827877,0.1756222577012773
2002-02-28,21.59,3.072230244526716,0.004642533872297,0.1513415201192858,0.4653327128897322,0.2845248933962009,0.5035040463699377,0.0326851896629112,0.1692726036709721,0.3902810184779595,0.2393047508586266
2002-03-31,17.4,2.856470206220483,-0.0170944333593001,-0.5948859866886425,-1.6949152542372947,-0.2506558900039147,-0.1244415975570019,-0.2722214952653201,0.112304554724677,0.2923168488303382,0.2250317252945867
2002-04-30,21.91,3.086943153607375,-0.0931918429443952,-2.9304366967265016,-8.898128898128899,0.3253978887871405,0.5463243352390932,-1.2889140353859456,0.1736233854520734,0.3969613005751566,0.1774392016366485
2002-05-31,19.98,2.9947317732204075,-0.0310446216819602,-1.026005151413767,-3.056768558951961,0.078882635335536,0.2779533473163793,-0.4644393252634855,0.1473827328348062,0.355093439489366,0.2160337920348622
2002-06-30,25.4,3.2347491740244907,-0.0344394647172991,-1.0534560260356818,-3.385317611259031,0.7711689947695755,0.976497352428546,-0.5108121509296467,0.2210740992522093,0.4640714761792727,0.2138630278013207
2002-07-31,32.03,3.466672963621067,0.0034401910394588,0.0993346755867818,0.3446115288220586,1.6180063680256058,1.6514858004445525,0.0156460827664756,0.3112168592794018,0.5693746715611298,0.2385071310610204
2002-08-31,32.64,3.4855385300959063,-0.0310687030770768,-0.8834851610381333,-3.0591030591030632,1.6959205154895844,1.7063919377491603,-0.4647688266507654,0.3195105370496261,0.5779404354956751,0.2160183677035617
2002-09-30,39.69,3.681099266794974,0.0709924938464334,1.966492913129292,7.357316743305375,2.5964036951962224,2.2755497563023246,1.0054494441698,0.4153636981645139,0.6667332691306505,0.284840941957976
2002-10-31,31.14,3.4384931664058525,-0.0028860048891345,-0.0838618689044001,-0.2881844380403509,1.504328349594555,1.569471628371951,-0.0736694603693308,0.2991162474507138,0.5565798534998323,0.2343261698244915
2002-11-30,27.5,3.3141860046725258,0.0091324835632726,0.276318779860718,0.917431192660545,1.0393980270226169,1.2076894312044917,0.0964963126569716,0.2496261046906866,0.5001391521723051,0.2422918214437753
2002-12-31,28.62,3.3541057741283047,-0.0343440347113479,-1.013561854206979,-3.3760972316002724,1.1824535108909056,1.3238714894443282,-0.5095107469064454,0.2648538409245411,0.5182644134484887,0.2139239479903834
2003-01-31,31.17,3.4394560937792455,-0.0048007773433567,-0.1393849971994654,-0.478927203065127,1.5081601929124555,1.5722741216153104,-0.1005917142229456,0.299524133242692,0.5570170631949452,0.233065908779101
2003-02-28,29.63,3.388787361585474,-0.0299224451613127,-0.8752554867997642,-2.9479200786112103,1.3114589025935584,1.4248084003716903,-0.4490759828115018,0.2785859959211421,0.5340113188716362,0.2167529674101671
2003-03-31,29.15,3.3724549127965013,0.0492190726040577,1.4810586720564345,5.045045045045038,1.250149409507149,1.3772746209368785,0.679085476283481,0.2720598232494901,0.5265956973483721,0.2695634767954152
2003-04-30,21.21,3.0544727685765913,0.0214447102789034,0.707039627287176,2.1676300578034713,0.2359882113694602,0.4518228835487126,0.2729547550545483,0.1641060503059143,0.3822183744399448,0.2505520400084293
2003-05-31,19.47,2.968874819384108,-0.0481295894454225,-1.5952773984872937,-4.69897209985316,0.0137412989312258,0.2026995530818836,-0.696226992815145,0.140448674371176,0.3433532904234175,0.2051835500824014
2003-06-30,19.52,2.9714395809849465,0.0186148084422321,0.6304068096192106,1.8789144050104456,0.0201277044610602,0.2101640070539935,0.2322041866385127,0.1411284840244731,0.3445178005085225,0.2486444599732847
2003-07-31,19.49,2.9699015135194693,0.0333885996254492,1.1370152491913863,3.3952254641909763,0.0162958611431595,0.2056876324083728,0.4462228481117234,0.1407205982324949,0.3438194529215442,0.2586629147248023
2003-08-31,18.63,2.924773184613497,0.0080841183999589,0.2771676451084337,0.8116883116882967,-0.0935503139699905,0.0743466399953728,0.0815713078507465,0.1290278721957851,0.3233292856803632,0.2415931651476931
2003-09-30,22.72,3.12324559385295,0.0473167783046828,1.5382923709256646,4.845408398707884,0.4288576583704563,0.6519785583059822,0.6509079017868807,0.184636301835486,0.413444141618189,0.2682444527759278
2003-10-31,16.1,2.7788192719904172,-0.0141846349919565,-0.5078630558480679,-1.408450704225328,-0.4167024337796065,-0.3504360230280444,-0.2317886571732334,0.0946295037389531,0.2570600452353478,0.2269244320151719
2003-11-30,16.32,2.792391349535961,0.0055299680094611,0.1984299630443775,0.5545286506469571,-0.3886022494483357,-0.310935997719064,0.0452746877689039,0.0976206662134602,0.2632223416345319,0.2398940794538575
2003-12-31,18.31,2.907447358686419,0.0350133014769218,1.218941872278756,3.56334841628958,-0.1344233093609302,0.0239217466566758,0.4699524443269707,0.1246770904146838,0.315462628982813,0.2597737238678825
2004-01-31,16.63,2.811208293204836,-0.0302066199647974,-1.063083741300619,-2.975495915986004,-0.3490065351633631,-0.2561713716944891,-0.4529681550463636,0.1018354860639021,0.2717660287616683,0.2165707704412128
2004-02-29,14.55,2.6775909936175015,-0.0190611625323393,-0.7068454301334182,-1.8880647336480096,-0.6146810052044703,-0.6450496917384462,-0.2994834431337666,0.0735554044867437,0.2110981316506557,0.2237555627895126
2004-03-31,16.74,2.817801065061329,0.0278637044869345,0.998721508256306,2.825552825552813,-0.3349564429977277,-0.2369838409488143,0.3658168028869777,0.1033310673011556,0.2747594256189717,0.2548990171268658
2004-04-30,17.19,2.844327819394758,0.0349251240322603,1.2431512253445076,3.5542168674698837,-0.2774787932292185,-0.159780666709687,0.4686635782702759,0.1094493541808293,0.2868036923984968,0.2597133905951629
2004-05-31,15.5,2.740840023925201,0.0142952401868265,0.524298748807861,1.4397905759162333,-0.4933393001376184,-0.4609704091423257,0.1702243616186221,0.0864717878993881,0.2398158626250852,0.245743114510256
2004-06-30,14.34,2.663052835171474,-0.0758498294135008,-2.7693510395337184,-7.304460245636724,-0.6415039084297746,-0.6873613882813681,-1.063976790634516,0.0707002039428959,0.2044971937218757,0.1879687675771183
2004-07-31,15.32,2.729159164312445,-0.0232268506098165,-0.8438805634053637,-2.2959183673469385,-0.516330360045022,-0.4949662545673319,-0.3570496583458378,0.0840244731475187,0.2345122590397451,0.2210608233759103
2004-08-31,15.29,2.727199019940971,-0.0097625246556591,-0.3566920651454697,-0.9715025906735786,-0.5201622033629227,-0.5006710372008436,-0.1701159219983487,0.0836165873555404,0.2336222707117471,0.2298114022564528
2004-09-30,13.34,2.590767040487478,0.0097929219532439,0.3794273597290232,0.9841029523088408,-0.7692320190264609,-0.8977411705892828,0.105906651433834,0.0571040108769544,0.1716763900683033,0.2427323300077644
2004-10-31,16.27,2.7893229212309465,0.0556049733801584,2.0340420789889624,5.7179987004548405,-0.3949886549781701,-0.3198663177308781,0.7740690482176898,0.0969408565601631,0.2618291455942283,0.2740097648481022
2004-11-30,13.24,2.5832425505088623,-0.0045214847188459,-0.1747255413281134,-0.4511278195488799,-0.7820048300861294,-0.919640363516461,-0.0966679897246602,0.0557443915703603,0.1682599538340332,0.2332495827450668
2004-12-31,13.29,2.587011872725154,0.0564947116851013,2.2325362006982763,5.812101910828016,-0.7756184245562953,-0.9086701695692488,0.7873511798769308,0.0564242012236573,0.1699713853111135,0.2746315164005876
2005-01-31,12.82,2.551006451492524,-0.0322360990163383,-1.2478928473049655,-3.1722054380664666,-0.8356506365367377,-1.013459951765591,-0.4807325826417461,0.0500339904826648,0.1536234034440491,0.2152710862938052
2005-02-28,12.08,2.4915511925066687,0.0500741006460043,2.050975649656528,5.134899912967805,-0.9301694383782856,-1.1864978840064346,0.6917679786257614,0.0399728076138681,0.1266282048731869,0.2701571590237664
2005-03-31,14.02,2.640484881606444,0.0274782291911281,1.0515943067243685,2.7859237536656867,-0.6823769038207143,-0.753042912277912,0.3602233853165143,0.0663494221617946,0.1942503896843907,0.2546371829463776
2005-04-30,15.31,2.728506209669592,-0.0964377429041172,-3.4137931414977674,-9.19335705812574,-0.5176076411509888,-0.4968666065828399,-1.3305838070658211,0.0838885112168592,0.2342157900554661,0.1754885926607431
2005-05-31,13.29,2.587011872725154,0.0896827029385964,3.591144652599465,9.3827160493827,-0.7756184245562953,-0.9086701695692488,1.2913230093667087,0.0564242012236573,0.1699713853111135,0.298223005736273
2005-06-30,12.04,2.488234439880675,0.0226805186084892,0.919895460926945,2.2939677145284554,-0.935278562802153,-1.1961509243925326,0.2907865950469017,0.0394289598912304,0.1251222591036052,0.2513867685356987
2005-07-31,11.57,2.448415541205585,0.0951373338960213,4.04275761363504,9.980988593155905,-0.9953107747825954,-1.312039409420988,1.375765768152437,0.0330387491502379,0.1070427974219595,0.3021758664455436
2005-08-31,12.6,2.533696813957432,-0.0800427076735368,-3.0623827283137395,-7.692307692307699,-0.8637508208680087,-1.0638377305861888,-1.1187192466034015,0.0470428280081577,0.1457640969601496,0.185406211516184
2005-09-30,11.92,2.4782176616372036,-0.0264916154469765,-1.0576722691671536,-2.614379084967322,-0.9506059360737552,-1.2253036456913784,-0.4019985730848405,0.0377974167233174,0.1205742187395538,0.2189567140176762
2005-10-31,15.32,2.729159164312445,0.0724022575977856,2.7252119836330024,7.508771929824554,-0.516330360045022,-0.4949662545673319,1.0268264802968914,0.0840244731475187,0.2345122590397451,0.2858416251118963
2005-11-30,12.06,2.4898941912990393,0.014196480596349,0.5734335227995047,1.4297729184188368,-0.9327240005902192,-1.1913204021079364,0.1688104263737993,0.0397008837525492,0.1258758563443082,0.2456769266078819
2005-12-31,12.07,2.4907230351094403,0.0388562393996401,1.5847614343336147,3.9621016365202433,-0.9314467194842524,-1.1889081441925091,0.526234188059698,0.0398368456832087,0.1262521864390324,0.2624083357238838
2006-01-31,12.95,2.5610957881455465,0.0442060925044955,1.75637782541902,4.519774011299416,-0.8190459821591686,-0.9840960572691234,0.6049464644545741,0.0518014955812372,0.1582043883904172,0.266092946093946
2006-02-28,12.34,2.5128460184772416,0.0627033611255813,2.559171848114228,6.471095772217428,-0.8969601296231471,-1.1245216565670215,0.8803644064703225,0.0435078178110129,0.1362969552144197,0.2789855703672095
2006-03-31,11.39,2.432735777459091,-0.015679763746494,-0.640404518048987,-1.5557476231633505,-1.018301834689999,-1.3576736214822585,-0.2525787775376397,0.0305914343983684,0.0999235224730183,0.2259512230495815
2006-04-30,11.59,2.4501426573516603,-0.0213409721041992,-0.8634883051561126,-2.1114864864864913,-0.9927562125706618,-1.3070128295733123,-0.3310181498134977,0.0333106730115567,0.1078269810940773,0.2222793876289048
2006-05-31,16.44,2.799717389628034,-0.1266648057911639,-4.328375356760928,-11.897106109324753,-0.3732748761767332,-0.2896143711603864,-1.7122025714965183,0.0992522093813732,0.2665486732391198,0.1576245881974801
2006-06-30,13.08,2.5710843460290524,0.0038299548922986,0.1491848608973667,0.3837298541826683,-0.8024413277815993,-0.9550254681957322,0.0211674113765009,0.0535690006798096,0.1627396155192056,0.2387655906760233
2006-07-31,14.95,2.7047112998366956,0.0423560579966149,1.590924356410861,4.326587578506613,-0.563589760965796,-0.566119050615105,0.5776793008269181,0.0789938817131203,0.2234118960539678,0.2648165394333049
2006-08-31,12.31,2.510411940196362,0.0073379864529128,0.2931589952401836,0.7364975450081745,-0.9007919729410476,-1.1316057712411491,0.07095855979843,0.0430999320190346,0.1351917808757627,0.2410963704503545
2006-09-30,11.98,2.4832385926873033,0.0219418085384366,0.8914734980253192,2.2184300341296925,-0.942942249437954,-1.210690783151501,0.2801248821009634,0.0386131883072739,0.1228539334867437,0.2508876817365042
2006-10-31,11.1,2.4069451083182885,-0.0089686699827602,-0.3712330325408963,-0.8928571428571397,-1.0553429867630382,-1.4327345014675583,-0.159015565398871,0.0266485384092454,0.0882134694582462,0.2303310224594392
2006-11-30,10.91,2.3896797998449792,0.00735973883208,0.3089315727354824,0.7386888273314796,-1.0796113277764086,-1.482983265473994,0.071267846805805,0.0240652617267165,0.0803742902405583,0.2411108485237491
2006-12-31,11.56,2.4475508632442313,0.0505650948287015,2.109528370797386,5.186533212010924,-0.9965880558885624,-1.3145559586554714,0.6990557244228714,0.0329027872195785,0.1066501971093086,0.2704983066181226
2007-01-31,10.42,2.343727036325221,-0.0505252451946485,-2.1102724046513255,-4.92700729927008,-1.1421981019687848,-1.6167236833250576,-0.7284128611780397,0.0174031271244051,0.0595097948661311,0.2036768933095184
2007-02-28,15.42,2.7356653681351832,-0.1717819905512358,-5.908343964956487,-15.783724740578908,-0.5035575489853534,-0.476030670475571,-2.260776633580716,0.0853840924541128,0.2374663503536708,0.1319452180854737
2007-03-31,14.64,2.6837575085331657,-0.0335827394761372,-1.2358680331158278,-3.302509907529727,-0.6031854752507686,-0.6271027345080905,-0.4991243156372011,0.0747790618626784,0.2138979898545892,0.2144101485440379
2007-04-30,14.22,2.6546494243750947,0.1329288014643781,5.271353228294728,14.216867469879537,-0.6568312817013768,-0.7118185826957736,1.9736359227426008,0.069068660774983,0.2006816903166217,0.3301628422065063
2007-05-31,13.05,2.5687881337687024,0.0170019551411573,0.6662766372651729,1.7147310989867437,-0.8062731710994998,-0.961708339119086,0.2090306490067096,0.0531611148878314,0.161697038176405,0.2475596805591966
2007-06-30,16.23,2.7868613815265,0.0434440365869983,1.5835737375917258,4.440154440154442,-0.4000977794020374,-0.327030355830309,0.5937086159007772,0.0963970088375255,0.2607115026094856,0.2655668897376188
2007-07-31,23.52,3.1578511230304263,0.119538401941317,3.934367950724549,12.697652132247228,0.5310401468478054,0.7526941100521309,1.7592073389232914,0.1955132562882393,0.4291565133701641,0.3201251985279681
2007-08-31,23.38,3.1518809560439225,-0.0693919934239994,-2.1541792487799416,-6.703910614525144,0.5131582113642692,0.7353186016766156,-0.9792126339527116,0.1936097892590074,0.4264458054184888,0.191936673284133
2007-09-30,18.0,2.8903717578961645,0.0571584138399483,2.0174412195206104,5.882352941176472,-0.1740190236459028,-0.0257748941941987,0.7972667123076024,0.120462270564242,0.3077095850652118,0.2750956736488859
2007-10-31,18.53,2.9193910402972683,-0.1284591875188292,-4.214747376575501,-12.055054579971523,-0.1063231250296589,0.0586825063360846,-1.734496097659832,0.127668252889191,0.3208855648551256,0.1565810031120416
2007-11-30,22.87,3.12982600803469,-0.046977040411603,-1.4787520565550438,-4.5890696704213525,0.4480168749599595,0.6711301234108851,-0.6807148914575508,0.1866757307953773,0.4164319275692489,0.2059096890297355
2007-12-31,22.5,3.1135153092103742,0.0814511064089931,2.686325254384081,8.486017357762776,0.4007574740391854,0.6236596448341424,1.164759101147909,0.1816451393609789,0.4090261814485116,0.2922984065497483
2008-01-31,26.2,3.265759410767051,-0.0527807372140949,-1.5904805987115855,-5.1412020275163,0.8733514832469246,1.0667492045903253,-0.7586452259400883,0.2319510537049626,0.4781514333247629,0.2022616822418711
2008-02-29,26.54,3.2786530289040616,0.1203768261647906,3.811472412083017,12.792180195495106,0.916779040849798,1.1042746490941011,1.772549436143699,0.2365737593473827,0.4840056804988989,0.3207497571359554
2008-03-31,25.61,3.242982900211434,-0.0038971210663643,-0.1200266422173079,-0.388953714507978,0.7979918979948797,1.0004606986207625,-0.0878924692543816,0.2239292997960571,0.4678099356055031,0.2336603747486581
2008-04-30,20.79,3.0344721018699214,0.0268112574506567,0.8914322072053116,2.717391304347827,0.1823424049188518,0.3936131630060132,0.3505504208006348,0.1583956492182189,0.3731372270611295,0.2541843805755548
2008-05-31,17.83,2.8808824318750488,-0.0172370128119419,-0.5947654381030398,-1.7089305402425703,-0.1957328024473396,-0.053392524342673,-0.2741996729834423,0.1181509177430319,0.3034010302861532,0.2249391245661126
2008-06-30,23.95,3.175968323856924,0.021524359148112,0.6823503409450815,2.1757679180887335,0.5859632344043805,0.8054222121995813,0.2741033676396527,0.2013596193065941,0.4373824876944178,0.2506058078580723
2008-07-31,22.94,3.1328821117012247,0.0784093431246333,2.5670336279073336,8.156529938708168,0.4569578427017275,0.6800245739303364,1.118253830364987,0.1876274643099932,0.4178195277031727,0.2901214424110202
2008-08-31,20.65,3.027715319407042,0.0608970560176933,2.052604865258023,6.278950077200207,0.1644604694353156,0.3739482975942582,0.8532441370464159,0.156492182188987,0.3700693624618188,0.2777160399898019
2008-09-30,39.39,3.6735119769828146,-0.1706603615371569,-4.4394565724090835,-15.68921232876712,2.5580852620172165,2.253467791429875,-2.247436745471284,0.4112848402447315,0.6632883191197079,0.1325696732824864
2008-10-31,59.89,4.092509546276371,-0.0490366174300236,-1.18401716392168,-4.78537360890302,5.176511529249286,3.47291371162586,-0.7084220732402065,0.690006798096533,0.8535309112254638,0.2046126846233401
2008-11-30,55.84,4.022490458454117,0.0166128775543468,0.414712562200048,1.6751638747268816,4.659212681332707,3.269130928053502,0.2034459608762395,0.6349422161794698,0.8217392882176137,0.2472982550136329
2008-12-31,40.0,3.688879454113936,-0.0399416070929476,-1.0711591260970876,-3.9154455921210696,2.635999409481195,2.298193127958312,-0.5856366931544497,0.4195785180149558,0.6702658027563784,0.2103604066493982
2009-01-31,44.84,3.8031005982039594,0.0505423674268405,1.3468776316996278,5.184142622566279,3.2542034647691573,2.6306210902387086,0.6987183063515745,0.4853840924541129,0.7221270261081225,0.270482511697921
2009-02-28,46.35,3.836221292011864,0.0371430455998522,0.9776857224494284,3.7841468875951856,3.447072911770153,2.7270151934460536,0.5011168897737348,0.5059143439836846,0.7371652198928275,0.2612325666828752
2009-03-31,44.14,3.7873664008285903,-0.0312246598070031,-0.8177010659477624,-3.074220465524813,3.1647937873514764,2.584828455142276,-0.4669025623824549,0.4758667573079538,0.7149830359927607,0.2159184851291522
2009-04-30,36.5,3.597312260588446,0.0115735653940229,0.3227665587995476,1.164079822616415,2.1889510223927933,2.0316969743965627,0.131309360624771,0.3719918422841604,0.6286904297118299,0.2439214594549049
2009-05-31,28.92,3.364533397290564,-0.0908364632599845,-2.6288492093726634,-8.683296495105775,1.2207719440699116,1.3542199292789492,-1.258591666464538,0.2689326988443236,0.522998994757003,0.1788586259004339
2009-06-30,26.35,3.2714682749873716,0.0386895449501794,1.196789145842159,3.944773175542404,0.8925106998364278,1.0833642202672902,0.523788374582698,0.2339904826648538,0.4807434987849152,0.2622938444384917
2009-07-31,25.92,3.255014871484074,0.0202656974595831,0.6264998109380304,2.0472440944881987,0.8375876122798527,1.035478415561398,0.2559629626562115,0.228144119646499,0.4732729587130317,0.2497566350558045
2009-08-31,26.01,3.25848107946056,0.0492516316441644,1.534687140480906,5.048465266558955,0.8490831422335545,1.0455664291568076,0.6795682210513956,0.2293677770224337,0.4748467635237283,0.2695860746220748
2009-09-30,25.61,3.242982900211434,0.016535809846915,0.5125083221199533,1.6673283048828758,0.7979918979948797,1.0004606986207625,0.2023400148635525,0.2239292997960571,0.4678099356055031,0.2472464844343317
2009-10-31,30.69,3.4239368686316447,0.214707420815249,6.6903106900424,23.94991922455574,1.4468506998260462,1.527107139327674,3.347400689525377,0.2929979605710401,0.5499706795499749,0.3944703192297902
2009-11-30,24.51,3.1990811975400213,-0.0137765550026163,-0.4287944273820954,-1.3682092555332035,0.657490976338525,0.872689665718175,-0.2261088061079212,0.2089734874235214,0.4478767084792756,0.2271903122449683
2009-12-31,21.68,3.0763901765714454,0.0826599056881276,2.761100640631131,8.617234468937873,0.2960204233499027,0.5156110668683878,1.1832796483179948,0.1704962610469068,0.3921698033138893,0.2931653742362091
2010-01-31,24.62,3.203559120756307,0.0368190503086354,1.1626799007671718,3.750526759376327,0.6715410685041605,0.8857221642270751,0.4963716003448979,0.210469068660775,0.4499098747369059,0.2610104343365723
2010-02-28,19.5,2.970414465569701,-0.0303053494953293,-1.0099359941298849,-2.9850746268656803,0.0175731422491266,0.2071805224171758,-0.4543201354785416,0.1408565601631543,0.3440523548160027,0.2165074827134442
2010-03-31,17.59,2.867330558749466,0.0264992464134379,0.9327990119782026,2.6853473438412268,-0.2263875489905441,-0.0928337469298774,0.3460275984586086,0.1148878314072059,0.2972479075469308,0.2539726621643152
2010-04-30,22.05,3.093312601892855,0.1787903837644071,6.1344663167199,19.577006507592177,0.3432798242706767,0.5648619075183878,2.7301889896189553,0.1755268524813052,0.3998532990995307,0.3655779439338452
2010-05-31,32.07,3.4679210137050633,0.0774475954058835,2.2842708333261186,8.052560646900275,1.623115492449473,1.6551181116908815,1.1035791575580312,0.3117607070020394,0.5699413390085272,0.2894345044379584
2010-06-30,34.54,3.5421180727185324,0.0119413097999165,0.3382637924919107,1.2012891883973031,1.938603925623288,1.8710604166953393,0.1365612504731485,0.345343303874915,0.6036299373866638,0.2441673063378063
2010-07-31,23.5,3.1570004211501135,-0.026455458486827,-0.8310295316498739,-2.610857853294646,0.5284855846358717,0.7502182366502886,-0.4015015713088787,0.1952413324269204,0.4287702587885617,0.2189799792309507
2010-08-31,26.05,3.260017768199376,-0.0435667845957787,-1.318773105380855,-4.263138552002943,0.8541922666574218,1.050038791171508,-0.6347115722348625,0.2299116247450714,0.4755444851105742,0.2080631562502088
2010-09-30,23.7,3.1654750481410856,0.0191699161077201,0.6092834389311408,1.935483870967736,0.5540312067552089,0.7748826978946528,0.2401886442543376,0.1979605710401087,0.432618097353855,0.2490182214330981
2010-10-31,21.2,3.054001181677967,0.0152094186635287,0.5005087498473726,1.5325670498084198,0.2347109302634932,0.4504503822224756,0.1833192319873318,0.1639700883752549,0.3820042540713023,0.2463561001506803
2010-11-30,23.54,3.1587011018321305,0.0892537904558588,2.907813081692523,9.335810496980956,0.533594709059739,0.7551678790139387,1.284702558055018,0.1957851801495581,0.4295424396435404,0.297913094948848
2010-12-31,17.75,2.8763855159214247,0.0130424304131793,0.4554966004314487,1.3127853881278462,-0.2059510512950743,-0.0664802991055599,0.1522983034222819,0.1170632222977566,0.3013592405236456,0.2449039755226702
2011-01-31,19.53,2.9719517448885875,-0.0257785313280765,-0.8599349825632374,-2.5449101796407136,0.0214049855670273,0.2116546032496221,-0.392193433142087,0.1412644459551325,0.3447503445511429,0.2194157036691981
2011-02-28,18.35,2.9096295745005794,-0.0463218290415672,-1.5670700467558252,-4.526534859521314,-0.1293141849370624,0.0302728435760482,-0.6718884594116489,0.1252209381373215,0.3164534471245984,0.2063228642615612
2011-03-31,17.74,2.8758219768814333,0.0016925250866908,0.0588882691290759,0.1693958215697177,-0.2072283324010414,-0.0681204169333252,-0.0090846154027337,0.1169272603670971,0.3011033699993809,0.2373494592071915
2011-04-30,14.75,2.691243082785829,0.0088526284641963,0.3300275860262491,0.8891928864569243,-0.5891353830851331,-0.605316801481976,0.0925106367236735,0.076274643099932,0.2172967567057377,0.2421052474613146
2011-05-31,15.45,2.7376090033437546,-0.033728936994374,-1.2170633001278408,-3.3166458072590776,-0.4997257056674529,-0.4703739359283093,-0.5011195172948545,0.085791978246091,0.2383488428244745,0.2143167509057677
2011-06-30,16.52,2.804571768092832,-0.0443991240657548,-1.55842673535056,-4.342790966994792,-0.3630566273289985,-0.2754862414340828,-0.6459540565104023,0.1003399048266485,0.2687527660785189,0.2075368828905222
2011-07-31,25.25,3.228826155721369,0.061664766539847,1.9470042401528165,6.36057287278855,0.7520097781800728,0.9592590650629036,0.8647647293099581,0.2190346702923181,0.4613821757210968,0.2782553318978462
2011-08-31,31.62,3.453789831781326,-0.0393788284196396,-1.127309679269084,-3.861356035269081,1.5656378426809645,1.613990875145088,-0.5780022605708096,0.3056424201223657,0.563525185608825,0.2107177830429623
2011-09-30,42.96,3.7602694502006098,0.1008188067774851,2.755025729303928,10.607621009268795,3.014074616847387,2.5059657878748847,1.464211361238518,0.4598232494901428,0.7026798760142428,0.3063161043397749
2011-10-31,29.96,3.3998631586490187,0.1999663003786205,6.249148308070973,22.13615980432124,1.3536091790904652,1.4570432784041112,3.0913988876505036,0.2830727396329028,0.5390401985058515,0.3824865863593206
2011-11-30,27.8,3.325036020696591,-0.097270324175799,-2.842244801419902,-9.268929503916446,1.0777164602016227,1.2392671985813188,-1.3412504269486338,0.2537049626104691,0.5050655176791204,0.1749892761623032
2011-12-31,23.4,3.152736022363656,0.0325761704346128,1.0440545350416164,3.31125827814569,0.5157127735762029,0.7378071772949749,0.4343713585006167,0.1938817131203263,0.4268340416399128,0.2581081331389833
2012-01-31,19.44,2.967332799032293,0.0020597329630107,0.0694618309045269,0.2061855670103307,0.0099094556133256,0.198211673999314,-0.0038919525731192,0.1400407885791978,0.3426531480590984,0.2375925336065933
2012-02-29,18.43,2.9139797716817317,0.0258327088076781,0.8944388303402828,2.616926503340755,-0.1190959360893277,0.0429336096362152,0.3363703868910185,0.1263086335825968,0.3184286203679872,0.2535205972067562
2012-03-31,15.5,2.740840023925201,0.0012911557636199,0.0471302329600797,0.1291989664082615,-0.4933393001376184,-0.4609704091423257,-0.0147581723454211,0.0864717878993881,0.2398158626250852,0.2370838736123691
2012-04-30,17.15,2.8419981736119486,0.0496068240759877,1.7764997046073594,5.085784313725483,-0.2825879176530863,-0.1665608421893171,0.6848355918020598,0.1089055064581916,0.2857459348244918,0.2698326461834599
2012-05-31,24.06,3.180550710546533,-0.0033195051228527,-0.1042600639472035,-0.3314001657000909,0.6000133265700158,0.8187587400530135,-0.0797691139544777,0.2028552005438477,0.439463084780773,0.2340406381656068
2012-06-30,17.08,2.837908188360424,-0.1432179328042049,-4.804155442717539,-13.343480466768154,-0.2915288853948544,-0.1784642903096553,-1.9163500662305504,0.1079537729435757,0.2838889087867602,0.1480682138862399
2012-07-31,18.93,2.9407479652212314,0.0487109280060056,1.684312039548086,4.991680532445919,-0.0552318807909845,0.1208394658868743,0.6715533795626367,0.1331067301155676,0.3305825107438406,0.2692108908589254
2012-08-31,17.47,2.8604851241459652,-0.0203973077290835,-0.7080229135143057,-2.0190689848569754,-0.2417149222621466,-0.1127566245572645,-0.3179739463331534,0.1132562882392929,0.2941397911317062,0.2228900014951811
2012-09-30,15.73,2.7555697170701863,0.0582434793309518,2.159304221938263,5.997304582210239,-0.4639618347003805,-0.4181012721168394,0.8134914810971221,0.0895989123045547,0.2465037653963328,0.2758551733619144
2012-10-31,18.6,2.923161580719156,0.0434014834175857,1.5071214945388878,4.435710275126348,-0.0973821572878908,0.0696562457354733,0.5930813473433659,0.1286199864038069,0.3225975494489952,0.2655375265894885
2012-11-30,15.87,2.7644305345383176,0.05238831216657,1.9316923510414696,5.378486055776888,-0.4460798992168446,-0.392312846352623,0.7261487739921134,0.0915023793337865,0.2505269507483514,0.2717665628034555
2012-12-31,18.02,2.8914822521801917,-0.2317633416727589,-7.420592928359726,-20.686619718309863,-0.1714644614339691,-0.022542923836134,-2.9527923081513365,0.1207341944255608,0.3082137963699889,0.0995511844282986
2013-01-31,14.28,2.658859956911438,-0.0027972046210615,-0.1050925965029647,-0.2793296089385499,-0.6491675950655758,-0.699564295082713,-0.0724196517232304,0.0698844323589394,0.2025934499127696,0.2343846747758019
2013-02-28,15.51,2.7414849771884473,0.0515987467139082,1.9182501523421491,5.295315682281054,-0.4920620190316516,-0.4590933442540759,0.7144097499297123,0.0866077498300475,0.2401086986450982,0.2712170458567249
2013-03-31,12.7,2.5416019934645457,-0.0348197651592276,-1.3514776857740496,-3.4220532319391705,-0.8509780098083402,-1.040830583039677,-0.5159971743578872,0.0484024473147518,0.1493533823181297,0.2136203110109071
2013-04-30,13.52,2.604170070614818,-0.0139554229594054,-0.5330310939508753,-1.3858497447118978,-0.7462409591190573,-0.8587331390281318,-0.2285986605865907,0.0595513256288239,0.177761931800194,0.2270737593506519
2013-05-31,16.3,2.791165107812717,0.1149496302305252,4.2952307537798,12.181693048864428,-0.3911568116602694,-0.3145048381519696,1.6863826558004174,0.0973487423521414,0.2626655761039549,0.3167161930345316
2013-06-30,16.86,2.8249439525737094,0.0,0.0,0.0,-0.3196290697261252,-0.2161952596449247,-0.0329938698871657,0.1049626104690686,0.2780025982172429,0.2362302400580484
2013-07-31,13.45,2.598979106047848,0.0044709463447669,0.1723234643932869,0.4480955937266495,-0.7551819268608254,-0.8738408652465578,0.0302522685623219,0.058599592114208,0.1754050146552701,0.2391908630799045
2013-08-31,17.01,2.8338014064077703,0.0118274589872462,0.419120063034506,1.1897679952409534,-0.300469853136622,-0.1904166233643349,0.1349350997417617,0.1070020394289599,0.2820242563373362,0.2440911843893304
2013-09-30,16.6,2.8094026953624978,0.0711466522032218,2.5982468798328995,7.373868046571808,-0.3528383784812633,-0.2614263638083253,1.007785566266432,0.1014276002719238,0.2709462110849067,0.2849502984662264
2013-10-31,13.75,2.6210388241125804,0.0072993024816114,0.2792666377503749,0.73260073260073,-0.7168634936818195,-0.8096385042637325,0.0704085469429515,0.0626784500339904,0.1854210583111619,0.2410706237287021
2013-11-30,13.7,2.617395832834079,0.0539861215581352,2.1060278160241364,5.546995377503849,-0.7232498992116538,-0.8202410260381856,0.7499329040776997,0.0619986403806933,0.1837669864152097,0.2728799247384683
2013-12-31,13.72,2.6188546222977394,0.0117303397854899,0.4499340466495249,1.179941002949847,-0.72069533699972,-0.8159953812176569,0.1335480758038194,0.0622705642420122,0.1844293384411921,0.2440262562355615
2014-01-31,18.41,2.9128939952449864,0.0627656955497872,2.2022059693417972,6.477732793522284,-0.1216504983012614,0.0397735778291896,0.8813011841896661,0.126036709721278,0.317935632009792,0.2790294219880396
2014-02-28,14.0,2.6390573296152584,-0.0028530689824064,-0.1079926474387926,-0.2849002849002802,-0.6849314660326479,-0.7571976439019024,-0.0732059208766552,0.0660774983004758,0.193602220790173,0.234347868630572
2014-03-31,13.88,2.6304489550786583,-0.0374734549327726,-1.4045931317999694,-3.678001387925045,-0.7002588393042501,-0.7822513625329557,-0.5521227974079738,0.0644459551325628,0.1896936551905654,0.2119292298808489
2014-04-30,13.41,2.596000697293587,-0.0221247962806363,-0.8450624821055408,-2.188183807439825,-0.7602910512846928,-0.8825091933473236,-0.3418435394125717,0.0580557443915703,0.1740526912928303,0.2217726389411067
2014-05-31,11.4,2.4336133554004498,-0.0148021858051352,-0.6045618301314448,-1.4693171996542742,-1.017024553584032,-1.3551195282877602,-0.2403796160015021,0.0307273963290278,0.1003219799214002,0.2265222795500518
2014-06-30,11.57,2.448415541205585,0.0271589184940408,1.1216869058524592,2.7531083481350027,-0.9953107747825954,-1.312039409420988,0.3555916779073675,0.0330387491502379,0.1070427974219595,0.254420367502428
2014-07-31,16.95,2.830267833826459,0.2402506996358417,9.276027423305845,27.156789197299315,-0.3081335397724234,-0.2007006941651787,3.800032103726187,0.1061862678450033,0.2804198651510201,0.4156585058630099
2014-08-31,11.98,2.4832385926873033,-0.0058260672493606,-0.2340665288104171,-0.5809128630705374,-0.942942249437954,-1.210690783151501,-0.1149864087097192,0.0386131883072739,0.1228539334867437,0.2323920769067541
2014-09-30,16.31,2.7917784166329223,0.0204404762947936,0.7375670789647515,2.0650813516895905,-0.3898795305543027,-0.3127198709029218,0.258480589819505,0.0974847042828007,0.2629440442103783,0.2498744880207891
2014-10-31,14.03,2.6411978941143697,-0.0343291152822802,-1.283078629433143,-3.374655647382918,-0.6810996227147473,-0.7509677685120316,-0.5093072755126762,0.0664853840924541,0.1945741274758539,0.2139334727156465
2014-11-30,13.33,2.5900171341906173,0.099294099081177,3.9865572238068743,10.439105219552602,-0.7705093001324277,-0.8999236896329558,1.4404263182331252,0.056968048946295,0.1713359009385174,0.3052026996699571
2014-12-31,19.2,2.954910279033736,0.1873340986174989,6.7688867949905696,20.603015075376874,-0.0207452909298793,0.1620573083395456,2.875004249659331,0.1367777022433718,0.3370127993358453,0.3723569094691725
2015-01-31,20.97,3.0430928449138284,0.1113659013357497,3.798645081176333,11.780383795309143,0.2053334648262553,0.4187028788047818,1.6297401425359348,0.1608429639700883,0.3770514084854171,0.3140646931501465
2015-02-28,13.34,2.590767040487478,-0.0418409654478737,-1.5893351898019437,-4.0977713874910116,-0.7692320190264609,-0.8977411705892828,-0.6113709397266549,0.0571040108769544,0.1716763900683033,0.2091557575637842
2015-03-31,15.29,2.727199019940971,0.0523609530448743,1.9575373063848376,5.3756030323914405,-0.5201622033629227,-0.5006710372008436,0.7257418516774514,0.0836165873555404,0.2336222707117471,0.2717475143112878
2015-04-30,14.55,2.6775909936175015,0.0830828339144202,3.2022575686918797,8.663181478715455,-0.6146810052044703,-0.6450496917384462,1.189764806802962,0.0735554044867437,0.2110981316506557,0.2934689518139345
2015-05-31,13.84,2.6275629501895237,0.0390473177825034,1.508482981275017,3.981968444778361,-0.7053679637281177,-0.7906507594403281,0.5290382747841232,0.0639021074099252,0.1883832870854125,0.2625395981837768
2015-06-30,18.23,2.9030685886905716,-0.0334443252034484,-1.1389129278201904,-3.2891246684350173,-0.1446415582086649,0.0111778225906825,-0.4972350654485908,0.1235893949694085,0.3134744824748286,0.2144985864746305
2015-07-31,12.12,2.494856980641168,-0.0008247423147906,-0.033046774642953,-0.0824402308326588,-0.9250603139544182,-1.176876754555864,-0.0446298384752227,0.0405166553365057,0.1281291723005636,0.2356855472542196
2015-08-31,28.43,3.3474449256629084,0.0874271574635323,2.681800029323811,9.1362763915547,1.158185169877535,1.3044858292843753,1.256539456623402,0.2622705642420122,0.5152401069356439,0.2965947484298443
2015-09-30,24.5,3.1986731175506815,-0.090847546886851,-2.761725982420138,-8.684308609765178,0.656213695232558,0.8715019942026742,-1.25873452067862,0.208837525492862,0.4476914229295541,0.1788519387336701
2015-10-31,15.07,2.712706012638404,0.030999786875796,1.1559725139907997,3.1485284052019225,-0.5482623876941936,-0.5428513263521237,0.4114029646619853,0.0806254248810333,0.2270418333089796,0.2570329567370593
2015-11-30,16.13,2.7806808921371173,0.0646625213857303,2.380783653088536,6.679894179894186,-0.4128705904617062,-0.3450179842153715,0.9098351113485604,0.0950373895309313,0.257905299404296,0.2803651272772732
2015-12-31,18.21,2.901970893739517,0.0518425940443174,1.818956502760294,5.320994794679024,-0.1471961204205985,0.0079831032706141,0.7180342102473753,0.1233174711080897,0.3129760826077788,0.2713867109291126
2016-01-31,20.2,3.005682604407159,-0.1042708132368548,-3.352809487283137,-9.901873327386268,0.1069828196668069,0.3098245260345624,-1.430586839201642,0.1503738953093134,0.360065579337797,0.1708073380188777
2016-02-29,20.55,3.022860940942244,0.0366740802317844,1.2281240907696889,3.7354871277132777,0.1516876583756473,0.3598201678679545,0.494248842077003,0.1551325628823929,0.3678652696224197,0.2609110656296151
2016-03-31,13.95,2.6354795082673745,0.0283552257551251,1.0876054488588416,2.8761061946902533,-0.6913178715624823,-0.7676104958266121,0.3729521227346106,0.0653976886471787,0.1919777387950618,0.2552330294907365
2016-04-30,15.7,2.7536607123542622,0.0310503599207225,1.1404628610542478,3.1537450722733062,-0.4677936780182813,-0.4236572184589468,0.4121392674787519,0.0891910265125764,0.2456369966317506,0.2570674239017562
2016-05-31,14.19,2.6525374911719513,0.0783997076560081,3.0456686568239633,8.155487804878048,-0.6606631250192776,-0.7179651298765648,1.1181067391160984,0.0686607749830047,0.199722783448504,0.2901145569038817
2016-06-30,15.63,2.749192144433385,-0.0626172909596776,-2.226939356966928,-6.069711538461542,-0.4767346457600491,-0.4366624894189186,-0.8896990499523202,0.0882392929979605,0.2436080780733409,0.1961269050367335
2016-07-31,11.87,2.4740142086215764,-0.0691613492903995,-2.7194878102392184,-6.682389937106925,-0.9569923416035896,-1.237537329145162,-0.9761751130250907,0.0371176070700203,0.1186656735448026,0.1920788630621677
2016-08-31,13.42,2.5967461315435356,0.0226083480275924,0.8782881853632629,2.286585365853666,-0.759013770178726,-0.8803396896998278,0.2897446186184235,0.0581917063222297,0.174391149924449,0.2513379924447307
2016-09-30,13.29,2.587011872725154,-0.0534730088812902,-2.0251208122334607,-5.206847360912981,-0.7756184245562953,-0.9086701695692488,-0.767910690503219,0.0564242012236573,0.1699713853111135,0.201827955403106
2016-10-31,17.06,2.836736542063533,0.0523427743739888,1.8798625029757376,5.373687461395904,-0.294083447606788,-0.1818742368137969,0.7254714797521532,0.1076818490822569,0.2833569318854921,0.2717348578967442
2016-11-30,13.33,2.5900171341906173,0.0327898228229908,1.2822412257694316,3.3333333333333215,-0.7705093001324277,-0.8999236896329558,0.4374871266898677,0.056968048946295,0.1713359009385174,0.2582539857595229
2016-12-31,14.04,2.641910398597665,0.0488970074838133,1.8857213638533876,5.011219147344792,-0.6798223416087805,-0.7488941032954516,0.6743111436654438,0.0666213460231135,0.1948976346026795,0.2693399849046929
2017-01-31,11.99,2.4840729690394228,0.0092166551049239,0.3724117256032278,0.92592592592593,-0.9416649683319872,-1.208262423387468,0.0976952958286779,0.0387491502379333,0.1232327755890657,0.2423479471973469
2017-02-28,12.92,2.558776498354456,0.0663978337277546,2.664034750020594,6.865177832919778,-0.8228778254770691,-0.9908460927842844,0.9359868426660344,0.051393609789259,0.1571513328740202,0.281589319294336
2017-03-31,12.37,2.5152741864043966,0.0694549253244432,2.839740713047423,7.192374350086661,-0.8931282863052467,-1.1174547433214097,0.9821687657079976,0.0439157036029911,0.1373994460028719,0.2837511471608835
2017-04-30,10.82,2.3813962734183356,0.0434440365869988,1.858208901901226,4.440154440154442,-1.0911068577301102,-1.507091549736448,0.5937086159007772,0.0228416043507817,0.0766132194022758,0.2655668897376188
2017-05-31,10.41,2.3427668826268775,0.002886004889135,0.1233398211248015,0.2890173410404539,-1.1434753830747515,-1.6195181040950395,0.0077992801050615,0.0172671651937457,0.0590738445366321,0.2381398133847658
2017-06-30,11.18,2.414126467726953,-0.0229895182246986,-0.943308334819426,-2.2727272727272707,-1.0451247379153032,-1.411833951979593,-0.3537763675533257,0.0277362338545207,0.0914741099222252,0.221214049807043
2017-07-31,10.26,2.328252839742623,-0.0029197101033346,-0.1252464174532064,-0.2915451895043719,-1.1626345996642546,-1.6617596149720466,-0.0741438112787429,0.0152277362338545,0.0524838560913768,0.2343039649238087
2017-08-31,10.59,2.359910159613315,-0.0577877404812352,-2.3901969091744357,-5.6149732620320965,-1.120484323167348,-1.5696244991866672,-0.8255153347094456,0.0197144799456152,0.0668576163054891,0.1991314170849762
2017-09-30,9.51,2.252343876557299,-0.00419727793534,-0.1860049362265581,-0.4188481675392763,-1.2584306826117693,-1.882684227061615,-0.0921119008706688,0.0050305914343983,0.01801798091987,0.2334628583992243
2017-10-31,10.18,2.3204250111223765,-0.030950246041101,-1.316261449413958,-3.0476190476190546,-1.1728528485119896,-1.6845416413476355,-0.4631479239004559,0.0141400407885791,0.0489296913028168,0.2160942439881288
2017-11-30,11.28,2.423031246069913,0.0527875046020525,2.2270918251370286,5.42056074766355,-1.0323519268556347,-1.385917582968479,0.732087376882966,0.0290958531611148,0.0955172553680284,0.2720445554978294
2017-12-31,11.04,2.401525040848949,0.0811000297265724,3.4950506626087785,8.447937131630635,-1.0630066733988397,-1.448509006254822,1.1593842943257504,0.0258327668252889,0.0857525299198767,0.2920468057847717
2018-01-31,13.54,2.605648267484129,-0.0883030092385794,-3.2778250297831435,-8.45165652467884,-0.7436863969071237,-0.854431011107516,-1.2258970052244764,0.0598232494901427,0.1784330956079806,0.1803890998413279
2018-02-28,19.85,2.988204007133199,0.0655802053998466,2.243881178308071,6.777837547068333,0.062277980957967,0.2589550086471101,0.9236592592474212,0.1456152277362338,0.3521295579967256,0.2810122512208101
2018-03-31,19.97,2.994231147427724,-0.1355948606069659,-4.332345001251681,-12.680367293397476,0.077605354229569,0.276496331512058,-1.8227554222353115,0.1472467709041468,0.3548661342364126,0.152449484656724
2018-04-30,15.93,2.768204123921957,0.0331874745899325,1.213428612876566,3.3744321868916183,-0.4384162125810434,-0.3813302332884645,0.443287995563952,0.092318150917743,0.2522403196996242,0.2585255309693399
2018-05-31,15.43,2.7363136663750693,0.0322714866703979,1.193453523492094,3.279785809906288,-0.5022802678793865,-0.474143870404076,0.4299291990340129,0.0855200543847722,0.2377607051343476,0.2579001906478527
2018-06-30,16.09,2.7781979610042917,-0.0461526957940789,-1.6340993524648573,-4.5103857566765715,-0.4179797148855735,-0.3522442796928292,-0.669609105611583,0.0944935418082936,0.2567779438076389,0.2064295633818691
2018-07-31,12.83,2.551786178627545,-0.1056722363586049,-3.976439885670069,-10.028050490883588,-0.8343733554307708,-1.0111906424823154,-1.4483960264898867,0.0501699524133242,0.1539774324937921,0.1699736698902182
2018-08-31,12.86,2.554121718809473,-0.0507877233732236,-1.9496924749394684,-4.9519586104952,-0.8305415121128703,-1.0043933120082795,-0.7319345965093691,0.0505778382053025,0.1550378663739367,0.2035120369095163
2018-09-30,12.12,2.494856980641168,-0.0236456185753475,-0.9388760838564768,-2.3368251410153196,-0.9250603139544182,-1.176876754555864,-0.3628234162385131,0.0405166553365057,0.1281291723005636,0.2207905472616882
2018-10-31,21.23,3.055415275715165,-0.0951817083997412,-3.0210689872313345,-9.079229122055676,0.2385427735813939,0.4545659459651055,-1.314475299535964,0.1643779741672331,0.3826463124860359,0.1762426500531755
2018-11-30,18.07,2.8942531046041373,-0.0390717088212366,-1.331993942246401,-3.83182543906333,-0.1650780559041347,-0.0144786653977317,-0.5738341852710908,0.1214140040788579,0.3094718803926783,0.2109128953453368
2018-12-31,25.42,3.2355362657613083,-0.1087379685012259,-3.2514668619932796,-10.303458009880018,0.7737235569815096,0.9787880955679404,-1.487268227690561,0.2213460231135282,0.4644288490692626,0.1681540183414228
2019-01-31,16.57,2.8075938314384716,-0.0637083637373421,-2.2187968875021613,-6.172140430351069,-0.3566702217991641,-0.266690861490406,-0.90415630409266,0.1010197144799456,0.2701249104691214,0.1954501446764959
2019-02-28,14.78,2.6932749155200555,0.0054274217353649,0.2019244673633791,0.5442176870748217,-0.5853035397672327,-0.5994033778254838,0.0438193540437776,0.0766825288919102,0.2182192945780607,0.2398259536419625
2019-03-31,13.71,2.6181254935742233,-0.0511838792115559,-1.9174952043171656,-4.989604989604979,-0.7219726181056868,-0.8181174294402479,-0.7372481682976949,0.0621346023113528,0.1840982832072099,0.2032633026254878
2019-04-30,13.12,2.574137783515943,0.0007624857403345,0.0296297916978494,0.0762776506483486,-0.7973322033577319,-0.9461387772962117,-0.0222277143590886,0.0541128484024472,0.1641260050949695,0.236734215932224
2019-05-31,18.71,2.9290581402859983,0.0783516387822649,2.748498968271007,8.15028901734105,-0.0833320651222554,0.0868175278858738,1.1173729598936788,0.1301155676410605,0.3252748365234608,0.2900802078714805
2019-06-30,15.08,2.71336936257981,-0.0479055997596979,-1.7349087075019032,-4.677623261694064,-0.5469851065882267,-0.5409207199739684,-0.6932137260192891,0.0807613868116927,0.2273430221978294,0.2053246044971927
2019-07-31,16.12,2.7800607370784824,0.1452983317461047,5.514665438220989,15.63845050215209,-0.4141478715676728,-0.3468228766814932,2.1742842632647794,0.0949014276002719,0.2576237228164864,0.3395554171653969
2019-08-31,18.98,2.9433857931817817,0.0597030234364135,2.070374177867196,6.152125279642062,-0.0488454752611501,0.1285165713891698,0.8353435399026649,0.1337865397688647,0.3317801960420877,0.2768780928627834
2019-09-30,16.24,2.787477334733532,-0.0585941642660525,-2.0587734456653295,-5.691056910569103,-0.3988204982960708,-0.3252376923869065,-0.8362541079455179,0.0965329707681848,0.2609911713792096,0.1986287230067504
2019-10-31,13.22,2.5817308344235403,0.0696955172472875,2.7744640678711185,7.21816707218168,-0.784559392298063,-0.924040045394923,0.9858092613867072,0.0554724677090414,0.1675735708865509,0.2839215628665943
2019-11-30,12.62,2.5352828571130672,0.0714296165228991,2.8991019167111443,7.404255319148922,-0.8611962586560751,-1.0592217280192646,1.0120745565520337,0.0473147518694765,0.1464842275366309,0.2851510709353663
2019-12-31,13.78,2.6232182655855123,-0.0727593542824287,-2.698811508902388,-7.017543859649134,-0.7130316503639189,-0.8032954817565763,-1.023480178470399,0.0630863358259687,0.18641061678486,0.1898644596338913
2020-01-31,18.84,2.935982269148217,0.1957876147194399,7.145025788697268,21.62685603615235,-0.0667274107446863,0.1069694364188522,3.0195135643279425,0.1318830727396329,0.3284186834556608,0.3791215533568343
2020-02-29,40.11,3.6916256797819615,0.0239698621196517,0.653547205935201,2.425944841675176,2.650049501646831,2.3061857129569723,0.3094144141385106,0.4210740992522094,0.6715127051918109,0.2522587577417058
2020-03-31,53.54,3.9804290380922063,-0.0640247545164292,-1.5830259856951856,-6.201822004204627,4.365438026960327,3.146715832556745,-0.908345689026639,0.6036709721278042,0.8026416269810793,0.1952540348461248
2020-04-30,34.15,3.530762586016799,0.0893834147218117,2.5973137591861706,9.34998398975344,1.8887899624905804,1.8380115330141855,1.2867030657563905,0.3400407885791978,0.5984740668444968,0.2980067409690049
2020-05-31,27.51,3.3145495749364833,-0.0385074313977371,-1.1484275789225509,-3.777544596012583,1.0406753081285838,1.2087475621044754,-0.5661727537310237,0.249762066621346,0.5003042284269108,0.2112715355904802
2020-06-30,30.43,3.4154289639088797,-0.0434081971996902,-1.2549939525276057,-4.247954688483324,1.4136413910709076,1.502345826938477,-0.6325684564626824,0.2894629503738953,0.5461077314890194,0.2081634779148854
2020-07-31,24.46,3.1970391302590264,-0.0121903175573692,-0.3798518540225837,-1.2116316639741551,0.6511045708086907,0.8667464555492629,-0.2040087717124212,0.2082936777702243,0.4469495236904811,0.228224839762682
2020-08-31,26.41,3.273742726309041,0.139989154857675,4.467139858506508,15.02613240418118,0.9001743864722288,1.089983758393896,2.087859054578127,0.2348062542488103,0.4817761957425187,0.3355097557419603
2020-09-30,26.37,3.272227000365195,0.0037993966677469,0.1162453977395339,0.3806623524933439,0.8950652620483615,1.0855724062672625,0.0207344510009624,0.2342624065261727,0.4810879921499172,0.2387453233128799
2020-10-31,38.02,3.6381123370602833,0.0113742794841966,0.3136228562312659,1.143921255653102,2.383097750499757,2.150441068499906,0.1284640938224317,0.3926580557443916,0.6472153875515668,0.243788269309153
2020-11-30,20.57,3.0238337036648657,-0.0130405132203006,-0.4294057734691381,-1.2955854126679434,0.1542422205875809,0.3626512858036029,-0.2158583647179706,0.1554044867437117,0.3683069449814617,0.2276701469591067
2020-12-31,22.75,3.1245651453969594,-0.0008787346786887,-0.0281155161444557,-0.0878348704435594,0.432689501688357,0.6558189666156122,-0.0453912611013158,0.1850441876274643,0.414043273748174,0.2356499042029371
2021-01-31,33.09,3.499231121933521,0.0910581265349406,2.671757761647653,9.533267130089374,1.7533981652580934,1.7462427065291328,1.3125724361126965,0.3256288239292998,0.5841574504731746,0.2992177153512428
2021-02-28,27.95,3.3304171996011083,-0.0330783148770357,-0.9834505422900208,-3.2537210107303594,1.0968756767911256,1.2549285225169722,-0.4922380410007829,0.2557443915703603,0.5075088001666683,0.2147325028208873
2021-03-31,19.4,2.9652730660692823,-0.0107665741389726,-0.3617752261599327,-1.0708822029576792,0.0048003311894578,0.1922170498236379,-0.1841427877064076,0.1394969408565601,0.3417179423045889,0.229154788863796
2021-04-30,18.61,2.9236990706541595,0.0552321481460449,1.9254936395693756,5.678591709256109,-0.0961048761819242,0.071220550534405,0.7685069760703054,0.1287559483344663,0.322841592579456,0.2737493979821959
2021-05-31,16.76,2.818995095053937,0.0011940299926078,0.04237453124043,0.1194743130227271,-0.3324018807857936,-0.2335087491826919,-0.0161307517302789,0.1036029911624745,0.2753015656634324,0.2370196216244097
2021-06-30,15.83,2.761906873892921,-0.0119310677472923,-0.4301285078045058,-1.1860174781523014,-0.451189023640712,-0.3996576805557827,-0.2003934754108287,0.0909585316111488,0.2493811022328457,0.2283940758571493
2021-07-31,18.24,2.9036169846461855,0.030052345066402,1.0458210910751164,3.050847457627115,-0.1433642771026982,0.0127738681521229,0.3976158557935099,0.1237253569000679,0.3137234773992435,0.2563875666322793
2021-08-31,16.48,2.8021475244813256,0.0177537567917815,0.6376165971134773,1.791229153798635,-0.3681657517528658,-0.2825417333945663,0.2198279133259405,0.0997960571040108,0.2676520570951078,0.248065112670947
2021-09-30,23.14,3.1415627217655304,0.0253842951356721,0.8145969729700386,2.5709219858156107,0.4825034648210647,0.7052885260472364,0.3298771115153359,0.1903467029231815,0.4217608912831028,0.2532166396682283
2021-10-31,16.26,2.7887081041196646,-0.0164688077132684,-0.587086242004875,-1.6333938294010864,-0.3962659360841367,-0.3216556746936964,-0.2635380968849865,0.0968048946295037,0.261549992659956,0.2254382049593222
2021-11-30,27.19,3.3028492586443794,0.1690956871930136,5.395947171260773,18.42334494773519,0.9998023127376442,1.1746950901737556,2.5673562375007153,0.2454112848402447,0.494991790687427,0.3579555592878882
2021-12-31,17.22,2.846071498999585,-0.0063676047279299,-0.2232336781391342,-0.6347374495095148,-0.2736469499113182,-0.1547058807537215,-0.1225834422301663,0.1098572399728076,0.287595396580417,0.2320364512054883
2022-01-31,24.83,3.2120525995200753,-0.1079347267165369,-3.251058396023665,-10.23138105567607,0.6983639717294643,0.9104414914637716,-1.4770949765173282,0.2133242692046227,0.453766272803221,0.1686302396945201
2022-02-28,30.15,3.4061849231731944,0.0887315349439998,2.674688218946253,9.27872417542588,1.3778775201038354,1.4754420723886288,1.276645149218173,0.2856560163154316,0.5419105465887513,0.2975359185601596
2022-03-31,20.56,3.0233474405869645,0.0616891473667249,2.0829258901319703,6.363166063114334,0.1529649394816139,0.3612360710865143,0.8651307433405946,0.1552685248130523,0.3680861610076042,0.2782724654271333
2022-04-30,33.4,3.5085558999826545,0.1076919072217368,3.1666043526283216,11.370456818939644,1.7929938795430655,1.7733814380686042,1.5718812868260947,0.3298436437797417,0.5883912935235507,0.3113562549050256
2022-05-31,26.19,3.2653776585196206,-0.013275370384441,-0.4049031802818903,-1.3187641296156682,0.872074202140958,1.0656381570454918,-0.2191299084726534,0.2318150917743032,0.4779781016817755,0.2275170023087838
2022-06-30,28.71,3.357245494132973,0.0193429628431309,0.5794945377166627,1.953125,1.1939490408446074,1.3330092960352,0.2426785890446908,0.2660774983004759,0.5196899789313181,0.2491347785550061
2022-07-31,21.33,3.0601145324832593,-0.0458165333688072,-1.4751304004307686,-4.478280340349306,0.2513155846410623,0.4682426112103665,-0.6650776091308312,0.1657375934738273,0.3847799735238317,0.2066416878393186
2022-08-31,25.87,3.2530839961979376,-0.0130570211373775,-0.3997690567576928,-1.297214803510105,0.8312012067500183,1.0298588173521388,-0.2160883439461408,0.2274643099932019,0.472396259785907,0.22765938137224
2022-09-30,31.62,3.453789831781326,-0.006933529194856,-0.2003491314284122,-0.6909547738693456,1.5656378426809645,1.613990875145088,-0.1305181970670786,0.3056424201223657,0.563525185608825,0.2316650163887729
2022-10-31,25.88,3.2534704696327,0.0050358425229548,0.1550236683517836,0.5048543689320395,0.8324784878559849,1.030983605388689,0.0382634460992591,0.2276002719238613,0.4725717350473343,0.2395658753293397
2022-11-30,20.58,3.0243197304059035,-0.061710181128868,-1.9996624432644496,-5.984467793513026,0.1555195016935475,0.364065812688482,-0.8776673813297193,0.1555404486743711,0.3685276216484019,0.1966901210051498
2022-12-31,21.67,3.075928815548268,0.0106704793456664,0.3481102789817614,1.0727611940298587,0.294743142243936,0.514268326817652,0.1184202568097357,0.1703602991162474,0.3919603259245721,0.2433181059787655
2023-01-31,19.4,2.9652730660692823,-0.0274546984644099,-0.9173804176166978,-2.70812437311937,0.0048003311894578,0.1922170498236379,-0.4152301860630935,0.1394969408565601,0.3417179423045889,0.2183373273015845
2023-02-28,20.7,3.0301337002713233,-0.0120049460968232,-0.3946219253075589,-1.19331742243437,0.17084687496515,0.3809867266796592,-0.201423820929064,0.1571719918422841,0.3711674095103866,0.2283458442221983
2023-03-31,18.7,2.928523523860541,-0.0169675332567034,-0.5760510871592905,-1.682439537329128,-0.0846093462282224,0.085261586117541,-0.2704606189481299,0.129979605710401,0.3250320980876918,0.2251141538995754
2023-04-30,15.78,2.7587433154177283,-0.0762331792568686,-2.6890233270035924,-7.3399882560188034,-0.4575754291705464,-0.4088648663692455,-1.0689913667538038,0.0902787219578517,0.247944713077621,0.187734029617338
2023-05-31,17.94,2.88703285663065,0.027120306219194,0.9482914509149064,2.749140893470803,-0.1816827102817038,-0.0354923957373072,0.3550316943000814,0.1196464989802855,0.3061935828778777,0.254394154038646
2023-06-30,13.59,2.6093342281630525,0.0036859606789234,0.1414604083337156,0.3692762186115361,-0.7372999913772893,-0.8437034316623786,0.0191273631162006,0.0605030591434398,0.1801066774264636,0.2386700937177392
2023-07-31,13.63,2.612273245708441,0.0222561115178239,0.8593036402741339,2.2505626406601698,-0.7321908669534217,-0.835149747302941,0.2846602163238864,0.0610469068660775,0.1814411155164548,0.25109998584299
2023-08-31,13.57,2.6078614738467776,-0.0225874812318807,-0.8586930070728305,-2.2334293948126804,-0.7398545535892229,-0.8479897196364604,-0.34822969612394,0.060231135282121,0.1794379847676125,0.2214736957479826
2023-09-30,17.52,2.8633430855082453,0.0103271141558494,0.3619718311970832,1.038062283737018,-0.2353285167323122,-0.1044388452222047,0.1135227034413218,0.11393609789259,0.2954374262912966,0.2430888459858432
2023-10-31,18.14,2.8981194446869907,-0.08503404666014,-2.8504750729986927,-8.151898734177209,-0.1561370881623666,-0.0032261117180647,-1.183587902022395,0.1223657375934738,0.3112273620785615,0.182369636646341
2023-11-30,12.92,2.558776498354456,-0.0046332129214881,-0.1807441432833623,-0.4622496147919874,-0.8228778254770691,-0.9908460927842844,-0.0982377677175711,0.051393609789259,0.1571513328740202,0.2331760996680134
2023-12-31,12.45,2.5217206229107165,-0.0016051367812286,-0.0636119524030309,-0.1603849238171695,-0.8829100374575117,-1.0986931053704108,-0.0556312875251958,0.0450033990482664,0.1403264004309732,0.2351705570250985
2024-01-31,14.35,2.66374994220563,0.0752343097986099,2.9064653447215427,7.813673929376397,-0.6402266273238078,-0.6853325356315194,1.069861659279136,0.0708361658735554,0.2048137097565071,0.2878561503424966
2024-02-29,13.4,2.5952547069568657,-0.032308243232658,-1.2295896937627226,-3.1791907514450823,-0.7615683323906596,-0.8846803154236501,-0.4817185198016783,0.0579197824609109,0.1737139801743315,0.2152249334641565
2024-03-31,13.01,2.565718292524414,0.0178368435750253,0.7000656793659132,1.7996870109546093,-0.8113822955233673,-0.9706427713338328,0.2210216916450353,0.0526172671651937,0.1603032006019979,0.2481209947795017
2024-04-30,15.65,2.750470916986162,0.0646663248312715,2.407707731983133,6.6802999318336775,-0.4741800835481154,-0.432940763837141,0.9098923809216168,0.0885112168592794,0.2441886948190756,0.2803678081305333
2024-05-31,12.92,2.558776498354456,-0.1133010422889366,-4.24018541998058,-10.711817553559088,-0.8228778254770691,-0.9908460927842844,-1.544905849212123,0.051393609789259,0.1571513328740202,0.1654559363179954
2024-06-30,12.44,2.520917087311034,0.0162078102268532,0.6470934720903543,1.6339869281045694,-0.8841873185634785,-1.101031706547544,0.19763406961138,0.044867437117607,0.1399615613327639,0.247026193833281
2024-07-31,16.36,2.794839331174601,-0.0781601769970929,-2.7205078446683184,-7.518371961560211,-0.3834931250244683,-0.3038114188653307,-1.0941692098206717,0.0981645139360978,0.2643338286847967,0.1865554264068988
2024-08-31,15.0,2.70805020110221,-0.042420715883952,-1.5423073780556296,-4.153354632587858,-0.5572033554359616,-0.5564015490719966,-0.6192161978904999,0.0796736913664174,0.2249278982413018,0.2087885121872015
2024-09-30,16.73,2.8172035149987327,-0.0136541153650244,-0.4823314043973958,-1.3561320754717054,-0.3362337241036943,-0.2387229440829315,-0.224404180994569,0.1031951053704962,0.274488112654047,0.2272701076677079
2024-10-31,23.16,3.1424266527047946,0.1293457408161904,4.2928067515822566,13.80835380835379,0.4850580270329984,0.7078029011568415,1.9159765483656108,0.1906186267845003,0.4221531524161759,0.3274637419073999
2024-11-30,13.51,2.6034301519721073,-0.0284586881645387,-1.081302816841656,-2.8057553956834624,-0.7475182402250242,-0.8608865901129475,-0.4290102483009304,0.0594153636981645,0.1774259774872037,0.2176922670575266
2024-12-31,17.35,2.8535925063928684,-0.0028776998276147,-0.1007432117215212,-0.2873563218390607,-0.2570422955337487,-0.1328168235046133,-0.0735525764886314,0.11162474507138,0.2910102515738655,0.23433164129068
2025-01-31,16.43,2.799108932049177,0.0365705456628973,1.3238022625537529,3.7247474747474696,-0.3745521572827002,-0.2913852194099377,0.4927330012879296,0.0991162474507137,0.2662724078011524,0.2608401074138627
2025-02-28,19.63,2.9770590082883697,-0.0736348233395958,-2.4137074188235186,-7.0989115002366265,0.0341777966266957,0.22651872651108,-1.0349647570602167,0.1426240652617267,0.3470692578311879,0.189326853566503
2025-03-31,22.28,3.1036894150590832,0.0286839606105844,0.9328100725508826,2.90993071593535,0.3726572897079146,0.5950624704990461,0.3777262610738508,0.1786539768864718,0.4045648105239736,0.2554565122870494
2025-04-30,24.7,3.2068032436339315,0.02169104891854,0.6810136532875877,2.1928009929664816,0.6817593173518952,0.8951638237918386,0.276507489052629,0.2115567641060503,0.4513828435333344,0.2507183474909588
2025-05-31,18.57,2.9215473753646144,-0.0323206940906777,-1.09418204641204,-3.1803962460896784,-0.1012140006057915,0.0649582802144015,-0.4818886684982056,0.1282121006118287,0.3218646320448282,0.2152169686119074
2025-06-30,16.73,2.8172035149987327,0.0248121654627717,0.8885633264440251,2.5122549019607865,-0.3362337241036943,-0.2387229440829315,0.32159658709185,0.1031951053704962,0.274488112654047,0.2528290189874686
2025-07-31,16.72,2.8166056076565553,0.0770567394949743,2.8127528729460005,8.010335917312661,-0.3375110052096614,-0.2404630870396143,1.097619377701058,0.1030591434398368,0.2742166374691034,0.289155520425933
2025-08-31,15.36,2.731766727719526,0.0624573549337466,2.3398320018845897,6.444906444906451,-0.5112212356211546,-0.4873772306887967,0.8766679322264374,0.0845683208701563,0.2356962029525452,0.2788125342417726
2025-09-30,16.28,2.7899373605743945,0.009876623495912,0.3552664646561343,0.992555831265518,-0.393711373872203,-0.3180780602194114,0.1070997271084788,0.0970768184908225,0.2621081270059496,0.2427881792247407
2025-10-31,17.44,2.8587664184808337,0.0308612555703446,1.0913115466213874,3.134240094618579,-0.2455467655800469,-0.1177587266336467,0.4093862510811892,0.1128484024473147,0.2933594261731391,0.2569385521014219
2025-11-30,19.83,2.9871959425317045,-0.0085363310222863,-0.2849497299089121,-0.8500000000000063,0.0597234187460328,0.2560211485112157,-0.1529665240143105,0.145343303874915,0.3516718540937607,0.2306141849041723
