regime,variable,horizon,coefficient,intercept,r_squared,t_statistic,p_value,se_coef,n_observations,regime_name
0,gdp,1,-0.001241029682161719,0.0004955478849559989,0.0010473988755032027,-0.34512469118487044,0.7305338235276997,0.0035958878453496265,138,Regime 0
0,gdp,3,0.0050912994397310715,0.004790455752017536,0.013753731997587004,1.4682530654684285,0.14434457414175994,0.0034675898586370418,138,Regime 0
0,gdp,6,0.00512941527482888,0.004469721394433069,0.01270200514598252,1.4797936249463974,0.14124106319878993,0.0034663044821636414,138,Regime 0
0,gdp,12,0.0029459209398583677,0.004767439952811094,0.011504142473751866,0.8421155457815837,0.4012237402469816,0.00349823840043732,136,Regime 0
0,real_gdp,1,-0.0008880601378230775,0.00047852495100736257,0.0005621311323257272,-0.24690550850550455,0.8053536700431767,0.003596761138293028,138,Regime 0
0,real_gdp,3,0.004438064039377099,0.004802826563716548,0.008415398532608087,1.2764201160889008,0.20398240386490785,0.0034769618430770598,138,Regime 0
0,real_gdp,6,0.004849742417131346,0.00445482252601705,0.007548092048739741,1.3954727361450616,0.16514767914320982,0.0034753401421002087,138,Regime 0
0,real_gdp,12,0.002763094355299865,0.004770459159003065,0.008221339928258797,0.7885447779223248,0.4317709548840165,0.0035040424242997674,136,Regime 0
0,unemployment,1,0.004382818901883711,0.004090810715548804,0.004702221952328833,2.124521846404117,0.034218512503858545,0.0020629672080340806,416,Regime 0
0,unemployment,3,0.004578356931223568,0.006619490604071179,0.005608052539577302,2.2145783016488583,0.027334264483072745,0.002067371890989253,415,Regime 0
0,unemployment,6,0.004456531735235707,0.005541998197363663,0.009233569032594535,2.151741045786555,0.032001132481511485,0.002071128281891677,412,Regime 0
0,unemployment,12,0.001980132392466326,0.006783659864730485,0.0017734395576884943,0.9483931869608446,0.3434962740261893,0.0020878812919478277,406,Regime 0
0,industrial_production,1,-0.0019005137555050094,0.0043390112227705835,-0.000731270845778953,-0.9187481433387483,0.35876228010881706,0.0020685905808729105,416,Regime 0
0,industrial_production,3,-0.0011095279963149467,0.006816763837093146,0.00016630408467910307,-0.5352227595246896,0.5927838939519166,0.0020730209554247567,415,Regime 0
0,industrial_production,6,-0.0009232852495627064,0.005717793943679956,0.001075143575741233,-0.4439643826741181,0.6573025525227076,0.002079638109709406,412,Regime 0
0,industrial_production,12,0.00030092325670440104,0.006807467302621474,-0.0010868137001587286,0.14392248218664908,0.8856334446369465,0.002090870391702542,406,Regime 0
0,retail_sales,1,0.0007661601979972782,0.004096634282427178,-0.0007290384470466371,0.36482160168123656,0.7154364233747215,0.0021000954835638046,404,Regime 0
0,retail_sales,3,0.0004836900077575531,0.0066979889358431445,-8.067085776941596e-05,0.22995329250629015,0.8182453189368282,0.0021034271894337943,403,Regime 0
0,retail_sales,6,0.0019899025325837445,0.005353555802290237,9.709264011537044e-05,0.9401839522618007,0.3476934688078661,0.0021165034010595858,400,Regime 0
0,retail_sales,12,0.002201898965197351,0.006975497315362364,-0.000255769172046838,1.025692821114199,0.30566890986424156,0.0021467430792831838,394,Regime 0
0,tot_business_inventories,1,0.00042758944123500874,0.004084454954580598,-0.0009813440771930804,0.20310078686826366,0.8391592728118027,0.0021053066697981535,403,Regime 0
0,tot_business_inventories,3,0.0008090753758901298,0.00668663036614731,0.0003454004084666451,0.3847282107154643,0.7006427510827877,0.0021029790729032408,403,Regime 0
0,tot_business_inventories,6,0.0023369663834754565,0.0053449444946888705,0.0009495684952890437,1.1046347575814048,0.2699852375086844,0.0021156009870558832,400,Regime 0
0,tot_business_inventories,12,0.0024391848743136545,0.006972461173341161,0.0008485130867642576,1.13685351714987,0.25629399273443965,0.0021455577499806425,394,Regime 0
0,cpi,1,0.000749906543532286,0.0041392593608380514,-0.0005601692714178874,0.3632968701468775,0.7165681126111916,0.002064170118584027,417,Regime 0
0,cpi,3,0.0010150600233106175,0.006691725183618644,0.0005474257699702445,0.48974591349274665,0.6245737393525004,0.0020726258154385824,415,Regime 0
0,cpi,6,0.00233543789527273,0.005528470544530054,0.0011763446287775814,1.1230589567177263,0.2620696421624067,0.0020795327629978804,412,Regime 0
0,cpi,12,0.0029708973971481916,0.00665813422640809,0.0010601026285810278,1.4224163362393036,0.15567704421973727,0.0020886271631292454,406,Regime 0
0,PCE_price_index,1,0.0009439573470873328,0.004166211124126899,-0.00024459548734734327,0.45643974796702447,0.6483131504324531,0.002068087521500273,416,Regime 0
0,PCE_price_index,3,0.001092710324275201,0.006689189972285554,0.000689126756959979,0.5272479894070237,0.5983044874758789,0.00207247888323696,415,Regime 0
0,PCE_price_index,6,0.0024322229069135737,0.005525775642969871,0.0013157157447282186,1.169682275932132,0.24280836757240243,0.0020793876738666576,412,Regime 0
0,PCE_price_index,12,0.002995461134643059,0.00665976878114828,0.0011041676561042157,1.4342086789286035,0.15228627680745288,0.0020885810960792383,406,Regime 0
0,PPI_inflation,1,-0.0004816922879236543,0.004229076747050566,-0.00183961764827556,-0.23273129431899417,0.816085079303174,0.0020697357840644354,416,Regime 0
0,PPI_inflation,3,0.0004047380926891651,0.006720295181020116,-0.0003434440843737008,0.19519096353351398,0.8453394417407412,0.0020735493352881176,415,Regime 0
0,PPI_inflation,6,0.0018552446188596725,0.005555303818619345,0.0002938785174110281,0.8917510871596838,0.37304940338587644,0.002080451199413518,412,Regime 0
0,PPI_inflation,12,0.0030664221590677885,0.006657847437465521,0.0017827431624104495,1.4686833301900746,0.14269688345833176,0.002087871562259059,406,Regime 0
0,nat_fin_condition_indx,1,-0.0042892575480880804,0.004227716561174809,0.0012343115291052476,-2.0798232817531614,0.03815498980971599,0.0020623182679600084,417,Regime 0
0,nat_fin_condition_indx,3,0.0006813000505416118,0.006730342640779817,-0.0016013186001944124,0.32836069758584785,0.7428053714760234,0.002074852610408681,415,Regime 0
0,nat_fin_condition_indx,6,-0.0010176556963828161,0.005663495767132432,-0.00025125099672873574,-0.48901812812182,0.6250903497744738,0.002081018346480003,412,Regime 0
0,nat_fin_condition_indx,12,0.00125810966539853,0.006814279179164019,-0.0009153526739973383,0.6017672953455612,0.5476665880987421,0.0020906913272448085,406,Regime 0
0,10y_2y_spread,1,0.0004532918642714229,0.0041520290610200985,-0.0016667245859895985,0.21947872031337656,0.8263850641910009,0.002065311222993294,417,Regime 0
0,10y_2y_spread,3,0.00022446855487332415,0.006729590651754771,-0.0008222985845041109,0.10822739777526974,0.9138678714538981,0.002074045569675665,415,Regime 0
0,10y_2y_spread,6,0.000994150584912294,0.005609884108264226,-0.0011388314603402172,0.4775113090326366,0.6332525242208646,0.0020819414453791428,412,Regime 0
0,10y_2y_spread,12,0.0009457972792304988,0.0067908747258918715,0.00026357103033691764,0.45265159949296974,0.6510426106056446,0.0020894597087250284,406,Regime 0
0,fedfunds,1,-0.0007310064933092077,0.004111159422736602,-0.0011216906983111397,-0.3540412924427595,0.7234877456128253,0.0020647492507597683,417,Regime 0
0,fedfunds,3,-0.0025482800812575094,0.00653096775693376,-0.000375397889829987,-1.2289263338089447,0.21979917743937194,0.0020735824525456694,415,Regime 0
0,fedfunds,6,-0.003214721117443727,0.005392299501375506,0.0011320331309944143,-1.5458519666431496,0.1229118120342052,0.00207957889035427,412,Regime 0
0,fedfunds,12,-0.0039100406783715526,0.006515040890678054,0.0060611649084590935,-1.8767663305047637,0.061270649366503394,0.002083392383387404,406,Regime 0
0,fed_reserve_discount_rate,1,-0.0021766835273754185,0.004413234881953795,0.0013769209342496813,-1.0012987261090691,0.3173439360856858,0.002173860278274555,368,Regime 0
0,fed_reserve_discount_rate,3,-0.0037945878537678462,0.007131850506422217,0.002579879992767542,-1.7447244795601216,0.0818722043066702,0.0021748923100594853,368,Regime 0
0,fed_reserve_discount_rate,6,-0.004197186112242885,0.0053771885118997186,0.006158274535588926,-1.9327755482496918,0.054035040386354094,0.002171584856836495,368,Regime 0
0,fed_reserve_discount_rate,12,-0.00505890638307865,0.005828370727590235,0.00998275019990802,-2.2954820096976105,0.02227041302037147,0.0022038536401969328,368,Regime 0
0,10y_treasury_const_maturity_rate,1,-0.002327852176366801,0.003956981934563346,0.0009920162878659378,-1.1286181680183365,0.25971094821657337,0.002062568406509101,417,Regime 0
0,10y_treasury_const_maturity_rate,3,-0.003054789817407221,0.006457555173399475,0.0014658083964390611,-1.4745518770860733,0.14109491437030575,0.0020716733435272045,415,Regime 0
0,10y_treasury_const_maturity_rate,6,-0.0020342950055409494,0.005463548088433444,0.0007975627105960559,-0.9780607550753702,0.3286210163026517,0.0020799270341689408,412,Regime 0
0,10y_treasury_const_maturity_rate,12,-0.0032539407095763685,0.00653000724606415,0.0008577219649205103,-1.5577749826874958,0.12006958564429882,0.0020888387255793665,406,Regime 0
0,m2_real_money_supply,1,0.0015714005538019391,0.004108161299757093,0.00092917064438236,0.761841946334082,0.4465870747142684,0.0020626332815663192,417,Regime 0
0,m2_real_money_supply,3,0.0016481849814097519,0.006668439547305672,0.0016637290235086422,0.7956603560017959,0.42668653486244157,0.0020714680189571136,415,Regime 0
0,m2_real_money_supply,6,0.002513331245039934,0.005533082093199498,0.0017605391626652755,1.2089574226246746,0.2273759229904364,0.002078924532828818,412,Regime 0
0,m2_real_money_supply,12,0.0027978925221443843,0.006689671108511618,0.0002903813083663387,1.3390686727491772,0.1813012317323104,0.002089431691654892,406,Regime 0
1,gdp,1,-0.0029448888933821258,0.0005184132831953581,0.0012768971867972434,-0.8190542520158661,0.4141884111601206,0.0035954747638927823,138,Regime 1
1,gdp,3,0.006356494680874132,0.0030331216795122466,0.011356818208434927,1.8308925705901955,0.06930544676387762,0.003471801012784213,138,Regime 1
1,gdp,6,0.004330410574323162,0.0053477522904634405,0.011869779362636557,1.2487612173852742,0.21389769640825618,0.0034677651051579074,138,Regime 1
1,gdp,12,0.007170172644760665,0.006490481630933325,0.007541172516884909,2.0455560659011636,0.04275677455598226,0.003505243764414674,136,Regime 1
1,real_gdp,1,-0.0034495684969547452,0.00048749301445307706,0.0006165696204804005,-0.9591024579095839,0.33920910914466096,0.0035966631807755637,138,Regime 1
1,real_gdp,3,0.005511696790594014,0.0031804342891629677,0.0061351163892768845,1.5833852957007095,0.11565637186931332,0.0034809574179826357,138,Regime 1
1,real_gdp,6,0.00312704978780139,0.005474264281759656,0.0069300321197641734,0.8995023257749034,0.36997506521658385,0.003476422126099005,138,Regime 1
1,real_gdp,12,0.006344422381002803,0.006618614609870545,0.0025660826972113693,1.8054607293514395,0.07324759609999965,0.003514018487282111,136,Regime 1
1,unemployment,1,0.0024437771848154965,0.006308986344360256,0.006020102163322383,1.1853783687651251,0.2365478244819248,0.0020616009615236322,416,Regime 1
1,unemployment,3,0.0018117368896069113,0.004609815281159193,0.004515912201194627,0.8758669890407312,0.3816114654319893,0.002068506876359349,415,Regime 1
1,unemployment,6,0.003002695497749975,0.0070703188867588035,0.007644795244400426,1.448626279481625,0.1482063108053786,0.0020727882272192776,412,Regime 1
1,unemployment,12,0.002025882737018989,0.006943664241913105,0.0015684699226982124,0.9702059143756342,0.3325243485131799,0.002088095637226376,406,Regime 1
1,industrial_production,1,-0.0011670849115653487,0.006169112899478489,0.0006614432944693771,-0.5645862864140101,0.5726609579484463,0.002067150654646839,416,Regime 1
1,industrial_production,3,-0.0009020581536387134,0.004506217257368165,-4.025318380662668e-05,-0.4350968989885377,0.6637193676072646,0.002073235078750762,415,Regime 1
1,industrial_production,6,-0.0022211697946516395,0.006890823800773199,0.00019104128530100795,-1.0675835900599255,0.2863365808954834,0.002080558202029839,412,Regime 1
1,industrial_production,12,-0.00017832857143355318,0.006848131538008106,-0.0005434900841507773,-0.08531231027855597,0.9320553664316311,0.0020903029217153634,406,Regime 1
1,retail_sales,1,0.001402911320410129,0.006216236802417064,0.0008947000364749602,0.668565248153319,0.5041565555712804,0.0020983910310701727,404,Regime 1
1,retail_sales,3,0.0018016987335923735,0.004383327353220763,-0.0007192742963753052,0.8562805401039081,0.3923540070783669,0.0021040986560009185,403,Regime 1
1,retail_sales,6,0.0002336451008867759,0.006898716146822345,-0.0004947205490843931,0.11035937273162934,0.9121799985292285,0.0021171296565353935,400,Regime 1
1,retail_sales,12,0.0023877252349898464,0.006772848770075861,-0.0002115077813376054,1.112279381866377,0.26669970214286476,0.0021466955819888552,394,Regime 1
1,tot_business_inventories,1,0.0014327424979216161,0.006161872638718716,0.0008671500203307758,0.6811678618412927,0.49615844372999485,0.0021033618556940007,403,Regime 1
1,tot_business_inventories,3,0.0021720938317405605,0.004351906853588208,-0.0004422466366595934,1.0324585003497293,0.3024796554357516,0.0021038073985586805,403,Regime 1
1,tot_business_inventories,6,0.0008384099716208856,0.0068602124909440294,0.00037731382295580485,0.3961852730420539,0.6921806670892656,0.002116206806939769,400,Regime 1
1,tot_business_inventories,12,0.003051153587739305,0.006728275549189371,0.0005164498855664279,1.421843199506169,0.15586690161022876,0.0021459142532728108,394,Regime 1
1,cpi,1,0.001415736279969384,0.00599739443397443,0.0010390217148165126,0.6864109735036145,0.49283731338293757,0.0020625198818473274,417,Regime 1
1,cpi,3,0.0020514969793656132,0.004396791705893988,-1.5607073269308103e-06,0.9895340324384441,0.32298130095629274,0.002073194970677505,415,Regime 1
1,cpi,6,0.0005531342248635951,0.006897339759980236,4.773914509070831e-05,0.2658395176605213,0.790496431584071,0.002080707299393881,412,Regime 1
1,cpi,12,0.003152851209324474,0.006725734780107127,0.0007576106146069961,1.5093042986086584,0.13200268996399944,0.00208894337094972,406,Regime 1
1,PCE_price_index,1,0.0016908181243961095,0.006076504364726118,0.0014189359638968613,0.8182564246851762,0.41368149111524266,0.0020663670621915995,416,Regime 1
1,PCE_price_index,3,0.002123354106611742,0.004393174139357536,0.00014445997366607788,1.024268908708579,0.3063078362915568,0.0020730436007170366,415,Regime 1
1,PCE_price_index,6,0.0006297243463564434,0.006893827092535893,0.00019865850804434704,0.3026720158990784,0.7622933233940443,0.002080550276463008,412,Regime 1
1,PCE_price_index,12,0.0031828353032000802,0.006725614845984193,0.0007956803935570411,1.523687037211696,0.1283692764922817,0.0020889035776169487,406,Regime 1
1,PPI_inflation,1,0.0008678720559238267,0.006131053712441502,0.00015502887424467815,0.4197334338458924,0.6748979275112399,0.002067674352199618,416,Regime 1
1,PPI_inflation,3,0.0013357715970127803,0.004445462219182969,-0.0008959305165179288,0.6440178952368223,0.5199213153546158,0.00207412186352614,415,Regime 1
1,PPI_inflation,6,-1.64427918161665e-05,0.0069248254771995706,-0.0008449489572721625,-0.007898976102381682,0.9937014363751173,0.002081635847867511,412,Regime 1
1,PPI_inflation,12,0.003603470440710785,0.006723025589079482,0.0010204749032562965,1.725247584638257,0.08524758646472863,0.0020886685904077623,406,Regime 1
1,nat_fin_condition_indx,1,-0.0008453929507500678,0.006082633968936625,0.0020587805564913353,-0.4100929089889269,0.6819494124058774,0.002061466882795807,417,Regime 1
1,nat_fin_condition_indx,3,-0.003219277489274015,0.0044986756500540025,-0.003009078398321874,-1.5504800163739807,0.12179227191802577,0.002076310210564826,415,Regime 1
1,nat_fin_condition_indx,6,-0.0011632531316816794,0.006919007264199128,-0.0011977294344078793,-0.558718362668129,0.5766589582770529,0.0020820026858015326,412,Regime 1
1,nat_fin_condition_indx,12,0.0019218571761855248,0.006859842200280196,-0.0018109619487374218,0.9188338317755508,0.3587307404513447,0.002091626483182205,406,Regime 1
1,10y_2y_spread,1,-0.0016091161454331294,0.00596215792087398,-0.0009232452162963867,-0.7794048844331557,0.43618548146224434,0.002064544600080874,417,Regime 1
1,10y_2y_spread,3,-0.001997102684553139,0.004361477599682453,-0.0012802501368252006,-0.9626818031730348,0.33627053266544893,0.002074520031406655,415,Regime 1
1,10y_2y_spread,6,-0.0025149002698273866,0.00673571676610027,-0.00266894806821405,-1.2070371234159547,0.2281137618748097,0.0020835318326499655,412,Regime 1
1,10y_2y_spread,12,0.0013155572930264223,0.006948119212962241,0.00014511379495640853,0.6295787161036644,0.5293261206660373,0.0020895834934956834,406,Regime 1
1,fedfunds,1,0.00016329520366756964,0.006076300097186121,-0.00022879208378001614,0.07912247635064537,0.936973343407165,0.0020638282723090947,417,Regime 1
1,fedfunds,3,0.0002920457014593882,0.00449555449715142,-0.0013062522117646136,0.14077565175057632,0.8881158131722142,0.0020745469676590757,415,Regime 1
1,fedfunds,6,0.0003738648171142865,0.006900065901551097,-0.0016820820522500668,0.17952638561636122,0.8576130894569514,0.0020825062334470248,412,Regime 1
1,fedfunds,12,-0.004047674248930856,0.007103233290617873,0.005241966410825749,-1.9420284325742418,0.05282837642953542,0.0020842507663832144,406,Regime 1
1,fed_reserve_discount_rate,1,-0.0016115300742192802,0.005672315812963202,0.002299348901641518,-0.7416644442968421,0.45876630470938684,0.0021728560491357262,368,Regime 1
1,fed_reserve_discount_rate,3,-0.002082428364915009,0.0038988646040671615,0.0019090371890668756,-0.957163906744565,0.3391163430626416,0.0021756235794531892,368,Regime 1
1,fed_reserve_discount_rate,6,-0.0011154204298512794,0.0067354411505494045,0.0029042760360868947,-0.5128046757071137,0.6083973118196033,0.0021751370115984416,368,Regime 1
1,fed_reserve_discount_rate,12,-0.004548414497890821,0.0054919489236409285,0.010494287071820874,-2.0643793860789112,0.03968589240462017,0.002203284206654521,368,Regime 1
1,10y_treasury_const_maturity_rate,1,-0.0017317747758264375,0.006147004612529102,0.002526363521119901,-0.8402660466522613,0.4012430657804651,0.002060983878529988,417,Regime 1
1,10y_treasury_const_maturity_rate,3,-0.001034707732874513,0.004550728169997159,0.0010033028223480622,-0.49933942965486805,0.617806170899244,0.0020721530714882244,415,Regime 1
1,10y_treasury_const_maturity_rate,6,6.133879909990879e-05,0.006922018157093424,-0.0009183081300971896,0.0294655529226991,0.9765076290546026,0.002081712135551198,412,Regime 1
1,10y_treasury_const_maturity_rate,12,-0.002720823410877545,0.006944399575259294,0.0009911180759764049,-1.302640086649312,0.19343971027495277,0.0020886992798418514,406,Regime 1
1,m2_real_money_supply,1,0.002238382020393005,0.00593824269629668,0.002550983894956005,1.0860878966176313,0.27807055943537873,0.0020609584430172976,417,Regime 1
1,m2_real_money_supply,3,0.002142821507086905,0.004381547930892747,0.0012168321836164564,1.0342144027437314,0.30164114056506985,0.0020719316047060274,415,Regime 1
1,m2_real_money_supply,6,0.0008233799186702648,0.006878341151640746,0.0005997393449683752,0.39583043556123665,0.6924360172592372,0.0020801329172750902,412,Regime 1
1,m2_real_money_supply,12,0.002547561312601385,0.006725094048866193,0.0005353819377209579,1.2194098270247165,0.22340012263762854,0.00208917564558035,406,Regime 1
2,gdp,1,-0.0008447599841539178,0.0026266924759972506,0.0013980367065410393,-0.23496513718487944,0.8145891992171763,0.003595256701802654,138,Regime 2
2,gdp,3,0.005850660448750901,0.002934216530642289,0.011952966457298042,1.6857029503859022,0.09414604938971549,0.003470754113238948,138,Regime 2
2,gdp,6,0.0030158830486725838,0.0026303079089763687,0.010124536252585359,0.8689236849474277,0.38641972916929257,0.003470826150693606,138,Regime 2
2,gdp,12,0.0027450150570293374,0.0026085193323031213,0.009343159003194157,0.78382865023026,0.43452396664373216,0.0035020601201843703,136,Regime 2
2,real_gdp,1,-0.0005265650949966619,0.002647354820187029,0.0008372451917476598,-0.1464199492775615,0.8838066948305889,0.00359626606616614,138,Regime 2
2,real_gdp,3,0.004712227745228875,0.0027874107009654204,0.006683000122356564,1.3540892810586413,0.17795362890748145,0.0034799978193053903,138,Regime 2
2,real_gdp,6,0.0017440351905396324,0.002557013250322109,0.004646744995646213,0.5010995837487557,0.6171111310398123,0.0034804163625369667,138,Regime 2
2,real_gdp,12,0.00161724134760404,0.002555047864148294,0.0040612847692529375,0.4605709616491417,0.6458530169125001,0.0035113836569575963,136,Regime 2
2,unemployment,1,0.004593387599107205,0.005486438939818857,0.006014285208926995,2.2280617074868396,0.026412937865341712,0.0020616069939500704,416,Regime 2
2,unemployment,3,0.0034026012208174974,0.004708576178579252,0.0061721591371605156,1.6463253533914664,0.10045749237616675,0.002066785410191287,415,Regime 2
2,unemployment,6,0.004740092594627705,0.004231020156247351,0.00785558405309772,2.287062441029365,0.022700984350815245,0.0020725680722972636,412,Regime 2
2,unemployment,12,0.0029427444620013623,0.004244294357265513,0.0008029923151807727,1.4087558950630057,0.15967651699342222,0.0020888959345719367,406,Regime 2
2,industrial_production,1,-0.0009593972479917284,0.005587203047020846,0.000705807032682082,-0.46412608672419436,0.6428013654872455,0.002067104770522945,416,Regime 2
2,industrial_production,3,-0.00016285234870738632,0.004761576922606054,-0.0003065905073629249,-0.07853941347538068,0.9374370175100744,0.002073511139199362,415,Regime 2
2,industrial_production,6,-0.00206394571413493,0.004369436313842348,7.35371129569895e-05,-0.991957080808512,0.3218035141338529,0.0020806804589294076,412,Regime 2
2,industrial_production,12,-0.00241003253984799,0.004376423553951383,-0.0014502791177808394,-1.152436402684054,0.24982324221169816,0.0020912499242777844,406,Regime 2
2,retail_sales,1,0.0015328218040588104,0.005619373825371637,0.0009818140623489846,0.7305066647062083,0.46550605221192853,0.0020982995475821884,404,Regime 2
2,retail_sales,3,0.00244163676844476,0.0049958949120175265,-0.000768898103882032,1.1603905670581305,0.24658019400011377,0.002104150824523589,403,Regime 2
2,retail_sales,6,0.0011235813316704487,0.004394574393624842,-0.0003691465787378778,0.5307430493172752,0.5958928703493767,0.0021169967899076114,400,Regime 2
2,retail_sales,12,-0.0010545842225553944,0.004359667656183241,-0.0032590415211690704,-0.4905126244971863,0.6240456468261271,0.0021499634665599595,394,Regime 2
2,tot_business_inventories,1,0.0015393345208635134,0.00559768303559412,0.0009439658327535794,0.7318729747033799,0.46467360198119056,0.002103280998300817,403,Regime 2
2,tot_business_inventories,3,0.0025936314250749413,0.005007628702527927,-0.00015695175197438793,1.2330032289582318,0.21829688407032055,0.00210350740708628,403,Regime 2
2,tot_business_inventories,6,0.0016828735076692151,0.004415260508319606,0.000377701679769471,0.7952312735365713,0.42695296753350265,0.0021162063963922097,400,Regime 2
2,tot_business_inventories,12,-0.0004730512537887099,0.004373464872264207,-0.00216702011791714,-0.2201474227417619,0.8258709449889525,0.002148793058293533,394,Regime 2
2,cpi,1,0.001886388510945314,0.005553798434739595,0.0009243157150947701,0.9145512895677524,0.3609582961705178,0.002062638293186251,417,Regime 2
2,cpi,3,0.0028650233169277292,0.004806375043953831,-0.000404791337518251,1.3816577313731866,0.1678237531133786,0.002073612915754665,415,Regime 2
2,cpi,6,0.001811583900074529,0.00431146484264216,0.0003598744638219076,0.8707936527017792,0.3843763996944842,0.0020803825274263252,412,Regime 2
2,cpi,12,-0.00013515888957953457,0.004274687774109862,-0.0014652226530591506,-0.06463019059004171,0.9485004133642438,0.002091265526924811,406,Regime 2
2,PCE_price_index,1,0.002105837199241948,0.005591630844378079,0.0013185685971341954,1.0190500114505197,0.3087743559246936,0.0020664709048425324,416,Regime 2
2,PCE_price_index,3,0.0029622411331941996,0.0048062580935346695,-0.00028160218123574055,1.4286289942051256,0.15386673030149112,0.0020734852401916707,415,Regime 2
2,PCE_price_index,6,0.0018984888541239307,0.004311350803655,0.000510768319075483,0.9126360811215134,0.36197028993508207,0.0020802255065249338,412,Regime 2
2,PCE_price_index,12,-0.0001224437024058543,0.004274902548576583,-0.0014380396726294542,-0.058550845227806805,0.9533388126307123,0.0020912371449029687,406,Regime 2
2,PPI_inflation,1,0.0012089269748004833,0.00557491156820846,5.834745746036152e-05,0.5846513152834306,0.5591006660743654,0.002067774318123979,416,Regime 2
2,PPI_inflation,3,0.0016562208714888805,0.004784136892853977,-0.0007694149691634955,0.7985671360991815,0.42500041577401504,0.0020739907724967774,415,Regime 2
2,PPI_inflation,6,0.0011368658019901535,0.004302573263385648,-0.00046689911858588395,0.5462437527418945,0.5851955069358361,0.0020812426618768737,412,Regime 2
2,PPI_inflation,12,0.00020968613698100857,0.00427819758706752,-0.0006566981714510867,0.10030808127057778,0.9201494998144983,0.002090421173697731,406,Regime 2
2,nat_fin_condition_indx,1,-0.004911180228405787,0.005544822409550578,0.001118532932825822,-2.381250107374884,0.017704154575006292,0.002062437798194968,417,Regime 2
2,nat_fin_condition_indx,3,-0.0013505381145478856,0.004763389974261308,-1.0230104694919362e-05,-0.6514255916692456,0.5151341014245014,0.0020732039573195136,415,Regime 2
2,nat_fin_condition_indx,6,0.00021857394451195366,0.004286509918473598,-0.0012365623263139724,0.10498051096362035,0.9164426111477788,0.0020820430621422453,412,Regime 2
2,nat_fin_condition_indx,12,-0.0005615299422630465,0.00427914985531908,-0.001626231067569428,-0.26849044327109534,0.7884588746451446,0.002091433629524268,406,Regime 2
2,10y_2y_spread,1,0.0016070289282317208,0.005446849951824023,-0.0020636547692300944,0.7779508465844036,0.43704127362491674,0.002065720392602422,417,Regime 2
2,10y_2y_spread,3,-0.0016302034225513426,0.004823305084053582,-0.00031563906635634353,-0.7862007676483815,0.4322007266845347,0.002073520517446799,415,Regime 2
2,10y_2y_spread,6,-8.773054823132709e-05,0.004291250872280228,-0.0010844266988263573,-0.042139961375128994,0.9664076374973951,0.0020818848752696215,412,Regime 2
2,10y_2y_spread,12,0.0013958199043587402,0.00422076965782644,-0.00023308324049087226,0.6678632358008578,0.5046022375024721,0.0020899786506214323,406,Regime 2
2,fedfunds,1,-0.0025637427264581093,0.005371345024519229,-0.0015132630835894556,-1.2414299167403406,0.21514818192539154,0.0020651530077427202,417,Regime 2
2,fedfunds,3,-0.0025674091184484213,0.004614348828608495,-0.0007220861399355183,-1.237936959109045,0.21644270042189673,0.0020739417298730706,415,Regime 2
2,fedfunds,6,-0.0026456430948177175,0.00414598824241807,0.00044836996524300066,-1.2717662129984633,0.20417710238191344,0.002080290440001581,412,Regime 2
2,fedfunds,12,-0.00236233400767866,0.004150771334944831,0.004580800212289016,-1.133044724715518,0.257867432518915,0.0020849433002495016,406,Regime 2
2,fed_reserve_discount_rate,1,-0.003400448652746029,0.005719847607552125,0.0013655403650526532,-1.564235434399928,0.11862647644575475,0.0021738726651787613,368,Regime 2
2,fed_reserve_discount_rate,3,-0.0032601056672140736,0.004638439432325948,0.003283052310048107,-1.4995020364275404,0.13460549748501904,0.0021741255350216458,368,Regime 2
2,fed_reserve_discount_rate,6,-0.004323078579896825,0.004286968007085891,0.005045987018363229,-1.9896351017715315,0.04737494470516457,0.002172799713901128,368,Regime 2
2,fed_reserve_discount_rate,12,-0.003421064558788149,0.0037954626590627405,0.009484712807312223,-1.5519199286860472,0.12154562784802869,0.002204407905042264,368,Regime 2
2,10y_treasury_const_maturity_rate,1,-0.00287779120862694,0.005407947310941045,0.0024523211680163026,-1.3962673049002723,0.16338039999994325,0.0020610603704084335,417,Regime 2
2,10y_treasury_const_maturity_rate,3,-0.0038602369742741695,0.0046125452098302565,-0.00019562346132251385,-1.8617942450419647,0.06334218767195754,0.0020733961255676565,415,Regime 2
2,10y_treasury_const_maturity_rate,6,-0.0017195745578496358,0.004224390757686696,-0.00023343571596634582,-0.8263213414082022,0.40910242711331435,0.002080999814090687,412,Regime 2
2,10y_treasury_const_maturity_rate,12,-0.0007388967052627199,0.004248524990527789,0.00013002211722268342,-0.3536068940155428,0.7238179602380561,0.0020895992633849546,406,Regime 2
2,m2_real_money_supply,1,0.0025715909242370978,0.005580132208537921,0.0024662846368491698,1.2477115952789506,0.21284026533360123,0.0020610459452067268,417,Regime 2
2,m2_real_money_supply,3,0.004108755943883405,0.004851177383614635,-0.0006905058818149623,1.9811650044007858,0.048235600443377935,0.002073909005436991,415,Regime 2
2,m2_real_money_supply,6,0.002289945213431423,0.004333302626361424,0.0008419232781216035,1.1009982608430886,0.27154336849307104,0.0020798808634610367,412,Regime 2
2,m2_real_money_supply,12,-0.0006935644889897537,0.004263652665933436,-0.0027476957314833683,-0.33143606965740097,0.7404869784090771,0.0020926041323947567,406,Regime 2
3,gdp,1,-0.0028088276153427076,0.004597274831082971,-0.0015222443925291262,-0.7801194209623037,0.43667619043770056,0.0036005097935876583,138,Regime 3
3,gdp,3,0.001437861856279386,0.007148649886458841,0.0025948356616896096,0.41233131479647583,0.6807458287690178,0.003487151726492337,138,Regime 3
3,gdp,6,0.006110097866063434,0.0035966577252702467,0.011564763547903478,1.7616980583323738,0.08036734351248631,0.0034683002783389917,138,Regime 3
3,gdp,12,0.004891208880745925,0.003011874100384445,0.012558705595272501,1.398938399627862,0.16414182778000752,0.003496371878881199,136,Regime 3
3,real_gdp,1,-0.0027717822407313537,0.00456388578914441,-0.001433859425948647,-0.7698644673942708,0.4427154488486609,0.003600350916457923,138,Regime 3
3,real_gdp,3,0.00027514458817437905,0.007001359203096698,-0.002761725930119807,0.07869136210508247,0.9373937806690653,0.0034965030571838095,138,Regime 3
3,real_gdp,6,0.005342512344994355,0.003570552385575558,0.006717712287749755,1.5366204460389572,0.12670955745028367,0.00347679373834058,138,Regime 3
3,real_gdp,12,0.003717303623996101,0.0029094697488606693,0.007863341045069583,1.0606700617375349,0.2907478875753824,0.003504674788224536,136,Regime 3
3,unemployment,1,0.002695673790915035,0.0072262090331248,0.005254968889909395,1.307060347260192,0.19191771899387078,0.0020623942854403007,416,Regime 3
3,unemployment,3,0.004564234268164147,0.007177917789942613,0.004888182219820791,2.2069483923487936,0.02786707767129304,0.0020681200720360114,415,Regime 3
3,unemployment,6,0.004607883237308257,0.005721064223152926,0.00917283628330634,2.224749695773614,0.026641667531728697,0.0020711917597120762,412,Regime 3
3,unemployment,12,0.0013821984888968196,0.004553738245707047,0.0014104095042059006,0.6618897478678519,0.5084192332816202,0.0020882609125602884,406,Regime 3
3,industrial_production,1,-0.0003834493456362291,0.007249449387751877,-0.000802254000775271,-0.1853608687130497,0.8530367752281585,0.0020686639434660445,416,Regime 3
3,industrial_production,3,-0.002756586775852801,0.006985370157215708,-0.0013562752890472485,-1.3287324726180736,0.18466990659007587,0.002074598786933647,415,Regime 3
3,industrial_production,6,-0.0004963789077702441,0.0057722387198968364,0.0006947781077629722,-0.23863980378596167,0.8115041284754136,0.002080034008976353,412,Regime 3
3,industrial_production,12,-0.0020626086397041578,0.004361156211876411,-0.0010040193532849795,-0.9865240555561248,0.32446646712764604,0.0020907839277587823,406,Regime 3
3,retail_sales,1,0.001888337874842679,0.007305008182147508,-0.0004930894828549803,0.8992736484533629,0.36904525824480805,0.0020998478917850887,404,Regime 3
3,retail_sales,3,-0.0008027004923857208,0.007137866157782137,-0.002412571252296658,-0.38117140279790446,0.7032779365128876,0.002105878055105066,403,Regime 3
3,retail_sales,6,0.001300687589489977,0.006270945665696817,0.0004636999694292987,0.614658166095767,0.539131721054436,0.0021161153649869886,400,Regime 3
3,retail_sales,12,0.0007302041798851574,0.00450840674484783,-0.00012504268249169392,0.34016734835210627,0.7339127107824899,0.0021466027924859064,394,Regime 3
3,tot_business_inventories,1,0.002113701255613462,0.007296570442318226,-0.0007511308519398963,1.0041028180535354,0.31593456721597946,0.0021050645587380144,403,Regime 3
3,tot_business_inventories,3,-0.0005125132826931518,0.007169309670968688,-0.002074512468174916,-0.2434137744237165,0.8078093461655986,0.0021055229265744303,403,Regime 3
3,tot_business_inventories,6,0.0016785012397060757,0.006304063105162902,0.001186836443848538,0.7934863908761483,0.4279672916974331,0.002115349751433942,400,Regime 3
3,tot_business_inventories,12,0.0012447302577590607,0.004555616587813241,0.000823114023114746,0.5801356021091214,0.5621564827291357,0.0021455850205258243,394,Regime 3
3,cpi,1,0.0017660989004622,0.00743857992257079,-0.0006555093652591548,0.8555567914156457,0.39273665625816845,0.0020642684602385393,417,Regime 3
3,cpi,3,-0.0002466958404031657,0.007260010330293156,-0.0017635237881610255,-0.11888838074880902,0.9054215919116537,0.0020750206105034953,415,Regime 3
3,cpi,6,0.0022477837722893823,0.006069968777525387,0.0011888344610557766,1.0809148411463092,0.2803703789811971,0.002079519761154921,412,Regime 3
3,cpi,12,0.0008817603076869196,0.004676059691777249,0.0009056871149953905,0.42213956620364695,0.6731477043914931,0.002088788586241035,406,Regime 3
3,PCE_price_index,1,0.0019913153320318933,0.007508329530729368,-0.0002890098860641732,0.9628563114856983,0.3361816836781868,0.0020681334361918146,416,Regime 3
3,PCE_price_index,3,-0.00014591018999540696,0.007271138887704548,-0.001610384802213094,-0.07032284071637296,0.9439707411404892,0.0020748620008667444,415,Regime 3
3,PCE_price_index,6,0.0023119723728416038,0.006075189577018413,0.001350903281667315,1.1118720827628608,0.2668446952892265,0.0020793510410807747,412,Regime 3
3,PCE_price_index,12,0.0009034377286745253,0.004677658486185183,0.0009559202793609778,0.4325284269168858,0.66558818355852,0.0020887360747924412,406,Regime 3
3,PPI_inflation,1,0.0013002450345246722,0.007424910189550704,-0.0015032301257627,0.6283233787880028,0.5301385846619526,0.002069388277470695,416,Regime 3
3,PPI_inflation,3,-0.0008801673501848783,0.007196982634229715,-0.002325350594502895,-0.42405392696309385,0.6717472687512038,0.0020756024038930333,415,Regime 3
3,PPI_inflation,6,0.0017770297159140896,0.0060059750074783385,0.0003240182377426404,0.8541687997691806,0.39351026030096903,0.0020804198378520625,412,Regime 3
3,PPI_inflation,12,0.0008188819937423359,0.004663068164343601,0.0010357310010685739,0.39206231684025244,0.6952189079616868,0.0020886526416054236,406,Regime 3
3,nat_fin_condition_indx,1,-0.00038287704222941105,0.007239020705374826,-0.00022782582394254014,-0.18551796789672265,0.8529134255390054,0.002063827275439744,417,Regime 3
3,nat_fin_condition_indx,3,0.0001921202286084782,0.007289769293542579,-0.0016173210568932728,0.09259389940416793,0.926271088356847,0.002074869185170425,415,Regime 3
3,nat_fin_condition_indx,6,0.0009927157408432202,0.005840815230041467,-0.0008843413990726745,0.47688273921466645,0.6336996953982204,0.0020816768132099536,412,Regime 3
3,nat_fin_condition_indx,12,-0.0009588841147294832,0.004567606998307024,-0.0017606084229815355,-0.45845098123664696,0.6468749852296094,0.0020915739173312372,406,Regime 3
3,10y_2y_spread,1,-0.0013173786620654395,0.007253322109977914,-0.0018305650290941777,-0.6378074743589055,0.5239507620324222,0.0020654801253146295,417,Regime 3
3,10y_2y_spread,3,9.606954197661734e-05,0.007286379298442676,-0.0014745162316824878,0.046304794498139866,0.9630896994190752,0.002074721268452592,415,Regime 3
3,10y_2y_spread,6,0.00033292261059501697,0.005824332852081654,-0.00026312043622911396,0.15997967335061217,0.872975871284031,0.0020810306936018194,412,Regime 3
3,10y_2y_spread,12,0.0019092417267054104,0.0045756763675760545,0.00011047041008238612,0.9136790453264937,0.36143046573728466,0.002089619693557887,406,Regime 3
3,fedfunds,1,-0.00042310519370511234,0.007272542222294417,-0.001078780202417473,-0.20492283094262345,0.8377328864991571,0.002064705000213363,417,Regime 3
3,fedfunds,3,-0.00044909798513052644,0.007317141904940084,-0.0009008689465250797,-0.2165238625103134,0.8286863363592079,0.002074126980388294,415,Regime 3
3,fedfunds,6,-0.002970297876663124,0.006029500737784898,0.0014492247788118195,-1.4285438333263287,0.15389673531241277,0.0020792486778280083,412,Regime 3
3,fedfunds,12,-0.003252178627519601,0.004813887277864278,0.006104596519985295,-1.5610356023822887,0.11929831860106765,0.0020833468644510526,406,Regime 3
3,fed_reserve_discount_rate,1,-0.001149631565342131,0.0072614485584775335,0.0006370819645556969,-0.5286475657235303,0.597370377560539,0.002174665391239804,368,Regime 3
3,fed_reserve_discount_rate,3,-0.001780909844350919,0.00791981459508733,0.0011885770601861578,-0.8182791566540347,0.41373022666638226,0.0021764086618472683,368,Regime 3
3,fed_reserve_discount_rate,6,-0.004240059906950208,0.006015708901703689,0.00606296001769191,-1.9524250164491304,0.05164978994364988,0.002171688987401725,368,Regime 3
3,fed_reserve_discount_rate,12,-0.004512430286138501,0.004434397506473102,0.010563514873721203,-2.0481189535709867,0.04126141978568998,0.0022032071322180178,368,Regime 3
3,10y_treasury_const_maturity_rate,1,-0.0023459392730428453,0.007483088650279292,0.0010047019114898248,-1.137394600057058,0.2560296266649247,0.002062555310993353,417,Regime 3
3,10y_treasury_const_maturity_rate,3,-0.0003664493539853972,0.007324328174605936,-0.0006763157972637934,-0.17669625390117596,0.8598335988836108,0.0020738943010662116,415,Regime 3
3,10y_treasury_const_maturity_rate,6,-0.002261164854740706,0.006057521922909752,0.0005702819031047079,-1.0870130041437456,0.2776696892041013,0.0020801635731320946,412,Regime 3
3,10y_treasury_const_maturity_rate,12,-0.0009114517483207714,0.0046760857778963,0.0009521280229979334,-0.43636437817223567,0.6628054786351725,0.00208874003908957,406,Regime 3
3,m2_real_money_supply,1,0.002427546789355458,0.007500571278471941,0.0007583836105938824,1.1768157471790348,0.2399435873798259,0.0020628095733546837,417,Regime 3
3,m2_real_money_supply,3,0.00011723418519623653,0.007299274077862702,-0.0011414882723284059,0.05651539039525461,0.9549585663853648,0.0020743762783257754,415,Regime 3
3,m2_real_money_supply,6,0.00233290582465111,0.006068320674765079,0.0018154557887326561,1.1222004267551466,0.2624339880668878,0.0020788673476062826,412,Regime 3
3,m2_real_money_supply,12,0.0012220470520055197,0.00470628519930371,0.0008861413249617867,0.5850448946660316,0.558844136441899,0.002088809018157685,406,Regime 3
