date,inflation_actual,inflation_prediction,growth_actual,growth_prediction
1995-01-01,0.2030123449418441,0.16836639839814777,0.1701982929575018,0.48648557750085786
1995-02-01,0.1772759098425336,0.30173696574124964,-0.1128050577073547,0.35144010843411877
1995-03-01,0.1843975849864731,0.18707152828774565,0.1661680221370254,0.21507253215459343
1995-04-01,0.2627282173073952,0.16644163965230474,-0.1726234131196657,0.05276938462824887
1995-05-01,0.1539668675144767,0.23204398880223698,0.4910926249013236,0.5429508818402837
1995-06-01,0.0975595334880452,0.15009090971438577,0.3314331723927699,0.7229980157209894
1995-07-01,0.1255223946719619,0.02823929722808738,-0.4181127385757377,0.054997845322162675
1995-08-01,0.2153328810359456,0.08557832507320051,1.040272709112422,0.8302665701419016
1995-09-01,0.0691705421793198,0.1891182333698378,0.4033288089442033,0.9792723096701224
1995-10-01,0.2588425619530765,0.12947356820680156,-0.1757561088312487,0.15461365496472013
1995-11-01,-0.0029337988294297,0.06405739746688682,0.2635472662998461,0.2204366351244289
1995-12-01,0.1921694611920488,0.15013523043468913,0.347083386577518,0.3892136183784487
1996-01-01,0.2225475841874047,0.15577526399497854,-0.5723636015089628,0.5425062639319265
1996-02-01,0.1577747910944893,0.05906599419093833,1.040272709112422,0.8903300346405842
1996-03-01,0.3019253208867978,0.17764554910654096,-0.1224292570634499,0.006460346401155448
1996-04-01,0.2995622900519246,0.10241302041864841,0.995039749949056,0.42487557002081644
1996-05-01,0.1725312803560807,0.20244406600582188,0.7473370902025378,0.8168498811660925
1996-06-01,-0.0014473455682395,-0.03185307248748048,0.7622281048073498,0.35627950720027
1996-07-01,0.2113155114269682,0.08170319430887174,0.0153757855237079,0.4404066726460911
1996-08-01,0.0953247541054747,0.22557083639939246,0.5118289203219328,0.3572206461134044
1996-09-01,0.2828160397096768,0.2760188620958004,0.6259139173877992,0.5056314168896705
1996-10-01,0.3021626210449213,0.2667885307923261,0.0296137890187786,0.4474550961530781
1996-11-01,0.1778823394396722,0.20484111619816048,0.9186726470557404,0.022834459663641837
1996-12-01,0.1159910071169889,0.08281036471116776,0.6407086216587032,0.2498992532922557
1997-01-01,0.1301599107474738,0.22553844313748161,0.1585125359039318,0.3206900632305576
1997-02-01,0.2085565316763071,0.09137469150723354,1.040272709112422,0.5911794166420918
1997-03-01,0.1054867357557221,-0.040961476935744034,0.6346132066227916,0.42772449596000683
1997-04-01,0.0982556069775819,-0.01707746288496237,0.1172201006550244,0.5157013738314902
1997-05-01,-0.0455230887415614,0.019197832812398063,0.5539648397783647,0.7017270134016371
1997-06-01,0.1280919985198414,0.3192982780122091,0.4595965749441433,0.48461035168452327
1997-07-01,0.0596997953149935,0.05660017644851112,0.8542220977454162,0.5068832155474325
1997-08-01,0.0795522345654387,0.136778725759386,1.0004661403578252,0.41347788850782763
1997-09-01,0.2413058907026366,0.060542536144020165,0.9159267160430806,0.5951636494812078
1997-10-01,0.1302747097139622,0.05594841030266551,0.8866930363580661,0.4816535424730546
1997-11-01,0.0056567485009484,0.15946097268970205,0.7875135934105604,0.47905691706814935
1997-12-01,-0.0212116069913448,0.044130477842239335,0.4258485271143364,0.512744822864633
1998-01-01,0.0495042502935083,0.07463271438900543,0.4383363230729298,0.4343522003473339
1998-02-01,-0.0523071703234623,0.02030670926564926,0.1618798460184756,0.4637326593184099
1998-03-01,0.0155589187965876,0.11964517945365594,0.0351652827490056,0.9183640896469853
1998-04-01,0.1244519869891158,0.06251453118264672,0.3431256509800251,0.9208451108553959
1998-05-01,0.1370095200429411,0.05078743940787911,0.6591340431881365,0.8729181839201843
1998-06-01,-0.0846322025530699,-0.025200866057856652,-0.5998591461821245,0.42269744458114644
1998-07-01,0.2470530105174173,-0.020939350469780238,-0.3845573464364205,0.5380415794623445
1998-08-01,0.1380087311646294,0.105845394947775,1.040272709112422,0.6364493632071913
1998-09-01,-0.0576587725713118,-0.02625490860638513,-0.0532186253594302,0.552387778140897
1998-10-01,0.2195111655198589,0.16445341251723222,0.6836260369526892,0.0025810585396044416
1998-11-01,0.0042121224885116,0.14467598919973446,-0.0758139631345966,0.46997405320132657
1998-12-01,0.1010866818296651,0.061323798977554356,0.4530380879463447,0.45895627258518346
1999-01-01,0.1402563886784946,0.024203524426309686,0.4320551891963342,0.4086818706683175
1999-02-01,-0.056023978262687,0.10705698260240826,0.608149732155816,0.7144977235938654
1999-03-01,0.0756747666694757,-0.020760121384299834,0.2268622127301833,0.49860156068446315
1999-04-01,0.4831120820030232,0.16893921748427543,0.2298623885966577,0.8639224230831815
1999-05-01,0.0654988363504527,0.0775059099114952,0.6322550732504428,0.13488530536729115
1999-06-01,0.0306389616177238,-0.044980389361953144,-0.0784370132803524,0.6804105928042645
1999-07-01,0.2659204187898556,0.006193457323270035,0.5786177951119464,0.5493270158085579
1999-08-01,0.18190149548023,0.11416137345566302,0.4015282897980921,0.5792766181357081
1999-09-01,0.3589843100293866,0.00989413900609537,-0.403708999870811,0.5698330531522373
1999-10-01,0.1684919966301601,0.10911739216198768,1.040272709112422,0.44016794096527434
1999-11-01,0.0896193246839205,-0.003965654781169503,0.4847386851960289,0.52440357877515
1999-12-01,0.2328016089484075,0.16985409015291353,0.7713127928427044,0.4309040364826231
2000-01-01,0.2721163228563972,0.11150538689362,-0.1368048752282802,0.7007594292869328
2000-02-01,0.3152369073888827,0.0570296699892352,0.3123293058620469,0.6105002451542632
2000-03-01,0.4290144963178477,0.16262001734938947,0.3555719153728098,0.781333203957054
2000-04-01,-0.0829875518672085,0.10145878488269688,0.5952225926311616,0.2874965195550132
2000-05-01,0.0830564784052967,-0.044521342761766114,0.2707691245527277,0.2764926823227185
2000-06-01,0.3387524658186702,0.3342790034578389,0.0390532964532397,0.6965370179954817
2000-07-01,0.2508338530791354,0.28353426508089985,-0.1950827111980024,0.24902687147310587
2000-08-01,-0.0067623311107767,0.04948030507072154,-0.272291950416359,0.06185189290637538
2000-09-01,0.4301133443341376,0.2738650879578941,0.4614698099772996,0.4150116488394673
2000-10-01,0.1360232721004051,0.2726357350326529,-0.388581532213661,0.2682909662779984
2000-11-01,0.1398733070622659,0.16333741065793084,0.0279643567820064,0.12367062217533586
2000-12-01,0.1531085055804126,0.2643165997241903,-0.3263035410896342,0.18106539408288214
2001-01-01,0.4841023990559412,-0.032279295930135676,-0.4759506830623206,0.15225515109430177
2001-02-01,0.15480702503603,0.1845015093774448,-0.6513459989989423,-0.29229640804201296
2001-03-01,0.0093273638204882,0.20781628389229634,-0.20503069984249,-0.1539957472977065
2001-04-01,0.175871027912855,0.1686594030616353,-0.3589921440973143,-0.27911970909153183
2001-05-01,0.2633433971298338,0.19196903701968737,-0.4775903715313778,-0.013616028902561084
2001-06-01,0.1764276712873824,0.12925451668476784,-0.5280254107386972,-0.15146964753366632
2001-07-01,-0.0331046902725229,0.0799231093114221,-0.6404208352618568,-0.1660097492871344
2001-08-01,-0.0119216351184836,0.1330190091565433,-0.114778036075025,-0.298051114127059
2001-09-01,-0.3404695034709193,0.21408008552112956,-0.5065005386753141,-0.20646429862113536
2001-10-01,0.3522671381285924,0.18270350984833517,-0.2741454785151309,-0.49620391685041554
2001-11-01,-0.0675568272134774,-0.05797391659266582,-0.6047102317151998,-0.4434830045492504
2001-12-01,-0.1033920547182654,-0.03661789340520416,-0.0427418438103899,-0.20437834680083355
2002-01-01,0.0902299536907902,0.0400979486052091,0.6655112336294788,-0.06245880573913709
2002-02-01,0.1683657912529446,0.057700395784358816,0.0115231321228703,0.4087115704068012
2002-03-01,0.271314751581575,0.08184782604758323,0.7238404207491778,0.32350952043267256
2002-04-01,0.4184100418409997,0.045952774864249424,0.4882884782311247,0.27663086663472214
2002-05-01,0.0657202944269075,0.07200398136912445,0.4017677782241824,0.21771815439138464
2002-06-01,0.12478654932353,0.10366699919860212,0.8248855097594765,0.6727746428053152
2002-07-01,0.2204001311905568,0.07574886892615496,-0.032191881251653,0.3475927318488701
2002-08-01,0.1963530689984782,0.17871250138573647,-0.111053642107306,0.18390016791759223
2002-09-01,0.1802908169264316,0.13445981662977924,0.0849008900792869,-0.085041267166865
2002-10-01,0.1825745621470753,0.226814822734553,-0.2082664575177251,0.15607967531306954
2002-11-01,0.0989312818109766,0.13027842753529728,0.5602209932537017,-0.1495038335027843
2002-12-01,0.0962326228591381,0.05137750958788967,-0.5561106769072954,0.14100271123490415
2003-01-01,0.2988138389782957,0.24252079470166987,0.8521508823282398,0.16506546075648387
2003-02-01,0.4209790028626647,0.26491452941827576,0.1188126191277394,0.36001568475180434
2003-03-01,0.2566880788380743,0.2366613751518838,-0.2628510747773482,-0.2371355700712101
2003-04-01,-0.1698295271791439,0.07884464429521199,-0.5956902191332047,-0.09433249981104908
2003-05-01,-0.1147010683953397,-0.08859470022475024,-0.0272742229883049,0.16884707236086172
2003-06-01,0.1083815028901646,0.18380242981263262,0.1277930569822061,0.20809302203213775
2003-07-01,0.2938598752384447,0.2389887671809996,0.5138291523584027,0.36415469226939123
2003-08-01,0.3379767657037069,0.101118190225709,-0.2181774282939197,0.8784835075643649
2003-09-01,0.3125040023565839,0.12170796705383036,0.6447447582867083,0.4849408049387449
2003-10-01,0.0127676416889155,-0.026560198060428863,0.1231614573486528,0.3245675512296273
2003-11-01,0.1263835165256077,0.2116245866626334,0.6704970388109022,0.46323797384523147
2003-12-01,0.2205732354141121,0.1781091828714072,0.0295989825756182,0.6333558505145618
2004-01-01,0.3867438458113437,0.16070881944022752,0.1521782957331519,0.598911312192735
2004-02-01,0.2129034710869337,0.1183673638637055,0.6032428360854825,0.48423162637314476
2004-03-01,0.154280005564189,0.151883722303517,-0.4000731513156497,0.3520524719556999
2004-04-01,0.18560840414652,0.19946489288617464,0.3714380452357391,0.5058103452579903
2004-05-01,0.3251581680235871,0.11551866687136858,0.7223716776067812,0.6646994377469078
2004-06-01,0.2851615496708648,0.24873245901330399,-0.7802242062877385,0.28480343038892686
2004-07-01,0.0926958199195748,-0.007259232881524191,0.747165423006102,0.37950682960394566
2004-08-01,0.0513109317314297,0.28206741214618924,0.0671191867890774,0.43969354090481794
2004-09-01,0.1976334025467263,0.3505635559950335,0.127099138396014,0.35274457687055616
2004-10-01,0.4294417257565186,0.22300692769876518,0.8531500308810669,0.16602234143326733
2004-11-01,0.3853420843277666,0.4975972543400715,0.2483434077411805,0.3090892580847395
2004-12-01,0.053245498897958,-0.011871290546303648,0.7967816436364572,0.12251590073330476
2005-01-01,0.1311864952166397,-0.006394062604908157,0.3596531168715611,0.4123485217220786
2005-02-01,0.2780970744187927,0.3493402450453631,0.7259066271311676,0.418575707918281
2005-03-01,0.299511906522687,0.2757290872026612,-0.1351265996452522,0.3892153660202258
2005-04-01,0.2801843317972174,0.4121439970825911,0.2152508771784189,0.341637757218372
2005-05-01,0.0563704765756289,0.2052160640953411,0.0900125396779527,0.0467948229476125
2005-06-01,0.062462491885995,0.09486587797490786,0.449761319492814,-0.04802144363487848
2005-07-01,0.4235006119950979,0.421496438398822,-0.3166442501335131,0.25848536768165786
2005-08-01,0.4034322209492069,0.33913826095692334,0.3259087661922066,0.2993397591451572
2005-09-01,0.9650752030299748,0.47856293399100114,-0.7802242062877385,0.07396579630086109
2005-10-01,0.1599095849564857,0.36733867897294337,1.040272709112422,-0.37162660901730504
2005-11-01,-0.2088710161454954,0.20706628549975514,1.040272709112422,-0.46597728443152775
2005-12-01,0.0,0.13008340190140943,0.5164986354512013,0.12282868547370995
2006-01-01,0.4847770386498418,0.29189407942883805,0.1577843688421287,0.2467431070791548
2006-02-01,0.0598558670720894,0.49236217899008405,0.042158902402134,0.34542577757920157
2006-03-01,0.1938169984685878,0.07833326666034335,0.2254652574833704,0.19963089740692652
2006-04-01,0.4644997970052467,0.21252802088851697,0.3036679842539413,0.1262496613501618
2006-05-01,0.2686159148986844,0.4905925585424842,0.0254146846250469,0.05798918275008447
2006-06-01,0.2465594291200856,0.18512740922411375,0.3166411740827879,-0.0030592188280955668
2006-07-01,0.3417327862455632,0.03067325674835475,-0.051261507350675,-0.034479894957062385
2006-08-01,0.3146432864314485,0.3016719180014058,0.4388741318681832,-0.11356253126774973
2006-09-01,-0.2619676945668114,0.1433475542213618,-0.1661580401191797,-0.13180808016481294
2006-10-01,-0.2355657110550968,-0.19660675480686596,-0.1146817857333282,-0.09301924016572727
2006-11-01,0.0342376803381228,-0.03476400726791651,-0.042034425892401,-0.12842201002844789
2006-12-01,0.3552418831360482,0.11232299433402737,1.0193348910427114,-0.16012562523154728
2007-01-01,0.3339919089284215,0.15129532506874144,-0.3383130268983403,-0.06582517354771866
2007-02-01,0.3106099676496887,-0.2405938931861511,0.9422584955516512,0.05197054702698134
2007-03-01,0.3657353851906464,0.24958779654693874,0.1780198123945142,-0.08500175512378405
2007-04-01,0.2351735860479209,0.19155006482391745,0.672281726358448,-0.14278989916568996
2007-05-01,0.2903735365173743,0.23306362078818,0.0956378513362832,0.050017461064395974
2007-06-01,0.2119380168160489,0.1024422300195269,0.0577014192386649,0.1471257063741298
2007-07-01,0.1525500121346557,0.2715142583639478,-0.119953669000572,0.08209639196492446
2007-08-01,0.0680813745514097,0.37677362937572334,0.1925891536306734,0.07652654542152604
2007-09-01,0.3851476014760102,0.1497910596081844,0.2222593090719815,-0.14924306269973187
2007-10-01,0.3032600454889955,0.4271689627977868,-0.2820077304793611,-0.07790310496658748
2007-11-01,0.53024576834102,0.36530433394533324,0.5334891922024632,0.039172942372534436
2007-12-01,0.231257333591528,0.5304158647253461,0.0348821530398391,-0.2712571182979282
2008-01-01,0.2523186033824398,0.1370146700150734,-0.1323496805537893,-0.030510768915419817
2008-02-01,0.1995329115933142,0.33292903704584953,-0.3921959845390677,-0.1075010330617232
2008-03-01,0.2862573827249859,0.4077517375937183,-0.3045840787558984,-0.1500861759376413
2008-04-01,0.1850284876177665,0.5494724725418507,-0.6452051340639975,-0.37695367681845227
2008-05-01,0.4290588857982724,0.40314984976792,-0.6057782381776122,-0.23833846754962806
2008-06-01,0.7254989908050957,0.5746827603248188,-0.2332762193893445,-0.34388257215368156
2008-07-01,0.4653389292751608,0.5255218683336675,-0.3573802776070001,-0.28758733677077686
2008-08-01,-0.080890908083564,0.2532394889167051,-0.7802242062877385,-0.32488002880226574
2008-09-01,0.0831743778556548,-0.23222860554668268,-0.7802242062877385,-0.3106658449624682
2008-10-01,-0.6604097643134965,-0.02752622951362582,0.9941411352017092,-0.2822762572351003
2008-11-01,-1.1801318445973763,-0.5409080012049108,-0.7802242062877385,-0.46823012213400084
2008-12-01,-0.55873488876097,-0.49473824919158993,-0.7802242062877385,-0.407639858330608
2009-01-01,0.0113509954823065,-0.43005673945643896,-0.7802242062877385,-0.7923919260689267
2009-02-01,0.1793253734053701,0.18754135002270522,-0.6085582025516345,-0.41915444998446105
2009-03-01,-0.1098950898420825,-0.004736387290469102,-0.7802242062877385,-0.2753549378258171
2009-04-01,0.1429073710714767,0.34599319419063,-0.7802242062877385,-0.3542099760986446
2009-05-01,0.1041961605980024,0.19071941819588778,-0.7802242062877385,-0.22451259267818813
2009-06-01,0.5939787525314877,0.39105288199346844,-0.376881616147362,0.016186493537830415
2009-07-01,0.0112470757603011,0.4670797215756699,1.040272709112422,-0.04093783914396987
2009-08-01,0.2901419221340129,-0.08792702460302726,1.040272709112422,0.010385382137776844
2009-09-01,0.1614711818793246,0.4144055105563442,0.881437075988023,0.4297521718236368
2009-10-01,0.3795172629976306,0.032034206653380526,0.2695457878894469,0.5880376927277986
2009-11-01,0.2498243422593526,0.3102820098507233,0.4338107685935455,0.6092079763373448
2009-12-01,0.0578504121841794,0.1919933201117745,0.4058071779700745,0.6979432813562774
2010-01-01,0.2190373475355445,-0.0028732840643641566,1.040272709112422,0.739914294534028
2010-02-01,-0.0022188692642144,0.22033441125526698,0.3752968908449006,0.8674235879531373
2010-03-01,0.1409013246943313,-0.0028231867153820644,0.6856761810881018,0.8895081908593987
2010-04-01,0.0542870121093441,0.328641290144692,0.3392297060230698,0.7141920283963437
2010-05-01,0.0321116155464373,0.24683663655015664,1.040272709112422,0.9389877924544585
2010-06-01,-0.0420637819767755,-0.25827899243315633,0.1849209892946346,0.8144232922357659
2010-07-01,0.0852703735285231,0.09747397416947967,0.3797036289796551,0.7893762367833457
2010-08-01,0.1372015313461094,0.1720824056061394,0.3664634007673584,0.3655940092503922
2010-09-01,0.0994453161256236,0.14233194595820509,0.2947761395331261,0.3990686194439448
2010-10-01,0.3190127163546385,0.08414440352619978,-0.2833668805007239,0.4491017940579063
2010-11-01,0.1991615409161484,0.3303174700358795,0.0869562402969981,0.5221028574490028
2010-12-01,0.2262194988030152,0.13944286570121944,0.9785396067085728,0.4817762316877925
2011-01-01,0.3002147521584897,0.22713347085693814,-0.2106135119296248,0.850554458243721
2011-02-01,0.2785606606803492,0.12783748095081382,-0.3970843397723911,0.6696524170740901
2011-03-01,0.4019739207163697,0.10667236387666046,1.040272709112422,0.40512875486426836
2011-04-01,0.4242345333420161,0.461452033565914,-0.3230270794270296,0.3251044696677532
2011-05-01,0.3035967025724506,0.3212501362390965,0.1206079665240889,0.5047971879401452
2011-06-01,-0.020465757556165,-0.12551288045190478,0.30248807089297,0.3337468294337942
2011-07-01,0.1702237688404384,-0.03115475209020424,0.492715456823678,0.36633353536917923
2011-08-01,0.2355421233208199,0.22154514554428717,0.6751130647956405,0.2504144292434596
2011-09-01,0.1405639727027008,-0.19786899794698165,-0.0827080374789179,-0.06739690430523382
2011-10-01,0.0021430025608726,0.06926405452566131,0.6940410373954542,0.14304221873806
2011-11-01,0.2046523588595139,0.13040499793682203,-0.0086587493010492,0.20201526339331366
2011-12-01,0.0577416595380686,0.40675827678562504,0.5306290656609036,0.23301441730053973
2012-01-01,0.3419753350289767,0.15526572893269952,0.596427248225595,0.24720055982014522
2012-02-01,0.2236564636717952,0.24169858255088927,0.3215662971284949,0.38927280310585033
2012-03-01,0.191277735271611,0.2393297762777773,-0.5177723960984593,0.3662404073292045
2012-04-01,0.1315175427431869,0.26003828114041116,0.7193508372958624,0.41388917389712887
2012-05-01,-0.1122786204558856,0.06821446076130577,0.2309210465547106,0.19235695459035362
2012-06-01,-0.0509002990392581,-0.09959821631081267,0.0055293367151154,0.281290176123127
2012-07-01,0.0360727396184756,-0.13499150792434067,0.2098983989359704,0.13035814112470234
2012-08-01,0.3362039708128428,0.2716965324349512,-0.4279088966837152,0.15780907549096845
2012-09-01,0.3044236562549596,0.29964994626360575,-0.0733690772427575,0.3012969420506373
2012-10-01,0.2961230016966576,0.18277733083468073,0.3473983631303801,0.24364003204191498
2012-11-01,-0.0682959631832402,0.010503910576702413,0.3667648049054728,0.2683728994040475
2012-12-01,-0.0157713781030244,0.01866914096819583,0.2369549856899411,0.1827742911735779
2013-01-01,0.190337981365829,0.2244887836469065,0.0245142665911135,0.14721261485406423
2013-02-01,0.3558121228024236,0.3118250569570806,0.4676907932336993,0.2601041026332034
2013-03-01,-0.1317798648733492,0.15490109965167997,0.4028580654107827,0.3168348285275773
2013-04-01,-0.1015834450402097,0.050225641706350466,-0.0862971950387203,0.31262991173412225
2013-05-01,0.0733821849021376,0.11444256578977674,0.0780978038776414,0.1010767626271516
2013-06-01,0.2220802212421935,0.16344242008197263,0.2074933532559386,0.4003400387993423
2013-07-01,0.1243820095533809,0.1506887357774489,-0.3101931085414344,0.3144613053685177
2013-08-01,0.148237848672128,0.31728767730826757,0.5782114503832148,0.3924595431775124
2013-09-01,0.0437800988179359,0.1977922793669893,0.5084577384016464,0.24024929093001646
2013-10-01,0.1323247478536293,0.13939658146002287,-0.0788730144467453,0.20140995043990273
2013-11-01,0.1487986847444888,0.03177286660256007,0.2336084410783145,0.12188434141573623
2013-12-01,0.1745527086840059,-0.025915227118788575,0.2010650366143673,0.30043704157278484
2014-01-01,0.2074387537079669,0.18828491367362243,-0.3557589474469713,0.2934418824763867
2014-02-01,0.0476121473078405,0.06201801859690992,0.7556916490531584,0.15132819616220772
2014-03-01,0.1603558866128729,0.2243927978863458,0.9685206031106786,0.03253898189557347
2014-04-01,0.1776584206992781,0.15272983039169263,0.0967670387519659,0.10968573359006939
2014-05-01,0.1649705630651698,0.12326173764766901,0.3831643017938591,0.3301888610210284
2014-06-01,0.1091129937105472,0.14317647412828594,0.3432190311729588,0.011094072446326209
2014-07-01,0.1418979363104533,0.22137311952238692,0.2221248844113565,0.1294075455641348
2014-08-01,-0.0123214670760152,0.08087941928918463,-0.1888053207359519,0.17038488679872899
2014-09-01,0.0349151254377178,-0.045710765142175536,0.2873440188072562,0.05282516830954265
2014-10-01,-0.0297701538808925,0.030337709293837722,0.0119343204860067,0.13495864347861897
2014-11-01,-0.0954982337961096,-0.1508650097381783,0.6172120873449094,0.08789762534203405
2014-12-01,-0.1757613756668052,-0.05797916180577278,-0.0079064645954196,0.07241912039633647
2015-01-01,-0.4798187808896292,-0.31436462717611047,-0.7802242062877385,0.24218414194817584
2015-02-01,0.1769197343100215,-0.295884990982733,-0.6385429169845525,0.12802687046316308
2015-03-01,0.1890007745933397,0.1948937845539398,-0.3346261254872473,0.0005653125398339398
2015-04-01,0.0886524822695022,-0.028487110212124245,-0.5455808831756226,-0.08016697035067111
2015-05-01,0.2399736337981739,0.16993690499315361,-0.4413063536470418,0.04169007772135913
2015-06-01,0.1941907178891755,0.21914257049540575,-0.3145062410606636,-0.027449096693143105
2015-07-01,0.0912670741211707,0.03031390515572019,0.6480993526961187,0.1113001741310633
2015-08-01,0.0071717637416091,-0.12086317877998387,-0.1838518594625027,-0.046011957649589874
2015-09-01,-0.1383026677047816,-0.11765545802462807,-0.2791065028845962,-0.09783574009571439
2015-10-01,0.0,0.11518599703745847,-0.4835506432950498,-0.153910197134703
2015-11-01,0.0625788647578229,0.1489015562878131,-0.7357319171217069,-0.21219744176578104
2015-12-01,-0.0840697984375249,-0.035379472562312,-0.490405888487655,-0.08520090136795133
2016-01-01,0.0410441635199321,-0.059443933614913735,0.5240216999506275,-0.13805546362604915
2016-02-01,-0.052309838352349,-0.07293335308826387,-0.5184776724149187,-0.25185812245936745
2016-03-01,0.2339781415157338,0.04913789940593616,-0.7419897116952456,-0.1878203014216382
2016-04-01,0.3276238059647829,0.3059851617058569,0.3382172239537073,-0.23581571118983646
2016-05-01,0.1632769687630819,0.17639113116657956,-0.2267794379884335,-0.24368151888214484
2016-06-01,0.1752366203783939,0.1740960939004088,0.4723710200531528,-0.14683040968081684
2016-07-01,0.0172896008136191,0.13674415380959548,0.1172088714676666,-0.20107453919294116
2016-08-01,0.1393097557503386,0.035263604680236815,-0.1507082885518373,-0.2032110016531412
2016-09-01,0.1898881995146206,0.10696646686847044,-0.1055134041476946,-0.19133901941968645
2016-10-01,0.2047311130480622,0.0870705911328753,0.015595615809083,-0.20444785907421092
2016-11-01,0.0333778371161663,0.1896595017881686,-0.417168298044468,-0.1266154283109735
2016-12-01,0.171889060777941,0.010700301793527434,0.6835853098808187,0.003655587002604932
2017-01-01,0.3835633030856655,0.2259471810946827,-0.2628724699913376,0.09244321783926068
2017-02-01,0.1357452413751625,0.13920365690118697,-0.4014738596471723,0.01310854775400827
2017-03-01,-0.0512120177534991,0.13335514082441602,0.6598918716692825,-0.027604666085618845
2017-04-01,0.1908876274677284,0.008617780433886502,1.01874791064267,-0.05778202734605742
2017-05-01,-0.0431185760842223,0.1623816887656604,0.1183734843394956,-0.1594188393226954
2017-06-01,0.0842679721514416,0.023936107841885157,0.2060099380072788,-0.036667842561058706
2017-07-01,0.0370867830723709,0.053887315410299674,-0.2394688037820613,-0.12182928457914244
2017-08-01,0.2244421510375405,0.14343984059779702,-0.4138579996563751,-0.08787672826064608
2017-09-01,0.3728993171843608,0.14529688876935243,0.1032173934849778,-0.16542587788057972
2017-10-01,0.1304780876494105,0.16799744069949218,1.040272709112422,-0.12531506547891702
2017-11-01,0.1432393987923941,0.11875873615703769,0.239248421425664,0.05780752836542824
2017-12-01,0.1450211075242125,0.20492904876166884,0.1955238855138485,-0.015891030173701637
2018-01-01,0.3749218912726615,0.16075597492851879,-0.0018725779682204,-0.02495928673714687
2018-02-01,0.2144289963339485,0.30140332032219064,0.2424541086608389,-0.03639415397647383
2018-03-01,0.1064920722568363,0.023596250269005026,0.4898312333777355,0.060933815309216044
2018-04-01,0.2383672826129723,0.09534981333206982,1.040272709112422,0.16970909096968256
2018-05-01,0.1719631311046798,0.20123790868261437,-0.7802242062877385,0.06693608925463224
2018-06-01,0.0863244425697074,0.19562583527595656,0.7769349155879013,0.23025633908391185
2018-07-01,0.1058522576914411,0.10786430993701002,0.1614372371557593,-0.09586519728265586
2018-08-01,0.0695144756552412,0.1570163074473201,0.6463528132455432,0.055336594503916814
2018-09-01,0.2054633688165497,0.04800720008429993,0.0650756925466566,0.05510067244145134
2018-10-01,0.1728211837762838,0.16777914032297847,-0.1102781545507913,0.1288083981526249
2018-11-01,0.0341147229397043,0.10226543903611018,0.0793379083257717,0.010063240702232079
2018-12-01,0.0691805514956511,-0.1889375845458221,0.0245031858946198,0.015431024805868887
2019-01-01,-0.0516061187330163,-0.05935540377587811,-0.6643059707801324,-0.14034362436400372
2019-02-01,0.1831501831501825,0.18331844253843732,-0.5464105661296959,-0.10189706727488534
2019-03-01,0.2265743513944595,0.27724457320367746,0.0375350919074701,-0.06625635038225752
2019-04-01,0.2823351347155833,0.183708731750984,-0.584880588904857,-0.0864313082448529
2019-05-01,0.0725619195046434,0.2643069663656781,0.1153763419832865,-0.06272113610365437
2019-06-01,0.0473727461690831,0.005901477600174232,0.0444370653957415,-0.13748676547324123
2019-07-01,0.1333539484364765,0.01921781912713616,-0.4848810250152602,-0.2774955210486816
2019-08-01,0.0463222095693938,0.21372937849035667,0.6849073187575438,-0.17898484881706267
2019-09-01,0.0607697501687987,0.026836202835098355,-0.3383704050117342,-0.396931058198966
2019-10-01,0.1773784620130447,0.18729992367472503,-0.7802242062877385,-0.1974407545884045
2019-11-01,0.1029667908041931,0.03167820022621326,0.5019319103877651,-0.2731003210118814
2019-12-01,0.2720526032454096,0.17799314606697925,-0.2323979862111191,-0.18588503151325675
2020-01-01,0.175443642325046,0.17599719877492648,-0.6553569655153413,-0.047281247982862595
2020-02-01,0.0794334386065687,0.10264225790158577,0.3362241150981271,-0.09868568810678902
2020-03-01,-0.2887934744149945,-0.029713381079000012,-0.7802242062877385,-0.20204649329375535
2020-04-01,-0.415264071505983,-0.5213914434267117,-0.7802242062877385,-0.9222258367103695
2020-05-01,0.1001560122498412,-0.08775947707164744,1.040272709112422,-3.637940443852444
2020-06-01,0.3155606011044698,0.42298107047296596,1.040272709112422,0.8399250710855348
2020-07-01,0.2953869761197047,0.3453434128284121,1.040272709112422,0.8604975351158366
2020-08-01,0.2792174262273184,0.20780114118062776,0.9779469953359988,0.6000703662338438
2020-09-01,0.1783160102984515,0.2473421947204999,0.0125058751559326,0.640764021602557
2020-10-01,0.0894752372521567,0.029757299343225574,0.8049650452395696,0.42860379101725954
2020-11-01,0.1017584236003399,0.11558731760679186,0.3537338457753503,0.3548308102991484
2020-12-01,0.4189705295559509,0.20396230504284696,1.040272709112422,0.18215200369415996
2021-01-01,0.423845069489781,0.3153310810372898,0.5278407531287055,0.26159514884033896
2021-02-01,0.3325576794445339,0.27806516872855136,-0.7802242062877385,0.2882204215812614
2021-03-01,0.5201877934272403,0.3467803928077391,1.040272709112422,0.08599003274725092
2021-04-01,0.526836923421814,0.18161533644683603,0.1759403815192461,0.3512242820398157
2021-05-01,0.5175714099871831,0.24913943434551022,0.8873899513690775,0.31261178254690947
2021-06-01,0.5407903859486973,0.33022571003704426,0.3674825234604384,0.2077303808266393
2021-07-01,0.4560500183891092,0.3160004461155057,0.4541141317472075,0.24861776715435013
2021-08-01,0.3825876839715914,0.29322668381543027,-0.2076768619846625,-0.0271595136569438
2021-09-01,0.3282455276546914,0.22743494987096025,-0.7802242062877385,-0.18372156341500911
2021-10-01,0.6616136830434272,0.33546884806995036,1.040272709112422,-0.21395375056805221
2021-11-01,0.666293494158654,0.5223667669154932,0.678038170963835,-0.26825360906983775
2021-12-01,0.6197309417040442,0.29542962725232513,-0.2902878489551397,-0.34715089198828153
2022-01-01,0.547280976192388,0.21784074793020558,-0.3847966543571557,-0.28495742976855
2022-02-01,0.5903993617304204,0.5933065411334435,0.6196499297304259,-0.24907887342880386
2022-03-01,0.8795198773254853,0.5406250743340211,0.5796258967684542,-0.4037826640623692
2022-04-01,0.2996444452209701,0.7705117889456181,0.0486237889668395,-0.25129014325456644
2022-05-01,0.6210152248893985,0.22063354370029176,-0.1049881703469979,0.1383767154349851
2022-06-01,0.9634278294741394,0.4062329085577905,-0.3113481721247146,-0.3306852687314734
2022-07-01,-0.0060014746480652,0.6346791654177522,0.2029341305509913,-0.4159562289423633
2022-08-01,0.2786566178803351,0.13731483549564594,-0.1251691809173838,-0.6224069114159168
2022-09-01,0.3548342966585682,0.3687857584445755,0.1933799753304432,-0.3052389111371241
2022-10-01,0.4668955704560718,0.19078428181102103,-0.0384038984399537,-0.13956754505349345
2022-11-01,0.2586521256116469,0.5219196808774891,-0.2940162701512649,-0.07509110370492422
2022-12-01,0.1353363107321703,0.5075699812269998,-0.7802242062877385,-0.28806252406596045
2023-01-01,0.5355453439654045,0.29549669061522543,0.7403294095005952,-0.4125748173470889
2023-02-01,0.2949133744475585,0.49252470752297217,0.1359136361374968,-0.37876774120938705
2023-03-01,0.1415777965803499,0.40887391906822224,0.3764844756045216,-0.028003792036358277
2023-04-01,0.3454968294600791,0.29180513210334214,0.2301513059230542,-0.29380319398357635
2023-05-01,0.1659010762728119,0.5459758967435064,-0.3203855688226453,-0.3339881162802243
2023-06-01,0.2655014565126734,0.2661980532019168,-0.7802242062877385,-0.17372435837039468
2023-07-01,0.1145522914608676,0.41163762506758195,0.786159752935478,-0.10610824305044986
2023-08-01,0.3009775551999549,0.4543532240571371,-0.0667943753982713,0.060089943340756236
2023-09-01,0.3711664048937635,0.447604195740853,0.1802868524474199,-0.04549161353920361
2023-10-01,0.0535336314744894,0.4807519702723906,-0.5466184787138562,0.031153577661678256
2023-11-01,0.0074083829969318,0.21412259066775974,0.393156489222024,0.06164851546468064
2023-12-01,0.1374564789740961,0.16834315634364083,-0.2585662461990878,0.0038937696679255396
2024-01-01,0.4685188229492043,0.2152225002806034,-0.7802242062877385,0.017919392106222176
2024-02-01,0.3010717499795534,0.396017330609284,1.040272709112422,0.0005401637987443308
2024-03-01,0.3588965562244084,0.3753245677479544,0.1720097721493729,-0.025404101570051907
2024-04-01,0.2462653814268689,0.42262378860930516,-0.2131249533384838,0.10812107456123599
2024-05-01,0.0056753228853345,0.35391148211252865,0.6180955554181189,0.15765064305560728
2024-06-01,0.1548464506923474,0.23290676076218153,0.0307347590295714,-0.07489385746858801
2024-07-01,0.1594638130469006,0.31323037488418315,-0.7802242062877385,0.07752719881591119
2024-08-01,0.1236503523630805,0.3401775174018886,0.4553106404856288,0.025240397337757514
2024-09-01,0.2219728950915822,0.16456185751441543,-0.619829156166074,-0.06709454527976355
2024-10-01,0.2657775200541223,0.22089650690355533,-0.3395505789091979,-0.0038702601506912515
2024-11-01,0.1148649734123763,0.34870468717749237,-0.1779439928822346,0.18343720710844735
2024-12-01,0.2743968484478998,0.24231155792655823,1.040272709112422,0.08843438149114746
2025-01-01,0.350458877091353,0.27985042912988867,-0.261743314132834,0.2113641965580566
2025-02-01,0.4018593970514406,0.41436121774214296,1.033931046612846,0.27568227550387014
2025-03-01,0.0158829742457511,0.3114059772221216,-0.0582595527367613,-0.01854493765559795
2025-04-01,0.1659507229575751,0.2839383277680936,0.1983365069813558,0.011622475352201178
2025-05-01,0.1823226317875459,0.22617405958164127,-0.1038119019209582,0.11214717621099801
2025-06-01,0.2872289919291004,0.4305171442079332,0.424479189840965,0.10764647049508547
2025-07-01,0.1625336310486558,0.48642418806824095,-0.2144439521488683,0.20963901439222887
2025-08-01,0.2646732152281617,0.38735837478076807,-0.0757791039120991,0.18749027271377905
