date,value,first_diff,pct_change_mom,pct_change_yoy,zscore_value,zscore_first_diff,zscore_pct_change_mom,minmax_value,minmax_first_diff,minmax_pct_change_mom
1990-01-01,8.23,,,,2.2808721342709046,,,0.9927184466019419,,
1990-02-01,8.24,0.009999999999999787,0.12150668286754485,,2.285131447490123,0.10802926208679046,-0.0704765806860483,0.9939320388349516,0.5843373493975903,0.3814538371038978
1990-03-01,8.28,0.03999999999999915,0.4854368932038833,,2.302168700366995,0.27295649851110587,-0.04868443145884457,0.9987864077669903,0.6024096385542165,0.38295577130528585
1990-04-01,8.26,-0.019999999999999574,-0.24154589371979673,,2.2936500739285592,-0.056897974337524915,-0.09221617718450964,0.9963592233009709,0.5662650602409642,0.3799555248830611
1990-05-01,8.18,-0.08000000000000007,-0.9685230024213065,,2.2595755681748138,-0.3867524471861654,-0.13574758289810268,0.9866504854368933,0.5301204819277109,0.37695530189476917
1990-06-01,8.29,0.10999999999999943,1.344743276283622,,2.3064280135862134,0.6577867168345182,0.002770854197864097,1.0,0.6445783132530118,0.38650211510847204
1990-07-01,8.15,-0.1399999999999988,-1.6887816646562026,,2.2467976285171596,-0.7166069200347961,-0.1788766878853007,0.9830097087378642,0.49397590361445864,0.37398280582840293
1990-08-01,8.13,-0.019999999999999574,-0.24539877300613355,,2.2382790020787233,-0.056897974337524915,-0.09244688768332933,0.9805825242718449,0.5662650602409642,0.37993962411140325
1990-09-01,8.2,0.06999999999999851,0.8610086100860892,,2.26809419461325,0.4378837349354212,-0.026195188556338216,0.9890776699029127,0.6204819277108425,0.3845057498194029
1990-10-01,8.11,-0.08999999999999986,-1.097560975609757,,2.2297603756402866,-0.4417281926609372,-0.14347437965152368,0.9781553398058253,0.5240963855421689,0.37642276422764226
1990-11-01,7.81,-0.2999999999999998,-3.6991368680641123,,2.101980979063742,-1.5962188476311692,-0.2992568029404983,0.9417475728155341,0.3975903614457833,0.3656861018143385
1990-12-01,7.31,-0.5,-6.40204865556978,,1.8890153181028337,-2.6957337571266295,-0.4611072219174087,0.8810679611650487,0.27710843373493976,0.35453122777066437
1991-01-01,6.91,-0.39999999999999947,-5.471956224350194,-16.038882138517618,1.7186427893341074,-2.145976302378897,-0.40541326609687395,0.8325242718446604,0.3373493975903618,0.3583697044709357
1991-02-01,6.25,-0.6600000000000001,-9.551374819102755,-24.15048543689321,1.4375281168657088,-3.575345684722998,-0.6496889438289266,0.7524271844660195,0.18072289156626498,0.341534008683068
1991-03-01,6.12,-0.1299999999999999,-2.079999999999993,-26.086956521739125,1.3821570450158727,-0.6616311745600293,-0.20230285065522022,0.7366504854368934,0.5000000000000001,0.37236825396825396
1991-04-01,5.91,-0.20999999999999996,-3.4313725490196068,-28.450363196125906,1.2927114674122913,-1.1014371383582133,-0.28322306945916487,0.7111650485436894,0.4518072289156627,0.3667911609088079
1991-05-01,5.78,-0.1299999999999999,-2.1996615905245376,-29.339853300733488,1.2373403955624553,-0.6616311745600293,-0.20946818940262854,0.6953883495145633,0.5000000000000001,0.37187441248354947
1991-06-01,5.9,0.1200000000000001,2.076124567474058,-28.829915560916753,1.2884521541930731,0.712762462309295,0.046565982458518645,0.7099514563106798,0.6506024096385544,0.38952051408798816
1991-07-01,5.82,-0.08000000000000007,-1.3559322033898313,-28.588957055214724,1.2543776484393279,-0.3867524471861654,-0.15894565461546703,0.7002427184466021,0.5301204819277109,0.3753564702717245
1991-08-01,5.66,-0.16000000000000014,-2.7491408934707917,-30.38130381303814,1.1862286369318373,-0.8265584109843495,-0.2423710224925173,0.6808252427184468,0.4819277108433735,0.369606720122184
1991-09-01,5.45,-0.20999999999999996,-3.7102473498233257,-33.536585365853654,1.096783059328256,-1.1014371383582133,-0.29992209883956406,0.6553398058252429,0.4518072289156627,0.36564024903247516
1991-10-01,5.21,-0.2400000000000002,-4.4036697247706424,-35.75832305795315,0.9945595420670199,-1.2663643747825335,-0.341444246336933,0.6262135922330099,0.4337349397590361,0.36277850589777194
1991-11-01,4.81,-0.40000000000000036,-7.677543186180424,-38.41229193341869,0.8241870132982934,-2.1459763023789016,-0.5374838632626295,0.5776699029126214,0.33734939759036126,0.34926728208877916
1991-12-01,4.43,-0.3799999999999999,-7.900207900207901,-39.398084815321475,0.6623331109680032,-2.0360248114293533,-0.5508170313753701,0.5315533980582525,0.3493975903614459,0.3483483483483483
1992-01-01,4.03,-0.39999999999999947,-9.029345372460485,-41.67872648335745,0.491960582199277,-2.145976302378897,-0.6184298087554484,0.4830097087378642,0.3373493975903618,0.34368841592317895
1992-02-01,4.06,0.02999999999999936,0.7444168734491052,-35.040000000000006,0.5047385218569312,0.21798075303633405,-0.033176704383517934,0.48665048543689327,0.5963855421686745,0.38402457757296454
1992-03-01,3.98,-0.07999999999999963,-1.970443349753681,-34.967320261437905,0.4706640161031861,-0.386752447186163,-0.1957425959602507,0.47694174757281566,0.5301204819277111,0.37282039252482607
1992-04-01,3.73,-0.25,-6.281407035175879,-36.886632825719126,0.36418118562273205,-1.3213401202573054,-0.45388319895925455,0.4466019417475729,0.427710843373494,0.35502911382308366
1992-05-01,3.82,0.08999999999999986,2.4128686327077764,-33.91003460207613,0.40251500459569545,0.5478352258849746,0.06673022470201476,0.45752427184466027,0.6325301204819277,0.3909102515000638
1992-06-01,3.76,-0.06000000000000005,-1.5706806282722474,-36.27118644067797,0.37695912528038644,-0.27680095623661943,-0.17180479515513128,0.450242718446602,0.5421686746987953,0.3744702069309399
1992-07-01,3.25,-0.5099999999999998,-13.563829787234038,-44.15807560137457,0.15973415110026032,-2.7507095026014015,-0.88995483808415,0.3883495145631069,0.27108433734939774,0.32497467071935154
1992-08-01,3.3,0.04999999999999982,1.538461538461533,-41.69611307420495,0.18103071719635105,0.3279322439858825,0.014370708119070959,0.39441747572815544,0.608433734939759,0.38730158730158726
1992-09-01,3.22,-0.07999999999999963,-2.4242424242424176,-40.917431192660544,0.14695621144260593,-0.386752447186163,-0.2229160948057739,0.3847087378640778,0.5301204819277111,0.3709475709475709
1992-10-01,3.1,-0.1200000000000001,-3.7267080745341685,-40.49904030710173,0.09584445281198795,-0.6066554290852575,-0.3009077674075983,0.3701456310679613,0.5060240963855421,0.3655723158828748
1992-11-01,3.09,-0.010000000000000231,-0.3225806451612967,-35.75883575883576,0.09158513959276969,-0.0019222288627555619,-0.0970685399338689,0.3689320388349515,0.5722891566265059,0.379621095750128
1992-12-01,2.92,-0.16999999999999993,-5.501618122977348,-34.085778781038364,0.019176814866060977,-0.8815341564591213,-0.4071894212576333,0.3483009708737865,0.4759036144578314,0.35824729028612523
1993-01-01,3.02,0.10000000000000009,3.424657534246589,-25.0620347394541,0.061769947058242625,0.6028109713597488,0.12731616701327536,0.3604368932038836,0.63855421686747,0.3950858882365732
1993-02-01,3.03,0.009999999999999787,0.3311258278145601,-25.369458128078815,0.0660292602774607,0.10802926208679046,-0.05792458154494241,0.36165048543689327,0.5843373493975903,0.3823189319878061
1993-03-01,3.07,0.040000000000000036,1.320132013201314,-22.864321608040207,0.08306651315433336,0.2729564985111107,0.001297131207777733,0.3665048543689321,0.602409638554217,0.38640054481638636
1993-04-01,2.96,-0.10999999999999988,-3.583061889250816,-20.643431635388744,0.036214067742933634,-0.5516796836104833,-0.29230623058349026,0.3531553398058253,0.5120481927710845,0.36616514140944106
1993-05-01,3.0,0.040000000000000036,1.3513513513513598,-21.46596858638743,0.053251320619806294,0.2729564985111107,0.003166545882397841,0.35800970873786414,0.602409638554217,0.3865293865293865
1993-06-01,3.04,0.040000000000000036,1.333333333333342,-19.14893617021276,0.07028857349667895,0.2729564985111107,0.002087626555903324,0.36286407766990303,0.602409638554217,0.3864550264550265
1993-07-01,3.06,0.020000000000000018,0.6578947368421018,-5.846153846153845,0.07880719993511529,0.1630050075615647,-0.038357651880714654,0.36529126213592245,0.5903614457831327,0.38366750208855466
1993-08-01,3.03,-0.03000000000000025,-0.9803921568627527,-8.18181818181818,0.0660292602774607,-0.11187371981230158,-0.13645830813454207,0.36165048543689327,0.5602409638554217,0.3769063180827886
1993-09-01,3.09,0.06000000000000005,1.980198019801982,-4.037267080745355,0.09158513959276969,0.38290798946065674,0.040821898614013405,0.3689320388349515,0.6144578313253013,0.38912462674838916
1993-10-01,2.99,-0.09999999999999964,-3.2362459546925404,-3.548387096774186,0.048992007400588226,-0.496703938135709,-0.27153888457700953,0.3567961165048545,0.5180722891566268,0.36759644526634827
1993-11-01,3.02,0.029999999999999805,1.0033444816053505,-2.265372168284785,0.061769947058242625,0.2179807530363365,-0.017672113350063908,0.3604368932038836,0.5963855421686747,0.38509316770186336
1993-12-01,2.96,-0.06000000000000005,-1.9867549668874163,1.3698630136986356,0.036214067742933634,-0.27680095623661943,-0.19671933596319482,0.3531553398058253,0.5421686746987953,0.37275307473982966
1994-01-01,3.05,0.08999999999999986,3.040540540540526,0.9933774834437026,0.07454788671589703,0.5478352258849746,0.1043152327412585,0.3640776699029127,0.6325301204819277,0.39350064350064345
1994-02-01,3.25,0.20000000000000018,6.557377049180335,7.26072607260726,0.15973415110026032,1.1525684261074791,0.31490348243102173,0.3883495145631069,0.6987951807228918,0.40801457194899815
1994-03-01,3.34,0.08999999999999986,2.7692307692307683,8.794788273615639,0.19806797007322371,0.5478352258849746,0.08806919749808208,0.3992718446601943,0.6325301204819277,0.3923809523809524
1994-04-01,3.56,0.2200000000000002,6.586826347305386,20.270270270270263,0.29177286089602333,1.2625199170570252,0.316666907068906,0.42597087378640786,0.7108433734939761,0.40813610873491113
1994-05-01,4.01,0.44999999999999973,12.64044943820224,33.666666666666664,0.4834419557608405,2.526962062976801,0.6791579946874658,0.4805825242718447,0.8493975903614458,0.433119315141787
1994-06-01,4.25,0.2400000000000002,5.985037406483795,39.80263157894737,0.5856654730220765,1.372471408006571,0.28063177167977477,0.5097087378640778,0.7228915662650605,0.40565253532834583
1994-07-01,4.26,0.009999999999999787,0.23529411764704466,39.2156862745098,0.5899247862412945,0.10802926208679046,-0.06366298651752929,0.5109223300970874,0.5843373493975903,0.38192343604108303
1994-08-01,4.47,0.20999999999999996,4.929577464788726,47.524752475247524,0.6793703638448759,1.2075441715822508,0.21743080649609903,0.5364077669902914,0.7048192771084338,0.40129666890230264
1994-09-01,4.73,0.2600000000000007,5.816554809843422,53.07443365695794,0.7901125075445484,1.4824228989561195,0.27054302998179763,0.5679611650485439,0.7349397590361451,0.4049572103263379
1994-10-01,4.76,0.02999999999999936,0.6342494714587588,59.1973244147157,0.8028904472022026,0.21798075303633405,-0.03977353090673569,0.571601941747573,0.5963855421686745,0.3835699184536393
1994-11-01,5.29,0.5300000000000002,11.13445378151261,75.16556291390728,1.0286340478207652,2.9667680267749867,0.5889789406985969,0.6359223300970875,0.8975903614457834,0.4269040949713218
1994-12-01,5.45,0.16000000000000014,3.0245746691871522,84.12162162162163,1.096783059328256,0.9326654442083869,0.10335919600346334,0.6553398058252429,0.6746987951807231,0.39343475260299454
1995-01-01,5.53,0.08000000000000007,1.4678899082568808,81.31147540983608,1.1308575650820012,0.4928594804102028,0.010144877306054612,0.6650485436893205,0.6265060240963857,0.38701033930391726
1995-02-01,5.92,0.3899999999999997,7.052441229656403,82.15384615384616,1.2969707806315094,2.1971075901281627,0.34454793675650136,0.7123786407766992,0.8132530120481927,0.4100576939636613
1995-03-01,5.98,0.0600000000000005,1.013513513513531,79.0419161676647,1.3225266599468186,0.3829079894606592,-0.017063191489374026,0.7196601941747575,0.6144578313253016,0.3851351351351352
1995-04-01,6.05,0.0699999999999994,1.1705685618728978,69.9438202247191,1.3523418524813453,0.4378837349354261,-0.0076587316409598444,0.7281553398058254,0.6204819277108431,0.38578329882677703
1995-05-01,6.01,-0.040000000000000036,-0.6611570247933907,49.87531172069826,1.3353045996044728,-0.1668494652870734,-0.1173425012049875,0.7233009708737865,0.5542168674698795,0.37822379640561454
1995-06-01,6.0,-0.009999999999999787,-0.16638935108153063,41.176470588235304,1.3310452863852547,-0.0019222288627531205,-0.08771580171125572,0.7220873786407769,0.5722891566265063,0.38026569474156824
1995-07-01,5.85,-0.15000000000000036,-2.500000000000002,37.323943661971825,1.267155588096982,-0.7715826655095777,-0.2274524601558082,0.7038834951456312,0.4879518072289155,0.3706349206349206
1995-08-01,5.74,-0.10999999999999943,-1.8803418803418737,28.411633109619693,1.2203031426855826,-0.5516796836104808,-0.19034731793373627,0.6905339805825245,0.5120481927710847,0.37319223985890654
1995-09-01,5.8,0.05999999999999961,1.0452961672473782,22.621564482029587,1.2458590220008914,0.3829079894606543,-0.01516004546485344,0.6978155339805826,0.6144578313253011,0.38526630164260817
1995-10-01,5.76,-0.040000000000000036,-0.6896551724137945,21.00840336134453,1.2288217691240186,-0.1668494652870734,-0.1190489709291381,0.6929611650485438,0.5542168674698795,0.3781061850027367
1995-11-01,5.8,0.040000000000000036,0.694444444444442,9.640831758034029,1.2458590220008914,0.2729564985111107,-0.03616905456271582,0.6978155339805826,0.602409638554217,0.38381834215167543
1995-12-01,5.6,-0.20000000000000018,-3.4482758620689724,2.752293577981635,1.160672757616528,-1.0464613928834414,-0.2842352402269214,0.6735436893203884,0.4578313253012048,0.3667214012041598
1996-01-01,5.56,-0.040000000000000036,-0.7142857142857117,0.5424954792043302,1.1436355047396554,-0.1668494652870734,-0.12052384833358237,0.6686893203883496,0.5542168674698795,0.3780045351473923
1996-02-01,5.22,-0.33999999999999986,-6.1151079136690605,-11.824324324324332,0.998818855286238,-1.8161218295302612,-0.44392520380166595,0.6274271844660195,0.3734939759036146,0.3557154276578737
1996-03-01,5.31,0.08999999999999986,1.724137931034475,-11.204013377926437,1.0371526742592014,0.5478352258849746,0.025489014706421603,0.6383495145631068,0.6325301204819277,0.38806787082649147
1996-04-01,5.22,-0.08999999999999986,-1.6949152542372836,-13.719008264462806,0.998818855286238,-0.4417281926609372,-0.17924396736816037,0.6274271844660195,0.5240963855421689,0.37395749260156036
1996-05-01,5.24,0.020000000000000462,0.3831417624521105,-12.811980033277859,1.0073374817246745,0.16300500756156713,-0.05480986620222224,0.629854368932039,0.5903614457831329,0.3825336009244055
1996-06-01,5.27,0.02999999999999936,0.5725190839694472,-12.16666666666667,1.0201154213823287,0.21798075303633405,-0.04346994790596458,0.633495145631068,0.5963855421686745,0.3833151581243184
1996-07-01,5.4,0.13000000000000078,2.4667931688804767,-7.692307692307676,1.075486493232165,0.7677382077840715,0.06995922714783312,0.6492718446601944,0.656626506024097,0.3911327972049035
1996-08-01,5.22,-0.1800000000000006,-3.3333333333333437,-9.059233449477356,0.998818855286238,-0.9365099019338979,-0.27735247900618065,0.6274271844660195,0.46987951807228884,0.36719576719576713
1996-09-01,5.3,0.08000000000000007,1.5325670498084198,-8.62068965517241,1.0328933610399833,0.4928594804102028,0.01401774600518658,0.6371359223300972,0.6265060240963857,0.3872772608404792
1996-10-01,5.24,-0.05999999999999961,-1.1320754716981019,-9.027777777777768,1.0073374817246745,-0.276800956236617,-0.14554110845802704,0.629854368932039,0.5421686746987955,0.3762803234501348
1996-11-01,5.31,0.0699999999999994,1.3358778625954137,-8.448275862068966,1.0371526742592014,0.4378837349354261,0.0022399930256745723,0.6383495145631068,0.6204819277108431,0.3864655276869017
1996-12-01,5.29,-0.019999999999999574,-0.37664783427494575,-5.535714285714278,1.0286340478207652,-0.056897974337524915,-0.10030608444101816,0.6359223300970875,0.5662650602409642,0.3793979613188653
1997-01-01,5.25,-0.040000000000000036,-0.7561436672967825,-5.575539568345322,1.0115967949438927,-0.1668494652870734,-0.12303030350673085,0.6310679611650487,0.5542168674698795,0.37783178803972756
1997-02-01,5.19,-0.05999999999999961,-1.1428571428571344,-0.5747126436781436,0.9860409156285838,-0.276800956236617,-0.14618671517091616,0.6237864077669905,0.5421686746987955,0.37623582766439906
1997-03-01,5.39,0.1999999999999993,3.8535645472061564,1.5065913370998052,1.0712271800129467,1.1525684261074742,0.15299912865136234,0.6480582524271846,0.6987951807228913,0.3968559806710095
1997-04-01,5.51,0.1200000000000001,2.226345083487935,5.555555555555558,1.1223389386435647,0.712762462309295,0.055561190355484714,0.6626213592233011,0.6506024096385544,0.39014047177312483
1997-05-01,5.5,-0.009999999999999787,-0.1814882032667886,4.961832061068705,1.1180796254243466,-0.0019222288627531205,-0.08861992132165175,0.6614077669902914,0.5722891566265063,0.380203382018264
1997-06-01,5.56,0.05999999999999961,1.0909090909090757,5.502846299810238,1.1436355047396554,0.3829079894606543,-0.012428742564206298,0.6686893203883496,0.6144578313253011,0.3854545454545454
1997-07-01,5.52,-0.040000000000000036,-0.7194244604316502,2.2222222222222143,1.1265982518627828,-0.1668494652870734,-0.1208315565690419,0.6638349514563108,0.5542168674698795,0.37798332762361536
1997-08-01,5.54,0.020000000000000462,0.36231884057971175,6.130268199233724,1.1351168783012193,0.16300500756156713,-0.05605674323496526,0.6662621359223303,0.5903614457831329,0.38244766505636074
1997-09-01,5.54,0.0,0.0,4.528301886792452,1.1351168783012193,0.053053516612018674,-0.07775240360469228,0.6662621359223303,0.5783132530120483,0.38095238095238093
1997-10-01,5.5,-0.040000000000000036,-0.7220216606498187,4.961832061068705,1.1180796254243466,-0.1668494652870734,-0.12098707697685562,0.6614077669902914,0.5542168674698795,0.37797260901954044
1997-11-01,5.52,0.019999999999999574,0.363636363636366,3.9548022598870025,1.1265982518627828,0.16300500756156225,-0.055977849924529845,0.6638349514563108,0.5903614457831323,0.38245310245310243
1997-12-01,5.5,-0.019999999999999574,-0.36231884057970065,3.969754253308122,1.1180796254243466,-0.056897974337524915,-0.09944806397441865,0.6614077669902914,0.5662650602409642,0.3794570968484012
1998-01-01,5.56,0.05999999999999961,1.0909090909090757,5.9047619047619015,1.1436355047396554,0.3829079894606543,-0.012428742564206298,0.6686893203883496,0.6144578313253011,0.3854545454545454
1998-02-01,5.51,-0.04999999999999982,-0.8992805755395628,6.165703275529855,1.1223389386435647,-0.22182521076184517,-0.1316013448101293,0.6626213592233011,0.5481927710843375,0.377241064291424
1998-03-01,5.49,-0.019999999999999574,-0.3629764065335661,1.855287569573294,1.1138203122051284,-0.056897974337524915,-0.09948743903861054,0.6601941747572817,0.5662650602409642,0.3794543830841472
1998-04-01,5.45,-0.040000000000000036,-0.7285974499089298,-1.0889292196007205,1.096783059328256,-0.1668494652870734,-0.1213808353864385,0.6553398058252429,0.5542168674698795,0.37794547084164565
1998-05-01,5.49,0.040000000000000036,0.7339449541284404,-0.181818181818183,1.1138203122051284,0.2729564985111107,-0.033803763149318836,0.6601941747572817,0.602409638554217,0.3839813601281491
1998-06-01,5.56,0.0699999999999994,1.2750455373406133,0.0,1.1436355047396554,0.4378837349354261,-0.001402647986637225,0.6686893203883496,0.6204819277108431,0.3862144736461676
1998-07-01,5.54,-0.019999999999999574,-0.3597122302158251,0.36231884057971175,1.1351168783012193,-0.056897974337524915,-0.09929198008686708,0.6662621359223303,0.5662650602409642,0.3794678542879982
1998-08-01,5.55,0.009999999999999787,0.18050541516245744,0.18050541516245744,1.1393761915204372,0.10802926208679046,-0.06694373526165127,0.66747572815534,0.5843373493975903,0.3816973239355911
1998-09-01,5.51,-0.040000000000000036,-0.7207207207207245,-0.5415162454873723,1.1223389386435647,-0.1668494652870734,-0.12090917666447362,0.6626213592233011,0.5542168674698795,0.37797797797797794
1998-10-01,5.07,-0.4399999999999995,-7.985480943738644,-7.818181818181813,0.9349291569979657,-2.3658792842779888,-0.5559231831509053,0.609223300970874,0.3132530120481931,0.34799642785123736
1998-11-01,4.83,-0.2400000000000002,-4.7337278106508895,-12.49999999999999,0.8327056397367298,-1.2663643747825335,-0.3612081319855034,0.580097087378641,0.4337349397590361,0.36141636141636135
1998-12-01,4.68,-0.15000000000000036,-3.105590062111807,-14.909090909090917,0.7688159414484572,-0.7715826655095777,-0.2637152067737806,0.5618932038834953,0.4879518072289155,0.36813566006112586
1999-01-01,4.63,-0.04999999999999982,-1.0683760683760646,-16.726618705035968,0.7475193753523666,-0.22182521076184517,-0.14172678674619454,0.5558252427184467,0.5481927710843375,0.37654320987654316
1999-02-01,4.76,0.1299999999999999,2.807775377969768,-13.611615245009078,0.8028904472022026,0.7677382077840668,0.09037724954126963,0.571601941747573,0.6566265060240964,0.39254002536939897
1999-03-01,4.81,0.04999999999999982,1.0504201680672232,-12.38615664845174,0.8241870132982934,0.3279322439858825,-0.014853220179853936,0.5776699029126214,0.608433734939759,0.3852874483126583
1999-04-01,4.74,-0.0699999999999994,-1.4553014553014387,-13.027522935779812,0.7943718207637664,-0.3317767017113888,-0.1648958876677109,0.5691747572815535,0.5361445783132535,0.374946374946375
1999-05-01,4.74,0.0,0.0,-13.661202185792353,0.7943718207637664,0.053053516612018674,-0.07775240360469228,0.5691747572815535,0.5783132530120483,0.38095238095238093
1999-06-01,4.76,0.019999999999999574,0.42194092827003704,-14.388489208633093,0.8028904472022026,0.16300500756156225,-0.052486571275390345,0.571601941747573,0.5903614457831323,0.3826937244658763
1999-07-01,4.99,0.23000000000000043,4.831932773109249,-9.927797833935015,0.9008546512442205,1.3174956625317993,0.21158384014956544,0.5995145631067963,0.7168674698795184,0.4008936908096572
1999-08-01,5.07,0.08000000000000007,1.603206412825653,-8.648648648648638,0.9349291569979657,0.4928594804102028,0.018247632660552415,0.609223300970874,0.6265060240963857,0.38756878837039155
1999-09-01,5.22,0.14999999999999947,2.9585798816567976,-5.263157894736848,0.998818855286238,0.8776896987336102,0.09940742663331416,0.6274271844660195,0.6686746987951805,0.39316239316239315
1999-10-01,5.2,-0.019999999999999574,-0.3831417624520994,2.564102564102555,0.9903002288478019,-0.056897974337524915,-0.10069494100716167,0.6250000000000001,0.5662650602409642,0.3793711609803564
1999-11-01,5.42,0.21999999999999975,4.230769230769216,12.215320910973082,1.0840051196706013,1.2625199170570227,0.1755861536356566,0.6516990291262137,0.7108433734939759,0.39841269841269833
1999-12-01,5.3,-0.1200000000000001,-2.2140221402214055,13.247863247863245,1.0328933610399833,-0.6066554290852575,-0.210328099443319,0.6371359223300972,0.5060240963855421,0.3718151467228958
2000-01-01,5.45,0.15000000000000036,2.8301886792452935,17.71058315334775,1.096783059328256,0.8776896987336151,0.09171935852864699,0.6553398058252429,0.668674698795181,0.3926325247079964
2000-02-01,5.73,0.28000000000000025,5.137614678899083,20.378151260504218,1.2160438294663645,1.592374389905663,0.22988807958292184,0.6893203883495148,0.7469879518072292,0.4021552351827581
2000-03-01,5.85,0.11999999999999922,2.094240837696315,21.62162162162162,1.267155588096982,0.7127624623092901,0.04765078512922551,0.7038834951456312,0.6506024096385539,0.3895952796476356
2000-04-01,6.02,0.16999999999999993,2.9059829059828957,27.004219409282683,1.339563912823691,0.9876411896831587,0.09625791854019385,0.7245145631067962,0.6807228915662651,0.3929453262786595
2000-05-01,6.27,0.25,4.152823920265791,32.27848101265822,1.4460467433041448,1.4274471534813429,0.17091878667955385,0.7548543689320389,0.7289156626506025,0.39809101935347785
2000-06-01,6.53,0.2600000000000007,4.146730462519943,37.18487394957983,1.5567888870038173,1.4824228989561195,0.17055391029189573,0.7864077669902915,0.7349397590361451,0.3980658717500823
2000-07-01,6.54,0.009999999999999787,0.15313935681469104,31.062124248496993,1.5610482002230355,0.10802926208679046,-0.06858241545454799,0.7876213592233011,0.5843373493975903,0.3815843846471717
2000-08-01,6.5,-0.040000000000000036,-0.6116207951070374,28.205128205128194,1.5440109473461627,-0.1668494652870734,-0.11437627065083704,0.7827669902912623,0.5542168674698795,0.3784282316392408
2000-09-01,6.52,0.019999999999999574,0.3076923076922977,24.90421455938696,1.5525295737845988,0.16300500756156225,-0.05932778125994017,0.7851941747572817,0.5903614457831323,0.38222222222222213
2000-10-01,6.51,-0.009999999999999787,-0.15337423312883347,25.192307692307693,1.5482702605653809,-0.0019222288627531205,-0.08693645615384044,0.7839805825242719,0.5722891566265063,0.3803194079267699
2000-11-01,6.51,0.0,0.0,20.110701107011074,1.5482702605653809,0.053053516612018674,-0.07775240360469228,0.7839805825242719,0.5783132530120483,0.38095238095238093
2000-12-01,6.4,-0.10999999999999943,-1.6897081413210335,20.75471698113209,1.5014178151539812,-0.5516796836104808,-0.1789321653289481,0.7706310679611652,0.5120481927710847,0.3739789822739132
2001-01-01,5.98,-0.41999999999999993,-6.562499999999993,9.724770642201829,1.3225266599468186,-2.2559277933284454,-0.4707150520513709,0.7196601941747575,0.3253012048192772,0.35386904761904764
2001-02-01,5.49,-0.4900000000000002,-8.193979933110374,-4.188481675392675,1.1138203122051284,-2.6407580116518576,-0.5684081073508246,0.6601941747572817,0.28313253012048184,0.347135955831608
2001-03-01,5.31,-0.1800000000000006,-3.2786885245901787,-9.230769230769232,1.0371526742592014,-0.9365099019338979,-0.27408034662254993,0.6383495145631068,0.46987951807228884,0.36742128545407227
2001-04-01,4.8,-0.5099999999999998,-9.6045197740113,-20.26578073089701,0.8199277000790752,-2.7507095026014015,-0.6528712649310128,0.5764563106796118,0.27108433734939774,0.34131468029773115
2001-05-01,4.21,-0.5899999999999999,-12.291666666666668,-32.854864433811805,0.5686282201452038,-3.1905154663995856,-0.8137776816476784,0.5048543689320389,0.22289156626506035,0.3302248677248677
2001-06-01,3.97,-0.23999999999999977,-5.700712589073631,-39.20367534456355,0.466404702883968,-1.266364374782531,-0.4191112023910844,0.47572815533980595,0.4337349397590363,0.35742563058477544
2001-07-01,3.77,-0.20000000000000018,-5.037783375314864,-42.354740061162076,0.38121843849960474,-1.0464613928834414,-0.37941498607545476,0.4514563106796118,0.4578313253012048,0.360161528927272
2001-08-01,3.65,-0.1200000000000001,-3.183023872679047,-43.84615384615385,0.33010667986898673,-0.6066554290852575,-0.2683519451021343,0.43689320388349523,0.5060240963855421,0.367816091954023
2001-09-01,3.07,-0.5800000000000001,-15.890410958904111,-52.914110429447845,0.08306651315433336,-3.1355397209248137,-1.0292705712720587,0.3665048543689321,0.2289156626506024,0.315372907153729
2001-10-01,2.49,-0.5799999999999996,-18.892508143322463,-61.75115207373272,-0.16397365356031984,-3.1355397209248115,-1.2090362185838077,0.296116504854369,0.22891566265060265,0.30298329972597077
2001-11-01,2.09,-0.40000000000000036,-16.06425702811246,-67.89554531490015,-0.33434618232904645,-2.1459763023789016,-1.0396804778287303,0.24757281553398064,0.33734939759036126,0.3146554471855676
2001-12-01,1.82,-0.2699999999999998,-12.91866028708133,-71.5625,-0.4493476392479367,-1.4312916112068501,-0.8513220738209839,0.2148058252427185,0.4156626506024098,0.3276372750056961
2002-01-01,1.73,-0.09000000000000008,-4.94505494505495,-71.07023411371239,-0.4876814582209002,-0.44172819266093843,-0.37386240557393263,0.2038834951456311,0.5240963855421688,0.3605442176870748
2002-02-01,1.74,0.010000000000000009,0.5780346820809301,-68.30601092896175,-0.483422145001682,0.10802926208679169,-0.04313967376628369,0.2050970873786408,0.5843373493975904,0.3833379209101752
2002-03-01,1.73,-0.010000000000000009,-0.5747126436781658,-67.41996233521657,-0.4876814582209002,-0.0019222288627543413,-0.11216620970839736,0.2038834951456311,0.5722891566265061,0.37858055099434407
2002-04-01,1.75,0.020000000000000018,1.1560693641618602,-63.541666666666664,-0.4791628317824639,0.1630050075615647,-0.008526943927875098,0.20631067961165053,0.5903614457831327,0.3857234608679696
2002-05-01,1.75,0.0,0.0,-58.432304038004744,-0.4791628317824639,0.053053516612018674,-0.07775240360469228,0.20631067961165053,0.5783132530120483,0.38095238095238093
2002-06-01,1.75,0.0,0.0,-55.91939546599496,-0.4791628317824639,0.053053516612018674,-0.07775240360469228,0.20631067961165053,0.5783132530120483,0.38095238095238093
2002-07-01,1.73,-0.020000000000000018,-1.1428571428571455,-54.11140583554377,-0.4876814582209002,-0.05689797433752736,-0.1461867151709168,0.2038834951456311,0.5662650602409639,0.37623582766439906
2002-08-01,1.74,0.010000000000000009,0.5780346820809301,-52.32876712328767,-0.483422145001682,0.10802926208679169,-0.04313967376628369,0.2050970873786408,0.5843373493975904,0.3833379209101752
2002-09-01,1.75,0.010000000000000009,0.5747126436781658,-42.99674267100977,-0.4791628317824639,0.10802926208679169,-0.04333859750098721,0.20631067961165053,0.5843373493975904,0.3833242109104178
2002-10-01,1.75,0.0,0.0,-29.718875502008036,-0.4791628317824639,0.053053516612018674,-0.07775240360469228,0.20631067961165053,0.5783132530120483,0.38095238095238093
2002-11-01,1.34,-0.4099999999999999,-23.42857142857142,-35.88516746411482,-0.6537946737704085,-2.200952047853672,-1.4806557907122913,0.15655339805825247,0.33132530120481934,0.28426303854875284
2002-12-01,1.24,-0.10000000000000009,-7.462686567164189,-31.868131868131865,-0.6963878059625901,-0.49670393813571145,-0.5246182440557848,0.14441747572815536,0.5180722891566265,0.35015399194503666
2003-01-01,1.24,0.0,0.0,-28.32369942196532,-0.6963878059625901,0.053053516612018674,-0.07775240360469228,0.14441747572815536,0.5783132530120483,0.38095238095238093
2003-02-01,1.26,0.020000000000000018,1.6129032258064502,-27.586206896551722,-0.6878691795241537,0.1630050075615647,0.018828278041188792,0.14684466019417478,0.5903614457831327,0.38760880696364564
2003-03-01,1.25,-0.010000000000000009,-0.7936507936507908,-27.74566473988439,-0.692128492743372,-0.0019222288627543413,-0.12527623108123684,0.14563106796116507,0.5722891566265061,0.37767699672461574
2003-04-01,1.26,0.010000000000000009,0.8000000000000007,-28.000000000000004,-0.6878691795241537,0.10802926208679169,-0.029848385508335185,0.14684466019417478,0.5843373493975904,0.38425396825396824
2003-05-01,1.26,0.0,0.0,-28.000000000000004,-0.6878691795241537,0.053053516612018674,-0.07775240360469228,0.14684466019417478,0.5783132530120483,0.38095238095238093
2003-06-01,1.22,-0.040000000000000036,-3.1746031746031744,-30.28571428571428,-0.7049064324010265,-0.1668494652870734,-0.26784771351087105,0.14199029126213594,0.5542168674698795,0.3678508440413202
2003-07-01,1.01,-0.20999999999999996,-17.213114754098356,-41.61849710982659,-0.7943520100046078,-1.1014371383582133,-1.10847410444844,0.11650485436893206,0.4518072289156627,0.30991412958626074
2003-08-01,1.03,0.020000000000000018,1.980198019801982,-40.804597701149426,-0.7858333835661715,0.1630050075615647,0.040821898614013405,0.11893203883495147,0.5903614457831327,0.38912462674838916
2003-09-01,1.01,-0.020000000000000018,-1.9417475728155331,-42.285714285714285,-0.7943520100046078,-0.05689797433752736,-0.19402429218808315,0.11650485436893206,0.5662650602409639,0.3729388195407613
2003-10-01,1.01,0.0,0.0,-42.285714285714285,-0.7943520100046078,0.053053516612018674,-0.07775240360469228,0.11650485436893206,0.5783132530120483,0.38095238095238093
2003-11-01,1.0,-0.010000000000000009,-0.990099009900991,-25.373134328358216,-0.798611323223826,-0.0019222288627543413,-0.13703955471404514,0.11529126213592235,0.5722891566265061,0.37686625805437685
2003-12-01,0.98,-0.020000000000000018,-2.0000000000000018,-20.967741935483875,-0.8071299496622623,-0.05689797433752736,-0.19751244884558505,0.11286407766990293,0.5662650602409639,0.3726984126984127
2004-01-01,1.0,0.020000000000000018,2.0408163265306145,-19.354838709677413,-0.798611323223826,0.1630050075615647,0.044451724192137075,0.11529126213592235,0.5903614457831327,0.3893747975380628
2004-02-01,1.01,0.010000000000000009,1.0000000000000009,-19.84126984126984,-0.7943520100046078,0.10802926208679169,-0.01787238098424591,0.11650485436893206,0.5843373493975904,0.3850793650793651
2004-03-01,1.0,-0.010000000000000009,-0.990099009900991,-19.999999999999996,-0.798611323223826,-0.0019222288627543413,-0.13703955471404514,0.11529126213592235,0.5722891566265061,0.37686625805437685
2004-04-01,1.0,0.0,0.0,-20.63492063492064,-0.798611323223826,0.053053516612018674,-0.07775240360469228,0.11529126213592235,0.5783132530120483,0.38095238095238093
2004-05-01,1.0,0.0,0.0,-20.63492063492064,-0.798611323223826,0.053053516612018674,-0.07775240360469228,0.11529126213592235,0.5783132530120483,0.38095238095238093
2004-06-01,1.03,0.030000000000000027,3.0000000000000027,-15.573770491803273,-0.7858333835661715,0.2179807530363377,0.10188766425664683,0.11893203883495147,0.5963855421686748,0.3933333333333333
2004-07-01,1.26,0.22999999999999998,22.330097087378633,24.752475247524753,-0.6878691795241537,1.3174956625317968,1.2593743151043029,0.14684466019417478,0.7168674698795182,0.47310833718600703
2004-08-01,1.43,0.16999999999999993,13.492063492063489,38.83495145631066,-0.6154608547974451,0.9876411896831587,0.7301526634965674,0.16747572815533981,0.6807228915662651,0.436633912824389
2004-09-01,1.61,0.18000000000000016,12.587412587412604,59.405940594059416,-0.538793216851518,1.042616935157933,0.6759821468624653,0.18932038834951462,0.6867469879518074,0.43290043290043295
2004-10-01,1.76,0.1499999999999999,9.316770186335388,74.25742574257426,-0.4749035185632457,0.8776896987336127,0.48013600590257066,0.20752427184466024,0.6686746987951808,0.41940254362614604
2004-11-01,1.93,0.16999999999999993,9.659090909090896,93.0,-0.402495193836537,0.9876411896831587,0.500634178524618,0.22815533980582528,0.6807228915662651,0.4208152958152957
2004-12-01,2.16,0.2300000000000002,11.917098445595876,120.40816326530614,-0.3045309897945192,1.3174956625317982,0.6358437208876745,0.25606796116504865,0.7168674698795183,0.4301340570770623
2005-01-01,2.28,0.11999999999999966,5.555555555555536,127.99999999999999,-0.2534192311639014,0.7127624623092925,0.25491438873111943,0.2706310679611651,0.6506024096385541,0.4038800705467371
2005-02-01,2.5,0.2200000000000002,9.649122807017552,147.5247524752475,-0.15971434034110177,1.2625199170570252,0.5000372883469832,0.29733009708737873,0.7108433734939761,0.42077415761626286
2005-03-01,2.63,0.1299999999999999,5.200000000000005,163.0,-0.10434326849126571,0.7677382077840668,0.23362371402162885,0.31310679611650494,0.6566265060240964,0.4024126984126984
2005-04-01,2.79,0.16000000000000014,6.083650190114076,179.0,-0.036194256983775076,0.9326654442083869,0.28653670739422116,0.33252427184466027,0.6746987951807231,0.4060595087211057
2005-05-01,3.0,0.20999999999999996,7.526881720430101,200.0,0.053251320619806294,1.2075441715822508,0.37295744407608605,0.35800970873786414,0.7048192771084338,0.41201570233828294
2005-06-01,3.04,0.040000000000000036,1.333333333333342,195.14563106796118,0.07028857349667895,0.2729564985111107,0.002087626555903324,0.36286407766990303,0.602409638554217,0.3864550264550265
2005-07-01,3.26,0.21999999999999975,7.2368421052631415,158.7301587301587,0.1639934643194784,1.2625199170570227,0.355589865359063,0.38956310679611655,0.7108433734939759,0.4108187134502923
2005-08-01,3.5,0.2400000000000002,7.361963190184051,144.75524475524475,0.2662169815807144,1.372471408006571,0.3630821187544218,0.4186893203883496,0.7228915662650605,0.41133508618171194
2005-09-01,3.62,0.1200000000000001,3.4285714285714253,124.84472049689441,0.31732874021133234,0.712762462309295,0.1275505310939806,0.43325242718446616,0.6506024096385544,0.3951020408163265
2005-10-01,3.78,0.1599999999999997,4.41988950276242,114.77272727272725,0.3854777517188228,0.9326654442083845,0.18691067980059464,0.45266990291262144,0.6746987951807228,0.39919319477330517
2005-11-01,4.0,0.2200000000000002,5.820105820105836,107.25388601036272,0.4791826425416224,1.2625199170570252,0.27075566455663647,0.47936893203883507,0.7108433734939761,0.40497186528932566
2005-12-01,4.16,0.16000000000000014,4.0000000000000036,92.59259259259258,0.5473316540491131,0.9326654442083869,0.1617676868770932,0.4987864077669904,0.6746987951807231,0.39746031746031746
2006-01-01,4.29,0.1299999999999999,3.125,88.15789473684212,0.6027027258989491,0.7677382077840668,0.10937266708420247,0.5145631067961166,0.6566265060240964,0.39384920634920634
2006-02-01,4.49,0.20000000000000018,4.66200466200466,79.60000000000001,0.6878889902833124,1.1525684261074791,0.20140854101277292,0.5388349514563109,0.6987951807228918,0.40019240019240016
2006-03-01,4.59,0.09999999999999964,2.2271714922048824,74.52471482889733,0.7304821224754938,0.6028109713597464,0.05561067572814926,0.5509708737864079,0.6385542168674697,0.39014388234878206
2006-04-01,4.79,0.20000000000000018,4.357298474945548,71.68458781362006,0.8156683868598572,1.1525684261074791,0.18316272763908337,0.5752427184466021,0.6987951807228918,0.39893488259501336
2006-05-01,4.94,0.15000000000000036,3.131524008350728,64.66666666666667,0.8795580851481297,0.8776896987336151,0.10976332485182003,0.5934466019417478,0.668674698795181,0.39387613082811407
2006-06-01,4.99,0.04999999999999982,1.0121457489878471,64.14473684210526,0.9008546512442205,0.3279322439858825,-0.01714509326011141,0.5995145631067963,0.608433734939759,0.3851294903926482
2006-07-01,5.24,0.25,5.010020040080154,60.73619631901843,1.0073374817246745,1.4274471534813429,0.22224770972419672,0.629854368932039,0.7289156626506025,0.4016286541336641
2006-08-01,5.25,0.009999999999999787,0.190839694656475,50.0,1.0115967949438927,0.10802926208679046,-0.06632491837178349,0.6310679611650487,0.5843373493975903,0.3817399733430267
2006-09-01,5.25,0.0,0.0,45.027624309392266,1.0115967949438927,0.053053516612018674,-0.07775240360469228,0.6310679611650487,0.5783132530120483,0.38095238095238093
2006-10-01,5.25,0.0,0.0,38.88888888888891,1.0115967949438927,0.053053516612018674,-0.07775240360469228,0.6310679611650487,0.5783132530120483,0.38095238095238093
2006-11-01,5.25,0.0,0.0,31.25,1.0115967949438927,0.053053516612018674,-0.07775240360469228,0.6310679611650487,0.5783132530120483,0.38095238095238093
2006-12-01,5.24,-0.009999999999999787,-0.19047619047618536,25.96153846153846,1.0073374817246745,-0.0019222288627531205,-0.0891581221990627,0.629854368932039,0.5722891566265063,0.3801662887377173
2007-01-01,5.25,0.009999999999999787,0.190839694656475,22.377622377622373,1.0115967949438927,0.10802926208679046,-0.06632491837178349,0.6310679611650487,0.5843373493975903,0.3817399733430267
2007-02-01,5.26,0.009999999999999787,0.19047619047618536,17.14922048997771,1.0158561081631106,0.10802926208679046,-0.06634668501032186,0.6322815533980584,0.5843373493975903,0.38173847316704457
2007-03-01,5.26,0.0,0.0,14.596949891067545,1.0158561081631106,0.053053516612018674,-0.07775240360469228,0.6322815533980584,0.5783132530120483,0.38095238095238093
2007-04-01,5.25,-0.009999999999999787,-0.1901140684410607,9.603340292275565,1.0115967949438927,-0.0019222288627531205,-0.08913643832340808,0.6310679611650487,0.5722891566265063,0.3801677832096083
2007-05-01,5.25,0.0,0.0,6.275303643724683,1.0115967949438927,0.053053516612018674,-0.07775240360469228,0.6310679611650487,0.5783132530120483,0.38095238095238093
2007-06-01,5.25,0.0,0.0,5.210420841683372,1.0115967949438927,0.053053516612018674,-0.07775240360469228,0.6310679611650487,0.5783132530120483,0.38095238095238093
2007-07-01,5.26,0.009999999999999787,0.19047619047618536,0.3816793893129722,1.0158561081631106,0.10802926208679046,-0.06634668501032186,0.6322815533980584,0.5843373493975903,0.38173847316704457
2007-08-01,5.02,-0.2400000000000002,-4.562737642585557,-4.380952380952385,0.9136325909018747,-1.2663643747825335,-0.3509692368538773,0.6031553398058254,0.4337349397590361,0.36212203512583735
2007-09-01,4.94,-0.07999999999999918,-1.5936254980079556,-5.9047619047619015,0.8795580851481297,-0.38675244718616053,-0.17317873447392867,0.5934466019417478,0.5301204819277114,0.3743755138177449
2007-10-01,4.76,-0.1800000000000006,-3.6437246963562875,-9.333333333333337,0.8028904472022026,-0.9365099019338979,-0.2959387208451857,0.571601941747573,0.46987951807228884,0.36591478696741847
2007-11-01,4.49,-0.2699999999999996,-5.672268907563016,-14.476190476190476,0.6878889902833124,-1.431291611206849,-0.41740799409882,0.5388349514563109,0.4156626506024099,0.3575430172068828
2007-12-01,4.24,-0.25,-5.56792873051225,-19.083969465648853,0.5814061598028584,-1.3213401202573054,-0.4111601019367988,0.5084951456310681,0.427710843373494,0.357973627461378
2008-01-01,3.94,-0.30000000000000027,-7.075471698113212,-24.95238095238095,0.45362676322631346,-1.5962188476311716,-0.5014318089380391,0.4720873786407768,0.397590361445783,0.35175202156334223
2008-02-01,2.98,-0.96,-24.365482233502533,-43.34600760456273,0.044732694181369964,-5.224618048966186,-1.536758030904907,0.3555825242718447,0.0,0.28039642252840224
2008-03-01,2.61,-0.3700000000000001,-12.416107382550335,-50.380228136882124,-0.11286189492970204,-1.9810490659545816,-0.8212291945296969,0.3106796116504855,0.35542168674698793,0.32971130286566525
2008-04-01,2.28,-0.33000000000000007,-12.643678160919547,-56.57142857142857,-0.2534192311639014,-1.7611460840554896,-0.8348561378861978,0.2706310679611651,0.3795180722891566,0.3287721218755701
2008-05-01,1.98,-0.2999999999999998,-13.157894736842103,-62.28571428571429,-0.38119862774044616,-1.5962188476311692,-0.8656474380842489,0.23422330097087382,0.3975903614457833,0.32664995822890563
2008-06-01,2.0,0.020000000000000018,1.0101010101010166,-61.904761904761905,-0.37268000130200984,0.1630050075615647,-0.017267532270907732,0.23665048543689324,0.5903614457831327,0.38512105178771844
2008-07-01,2.01,0.009999999999999787,0.49999999999998934,-61.78707224334601,-0.36842068808279177,0.10802926208679046,-0.04781239229446976,0.23786407766990292,0.5843373493975903,0.3830158730158729
2008-08-01,2.0,-0.009999999999999787,-0.4975124378109319,-60.15936254980079,-0.37268000130200984,-0.0019222288627531205,-0.10754345963476428,0.23665048543689324,0.5722891566265063,0.3788991550185581
2008-09-01,1.81,-0.18999999999999995,-9.499999999999996,-63.36032388663968,-0.4536069524671549,-0.9914856474086673,-0.646612618498932,0.21359223300970878,0.4638554216867471,0.34174603174603174
2008-10-01,0.97,-0.8400000000000001,-46.408839779005525,-79.6218487394958,-0.8113892628814805,-4.564909103268911,-2.856714779360212,0.11165048543689321,0.07228915662650597,0.1894238358326756
2008-11-01,0.39,-0.58,-59.79381443298969,-91.31403118040089,-1.0584294295961338,-3.1355397209248133,-3.658207364414885,0.041262135922330107,0.22891566265060245,0.1341842578955981
2008-12-01,0.16,-0.23,-58.97435897435898,-96.22641509433963,-1.1563936336381515,-1.2113886293077596,-3.6091383530156294,0.013349514563106799,0.4397590361445784,0.13756613756613753
2009-01-01,0.15,-0.010000000000000009,-6.25,-96.19289340101524,-1.1606529468573696,-0.0019222288627543413,-0.4520025449824818,0.012135922330097089,0.5722891566265061,0.3551587301587301
2009-02-01,0.22,0.07,46.66666666666668,-92.61744966442953,-1.1308377543228425,0.4378837349354295,2.7166486520161364,0.02063106796116505,0.6204819277108435,0.5735449735449736
2009-03-01,0.18,-0.04000000000000001,-18.181818181818187,-93.10344827586206,-1.147875007199715,-0.16684946528707323,-1.1664800876128074,0.015776699029126217,0.5542168674698795,0.30591630591630586
2009-04-01,0.15,-0.03,-16.666666666666664,-93.42105263157895,-1.1606529468573696,-0.11187371981230021,-1.0757527806121308,0.012135922330097089,0.5602409638554218,0.31216931216931215
2009-05-01,0.18,0.03,19.999999999999996,-90.9090909090909,-1.147875007199715,0.21798075303633757,1.119848048804234,0.015776699029126217,0.5963855421686748,0.46349206349206346
2009-06-01,0.21,0.03,16.666666666666675,-89.5,-1.1350970675420606,0.21798075303633757,0.9202479734027469,0.01941747572815534,0.5963855421686748,0.4497354497354497
2009-07-01,0.16,-0.04999999999999999,-23.809523809523803,-92.03980099502488,-1.1563936336381515,-0.22182521076184608,-1.5034672279010328,0.013349514563106799,0.5481927710843374,0.2826908541194255
2009-08-01,0.16,0.0,0.0,-92.0,-1.1563936336381515,0.053053516612018674,-0.07775240360469228,0.013349514563106799,0.5783132530120483,0.38095238095238093
2009-09-01,0.15,-0.010000000000000009,-6.25,-91.71270718232044,-1.1606529468573696,-0.0019222288627543413,-0.4520025449824818,0.012135922330097089,0.5722891566265061,0.3551587301587301
2009-10-01,0.12,-0.03,-19.999999999999996,-87.62886597938144,-1.173430886515024,-0.11187371981230021,-1.2753528560136185,0.008495145631067963,0.5602409638554218,0.2984126984126984
2009-11-01,0.12,0.0,0.0,-69.23076923076923,-1.173430886515024,0.053053516612018674,-0.07775240360469228,0.008495145631067963,0.5783132530120483,0.38095238095238093
2009-12-01,0.12,0.0,0.0,-25.0,-1.173430886515024,0.053053516612018674,-0.07775240360469228,0.008495145631067963,0.5783132530120483,0.38095238095238093
2010-01-01,0.11,-0.009999999999999995,-8.333333333333325,-26.66666666666666,-1.1776901997342424,-0.001922228862754265,-0.5767525921084111,0.0072815533980582535,0.5722891566265061,0.34656084656084657
2010-02-01,0.13,0.020000000000000004,18.181818181818187,-40.90909090909091,-1.1691715732958061,0.16300500756156464,1.0109752804034229,0.009708737864077673,0.5903614457831327,0.455988455988456
2010-03-01,0.16,0.03,23.076923076923084,-11.111111111111105,-1.1563936336381515,0.21798075303633757,1.3040942722517617,0.013349514563106799,0.5963855421686748,0.47619047619047616
2010-04-01,0.2,0.04000000000000001,25.0,33.33333333333335,-1.1393563807612788,0.2729564985111106,1.4192481619064659,0.018203883495145637,0.602409638554217,0.4841269841269841
2010-05-01,0.2,0.0,0.0,11.111111111111116,-1.1393563807612788,0.053053516612018674,-0.07775240360469228,0.018203883495145637,0.5783132530120483,0.38095238095238093
2010-06-01,0.18,-0.020000000000000018,-10.000000000000009,-14.28571428571429,-1.147875007199715,-0.05689797433752736,-0.676552629809156,0.015776699029126217,0.5662650602409639,0.3396825396825396
2010-07-01,0.18,0.0,0.0,12.5,-1.147875007199715,0.053053516612018674,-0.07775240360469228,0.015776699029126217,0.5783132530120483,0.38095238095238093
2010-08-01,0.19,0.010000000000000009,5.555555555555558,18.75,-1.1436156939804971,0.10802926208679169,0.25491438873112077,0.01699029126213593,0.5843373493975904,0.4038800705467372
2010-09-01,0.19,0.0,0.0,26.666666666666682,-1.1436156939804971,0.053053516612018674,-0.07775240360469228,0.01699029126213593,0.5783132530120483,0.38095238095238093
2010-10-01,0.19,0.0,0.0,58.33333333333335,-1.1436156939804971,0.053053516612018674,-0.07775240360469228,0.01699029126213593,0.5783132530120483,0.38095238095238093
2010-11-01,0.19,0.0,0.0,58.33333333333335,-1.1436156939804971,0.053053516612018674,-0.07775240360469228,0.01699029126213593,0.5783132530120483,0.38095238095238093
2010-12-01,0.18,-0.010000000000000009,-5.263157894736848,50.0,-1.147875007199715,-0.0019222288627543413,-0.3929104173965154,0.015776699029126217,0.5722891566265061,0.35923141186299073
2011-01-01,0.17,-0.009999999999999981,-5.5555555555555465,54.54545454545456,-1.1521343204189334,-0.0019222288627541886,-0.41041919594050463,0.014563106796116509,0.5722891566265061,0.3580246913580247
2011-02-01,0.16,-0.010000000000000009,-5.882352941176472,23.076923076923084,-1.1563936336381515,-0.0019222288627543413,-0.4299878307837884,0.013349514563106799,0.5722891566265061,0.3566760037348272
2011-03-01,0.14,-0.01999999999999999,-12.49999999999999,-12.49999999999999,-1.1649122600765878,-0.056897974337527205,-0.8262526863602706,0.010922330097087382,0.5662650602409639,0.3293650793650794
2011-04-01,0.1,-0.04000000000000001,-28.57142857142857,-50.0,-1.1819495129534605,-0.16684946528707323,-1.7886101927603013,0.006067961165048545,0.5542168674698795,0.26303854875283444
2011-05-01,0.09,-0.010000000000000009,-10.000000000000009,-55.00000000000001,-1.1862088261726786,-0.0019222288627543413,-0.676552629809156,0.004854368932038835,0.5722891566265061,0.3396825396825396
2011-06-01,0.09,0.0,0.0,-50.0,-1.1862088261726786,0.053053516612018674,-0.07775240360469228,0.004854368932038835,0.5783132530120483,0.38095238095238093
2011-07-01,0.07,-0.01999999999999999,-22.22222222222221,-61.11111111111111,-1.1947274526111151,-0.056897974337527205,-1.4084195729479432,0.0024271844660194186,0.5662650602409639,0.28924162257495595
2011-08-01,0.1,0.03,42.85714285714286,-47.36842105263158,-1.1819495129534605,0.21798075303633757,2.4885342801287216,0.006067961165048545,0.5963855421686748,0.5578231292517006
2011-09-01,0.08,-0.020000000000000004,-20.000000000000007,-57.89473684210527,-1.1904681393918968,-0.05689797433752728,-1.2753528560136191,0.0036407766990291268,0.5662650602409639,0.29841269841269835
2011-10-01,0.07,-0.009999999999999995,-12.49999999999999,-63.1578947368421,-1.1947274526111151,-0.001922228862754265,-0.8262526863602706,0.0024271844660194186,0.5722891566265061,0.3293650793650794
2011-11-01,0.08,0.009999999999999995,14.28571428571428,-57.89473684210527,-1.1904681393918968,0.10802926208679162,0.777676490973112,0.0036407766990291268,0.5843373493975904,0.43990929705215415
2011-12-01,0.07,-0.009999999999999995,-12.49999999999999,-61.11111111111111,-1.1947274526111151,-0.001922228862754265,-0.8262526863602706,0.0024271844660194186,0.5722891566265061,0.3293650793650794
2012-01-01,0.08,0.009999999999999995,14.28571428571428,-52.94117647058824,-1.1904681393918968,0.10802926208679162,0.777676490973112,0.0036407766990291268,0.5843373493975904,0.43990929705215415
2012-02-01,0.1,0.020000000000000004,25.0,-37.5,-1.1819495129534605,0.16300500756156464,1.4192481619064659,0.006067961165048545,0.5903614457831327,0.4841269841269841
2012-03-01,0.13,0.03,30.000000000000004,-7.142857142857151,-1.1691715732958061,0.21798075303633757,1.7186482750086975,0.009708737864077673,0.5963855421686748,0.5047619047619047
2012-04-01,0.14,0.010000000000000009,7.692307692307709,40.000000000000014,-1.1649122600765878,0.10802926208679169,0.3828631550141266,0.010922330097087382,0.5843373493975904,0.41269841269841273
2012-05-01,0.16,0.01999999999999999,14.28571428571428,77.77777777777779,-1.1563936336381515,0.16300500756156455,0.777676490973112,0.013349514563106799,0.5903614457831327,0.43990929705215415
2012-06-01,0.16,0.0,0.0,77.77777777777779,-1.1563936336381515,0.053053516612018674,-0.07775240360469228,0.013349514563106799,0.5783132530120483,0.38095238095238093
2012-07-01,0.16,0.0,0.0,128.57142857142856,-1.1563936336381515,0.053053516612018674,-0.07775240360469228,0.013349514563106799,0.5783132530120483,0.38095238095238093
2012-08-01,0.13,-0.03,-18.75,30.000000000000004,-1.1691715732958061,-0.11187371981230021,-1.2005028277380607,0.009708737864077673,0.5602409638554218,0.30357142857142855
2012-09-01,0.14,0.010000000000000009,7.692307692307709,75.00000000000003,-1.1649122600765878,0.10802926208679169,0.3828631550141266,0.010922330097087382,0.5843373493975904,0.41269841269841273
2012-10-01,0.16,0.01999999999999999,14.28571428571428,128.57142857142856,-1.1563936336381515,0.16300500756156455,0.777676490973112,0.013349514563106799,0.5903614457831327,0.43990929705215415
2012-11-01,0.16,0.0,0.0,100.0,-1.1563936336381515,0.053053516612018674,-0.07775240360469228,0.013349514563106799,0.5783132530120483,0.38095238095238093
2012-12-01,0.16,0.0,0.0,128.57142857142856,-1.1563936336381515,0.053053516612018674,-0.07775240360469228,0.013349514563106799,0.5783132530120483,0.38095238095238093
2013-01-01,0.14,-0.01999999999999999,-12.49999999999999,75.00000000000003,-1.1649122600765878,-0.056897974337527205,-0.8262526863602706,0.010922330097087382,0.5662650602409639,0.3293650793650794
2013-02-01,0.15,0.009999999999999981,7.14285714285714,49.99999999999998,-1.1606529468573696,0.10802926208679153,0.3499620436842098,0.012135922330097089,0.5843373493975904,0.4104308390022675
2013-03-01,0.14,-0.009999999999999981,-6.666666666666654,7.692307692307709,-1.1649122600765878,-0.0019222288627541886,-0.476952554407667,0.010922330097087382,0.5722891566265061,0.35343915343915344
2013-04-01,0.15,0.009999999999999981,7.14285714285714,7.14285714285714,-1.1606529468573696,0.10802926208679153,0.3499620436842098,0.012135922330097089,0.5843373493975904,0.4104308390022675
2013-05-01,0.11,-0.039999999999999994,-26.66666666666666,-31.25,-1.1776901997342424,-0.16684946528707315,-1.6745530068165937,0.0072815533980582535,0.5542168674698795,0.2708994708994709
2013-06-01,0.09,-0.020000000000000004,-18.181818181818187,-43.75,-1.1862088261726786,-0.05689797433752728,-1.1664800876128074,0.004854368932038835,0.5662650602409639,0.30591630591630586
2013-07-01,0.09,0.0,0.0,-43.75,-1.1862088261726786,0.053053516612018674,-0.07775240360469228,0.004854368932038835,0.5783132530120483,0.38095238095238093
2013-08-01,0.08,-0.009999999999999995,-11.111111111111105,-38.46153846153846,-1.1904681393918968,-0.001922228862754265,-0.7430859882763177,0.0036407766990291268,0.5722891566265061,0.33509700176366847
2013-09-01,0.08,0.0,0.0,-42.85714285714286,-1.1904681393918968,0.053053516612018674,-0.07775240360469228,0.0036407766990291268,0.5783132530120483,0.38095238095238093
2013-10-01,0.09,0.009999999999999995,12.5,-43.75,-1.1862088261726786,0.10802926208679162,0.6707478791508867,0.004854368932038835,0.5843373493975904,0.4325396825396825
2013-11-01,0.08,-0.009999999999999995,-11.111111111111105,-50.0,-1.1904681393918968,-0.001922228862754265,-0.7430859882763177,0.0036407766990291268,0.5722891566265061,0.33509700176366847
2013-12-01,0.09,0.009999999999999995,12.5,-43.75,-1.1862088261726786,0.10802926208679162,0.6707478791508867,0.004854368932038835,0.5843373493975904,0.4325396825396825
2014-01-01,0.07,-0.01999999999999999,-22.22222222222221,-50.0,-1.1947274526111151,-0.056897974337527205,-1.4084195729479432,0.0024271844660194186,0.5662650602409639,0.28924162257495595
2014-02-01,0.07,0.0,0.0,-53.33333333333332,-1.1947274526111151,0.053053516612018674,-0.07775240360469228,0.0024271844660194186,0.5783132530120483,0.38095238095238093
2014-03-01,0.08,0.009999999999999995,14.28571428571428,-42.85714285714286,-1.1904681393918968,0.10802926208679162,0.777676490973112,0.0036407766990291268,0.5843373493975904,0.43990929705215415
2014-04-01,0.09,0.009999999999999995,12.5,-40.0,-1.1862088261726786,0.10802926208679162,0.6707478791508867,0.004854368932038835,0.5843373493975904,0.4325396825396825
2014-05-01,0.09,0.0,0.0,-18.181818181818187,-1.1862088261726786,0.053053516612018674,-0.07775240360469228,0.004854368932038835,0.5783132530120483,0.38095238095238093
2014-06-01,0.1,0.010000000000000009,11.111111111111116,11.111111111111116,-1.1819495129534605,0.10802926208679169,0.5875811810669338,0.006067961165048545,0.5843373493975904,0.42680776014109345
2014-07-01,0.09,-0.010000000000000009,-10.000000000000009,0.0,-1.1862088261726786,-0.0019222288627543413,-0.676552629809156,0.004854368932038835,0.5722891566265061,0.3396825396825396
2014-08-01,0.09,0.0,0.0,12.5,-1.1862088261726786,0.053053516612018674,-0.07775240360469228,0.004854368932038835,0.5783132530120483,0.38095238095238093
2014-09-01,0.09,0.0,0.0,12.5,-1.1862088261726786,0.053053516612018674,-0.07775240360469228,0.004854368932038835,0.5783132530120483,0.38095238095238093
2014-10-01,0.09,0.0,0.0,0.0,-1.1862088261726786,0.053053516612018674,-0.07775240360469228,0.004854368932038835,0.5783132530120483,0.38095238095238093
2014-11-01,0.09,0.0,0.0,12.5,-1.1862088261726786,0.053053516612018674,-0.07775240360469228,0.004854368932038835,0.5783132530120483,0.38095238095238093
2014-12-01,0.12,0.03,33.33333333333333,33.33333333333333,-1.173430886515024,0.21798075303633757,1.9182483504101846,0.008495145631067963,0.5963855421686748,0.5185185185185185
2015-01-01,0.11,-0.009999999999999995,-8.333333333333325,57.14285714285714,-1.1776901997342424,-0.001922228862754265,-0.5767525921084111,0.0072815533980582535,0.5722891566265061,0.34656084656084657
2015-02-01,0.11,0.0,0.0,57.14285714285714,-1.1776901997342424,0.053053516612018674,-0.07775240360469228,0.0072815533980582535,0.5783132530120483,0.38095238095238093
2015-03-01,0.11,0.0,0.0,37.5,-1.1776901997342424,0.053053516612018674,-0.07775240360469228,0.0072815533980582535,0.5783132530120483,0.38095238095238093
2015-04-01,0.12,0.009999999999999995,9.090909090909083,33.33333333333333,-1.173430886515024,0.10802926208679162,0.4666114383993647,0.008495145631067963,0.5843373493975904,0.4184704184704184
2015-05-01,0.12,0.0,0.0,33.33333333333333,-1.173430886515024,0.053053516612018674,-0.07775240360469228,0.008495145631067963,0.5783132530120483,0.38095238095238093
2015-06-01,0.13,0.010000000000000009,8.333333333333348,30.000000000000004,-1.1691715732958061,0.10802926208679169,0.4212477848990279,0.009708737864077673,0.5843373493975904,0.41534391534391535
2015-07-01,0.13,0.0,0.0,44.444444444444464,-1.1691715732958061,0.053053516612018674,-0.07775240360469228,0.009708737864077673,0.5783132530120483,0.38095238095238093
2015-08-01,0.14,0.010000000000000009,7.692307692307709,55.55555555555558,-1.1649122600765878,0.10802926208679169,0.3828631550141266,0.010922330097087382,0.5843373493975904,0.41269841269841273
2015-09-01,0.14,0.0,0.0,55.55555555555558,-1.1649122600765878,0.053053516612018674,-0.07775240360469228,0.010922330097087382,0.5783132530120483,0.38095238095238093
2015-10-01,0.12,-0.020000000000000018,-14.285714285714302,33.33333333333333,-1.173430886515024,-0.05689797433752736,-0.9331812981824978,0.008495145631067963,0.5662650602409639,0.3219954648526076
2015-11-01,0.12,0.0,0.0,33.33333333333333,-1.173430886515024,0.053053516612018674,-0.07775240360469228,0.008495145631067963,0.5783132530120483,0.38095238095238093
2015-12-01,0.24,0.12,100.0,100.0,-1.122319127884406,0.7127624623092943,5.91024985843994,0.02305825242718447,0.6506024096385544,0.7936507936507936
2016-01-01,0.34,0.10000000000000003,41.66666666666667,209.09090909090912,-1.0797259956922247,0.6028109713597485,2.4172485389139045,0.035194174757281566,0.63855421686747,0.5529100529100529
2016-02-01,0.38,0.03999999999999998,11.764705882352944,245.45454545454547,-1.062688742815352,0.2729564985111104,0.6267184507535,0.0400485436893204,0.602409638554217,0.4295051353874883
2016-03-01,0.36,-0.020000000000000018,-5.263157894736848,227.27272727272725,-1.0712073692537882,-0.05689797433752736,-0.3929104173965154,0.037621359223300975,0.5662650602409639,0.35923141186299073
2016-04-01,0.37,0.010000000000000009,2.77777777777779,208.33333333333334,-1.06694805603457,0.10802926208679169,0.0885809925632149,0.03883495145631069,0.5843373493975904,0.3924162257495591
2016-05-01,0.37,0.0,0.0,208.33333333333334,-1.06694805603457,0.053053516612018674,-0.07775240360469228,0.03883495145631069,0.5783132530120483,0.38095238095238093
2016-06-01,0.38,0.010000000000000009,2.7027027027026973,192.3076923076923,-1.062688742815352,0.10802926208679169,0.08408549536948663,0.0400485436893204,0.5843373493975904,0.39210639210639203
2016-07-01,0.39,0.010000000000000009,2.6315789473684292,200.0,-1.0584294295961338,0.10802926208679169,0.07982660329121957,0.041262135922330107,0.5843373493975904,0.391812865497076
2016-08-01,0.4,0.010000000000000009,2.564102564102577,185.71428571428572,-1.0541701163769157,0.10802926208679169,0.07578611593491445,0.042475728155339815,0.5843373493975904,0.39153439153439157
2016-09-01,0.4,0.0,0.0,185.71428571428572,-1.0541701163769157,0.053053516612018674,-0.07775240360469228,0.042475728155339815,0.5783132530120483,0.38095238095238093
2016-10-01,0.4,0.0,0.0,233.33333333333334,-1.0541701163769157,0.053053516612018674,-0.07775240360469228,0.042475728155339815,0.5783132530120483,0.38095238095238093
2016-11-01,0.41,0.009999999999999953,2.499999999999991,241.66666666666666,-1.0499108031576974,0.10802926208679138,0.07194765294642298,0.04368932038834952,0.5843373493975904,0.3912698412698412
2016-12-01,0.54,0.13000000000000006,31.70731707317074,125.00000000000004,-0.9945397313078613,0.7677382077840676,1.8208824599704354,0.05946601941747574,0.6566265060240966,0.5118079752226093
2017-01-01,0.65,0.10999999999999999,20.370370370370374,91.17647058823528,-0.9476872858964617,0.6577867168345212,1.1420258349599552,0.07281553398058253,0.6445783132530121,0.4650205761316872
2017-02-01,0.66,0.010000000000000009,1.538461538461533,73.6842105263158,-0.9434279726772433,0.10802926208679169,0.014370708119070959,0.07402912621359224,0.5843373493975904,0.38730158730158726
2017-03-01,0.79,0.13,19.696969696969703,119.44444444444446,-0.8880569008274073,0.7677382077840673,1.1017025874040993,0.08980582524271846,0.6566265060240964,0.46224146224146223
2017-04-01,0.9,0.10999999999999999,13.924050632911399,143.24324324324326,-0.8412044554160076,0.6577867168345212,0.7560200632622822,0.10315533980582527,0.6445783132530121,0.4384167168977296
2017-05-01,0.91,0.010000000000000009,1.1111111111111072,145.94594594594597,-0.8369451421967894,0.10802926208679169,-0.011219045137529943,0.10436893203883497,0.5843373493975904,0.38553791887125216
2017-06-01,1.04,0.13,14.28571428571428,173.6842105263158,-0.7815740703469533,0.7677382077840673,0.777676490973112,0.12014563106796118,0.6566265060240964,0.43990929705215415
2017-07-01,1.15,0.10999999999999988,10.576923076923062,194.87179487179483,-0.7347216249355536,0.6577867168345206,0.5555939894961814,0.13349514563106796,0.6445783132530121,0.42460317460317454
2017-08-01,1.16,0.010000000000000009,0.8695652173912993,189.99999999999994,-0.7304623117163354,0.10802926208679169,-0.02568281871734796,0.1347087378640777,0.5843373493975904,0.3845410628019323
2017-09-01,1.15,-0.010000000000000009,-0.8620689655172376,187.49999999999994,-0.7347216249355536,-0.0019222288627543413,-0.12937311276024924,0.13349514563106796,0.5722891566265061,0.37739463601532564
2017-10-01,1.15,0.0,0.0,187.49999999999994,-0.7347216249355536,0.053053516612018674,-0.07775240360469228,0.13349514563106796,0.5783132530120483,0.38095238095238093
2017-11-01,1.16,0.010000000000000009,0.8695652173912993,182.92682926829266,-0.7304623117163354,0.10802926208679169,-0.02568281871734796,0.1347087378640777,0.5843373493975904,0.3845410628019323
2017-12-01,1.3,0.14000000000000012,12.068965517241391,140.74074074074073,-0.6708319266472811,0.8227139532588409,0.6449375245731089,0.1516990291262136,0.6626506024096387,0.4307608100711549
2018-01-01,1.41,0.10999999999999988,8.461538461538453,116.9230769230769,-0.6239794812358814,0.6577867168345206,0.4289247108760068,0.1650485436893204,0.6445783132530121,0.4158730158730158
2018-02-01,1.42,0.010000000000000009,0.7092198581560183,115.15151515151514,-0.6197201680166632,0.10802926208679169,-0.035284302455440175,0.1662621359223301,0.5843373493975904,0.38387932004953274
2018-03-01,1.51,0.09000000000000008,6.338028169014098,91.13924050632912,-0.5813863490436997,0.5478352258849758,0.30176886652489787,0.1771844660194175,0.6325301204819278,0.4071093226022804
2018-04-01,1.69,0.17999999999999994,11.920529801324498,87.77777777777777,-0.5047187110977729,1.0426169351579317,0.6360491905463233,0.19902912621359226,0.6867469879518073,0.43014821822768834
2018-05-01,1.7,0.010000000000000009,0.591715976331364,86.81318681318679,-0.5004593978785546,0.10802926208679169,-0.04232043755709073,0.20024271844660196,0.5843373493975904,0.38339438339438336
2018-06-01,1.82,0.1200000000000001,7.058823529411762,75.0,-0.4493476392479367,0.712762462309295,0.34493010901022275,0.2148058252427185,0.6506024096385544,0.41008403361344536
2018-07-01,1.91,0.08999999999999986,4.9450549450549275,66.08695652173913,-0.4110138202749733,0.5478352258849746,0.21835759836454668,0.22572815533980586,0.6325301204819277,0.401360544217687
2018-08-01,1.91,0.0,0.0,64.65517241379311,-0.4110138202749733,0.053053516612018674,-0.07775240360469228,0.22572815533980586,0.5783132530120483,0.38095238095238093
2018-09-01,1.95,0.040000000000000036,2.0942408376963373,69.56521739130437,-0.39397656739810066,0.2729564985111107,0.047650785129226846,0.2305825242718447,0.602409638554217,0.38959527964763563
2018-10-01,2.19,0.24,12.307692307692308,90.43478260869566,-0.2917530501368648,1.3724714080065699,0.6592324901854163,0.2597087378640777,0.7228915662650603,0.4317460317460317
2018-11-01,2.2,0.010000000000000231,0.4566210045662267,89.65517241379312,-0.2874937369176465,0.10802926208679291,-0.05040992752229571,0.2609223300970875,0.5843373493975906,0.3828368485902733
2018-12-01,2.27,0.06999999999999984,3.1818181818181746,74.61538461538461,-0.2576785443831195,0.43788373493542854,0.1127749410967274,0.26941747572815544,0.6204819277108433,0.39408369408369404
2019-01-01,2.4,0.1299999999999999,5.726872246696035,70.2127659574468,-0.2023074725332834,0.7677382077840668,0.26517283607187253,0.2851941747572816,0.6566265060240964,0.4045870918117614
2019-02-01,2.4,0.0,0.0,69.01408450704226,-0.2023074725332834,0.053053516612018674,-0.07775240360469228,0.2851941747572816,0.5783132530120483,0.38095238095238093
2019-03-01,2.41,0.010000000000000231,0.4166666666666874,59.602649006622535,-0.19804815931406516,0.10802926208679291,-0.05280239417950507,0.28640776699029136,0.5843373493975906,0.3826719576719577
2019-04-01,2.42,0.009999999999999787,0.4149377593360981,43.19526627218935,-0.1937888460948471,0.10802926208679046,-0.05290592118956942,0.28762135922330107,0.5843373493975903,0.38266482249884737
2019-05-01,2.39,-0.029999999999999805,-1.2396694214875992,40.58823529411766,-0.20656678575250148,-0.11187371981229914,-0.1519838366052453,0.28398058252427194,0.5602409638554219,0.375836284927194
2019-06-01,2.38,-0.010000000000000231,-0.4184100418410108,30.76923076923075,-0.21082609897171975,-0.0019222288627555619,-0.10280680637475391,0.2827669902912622,0.5722891566265059,0.3792256093511323
2019-07-01,2.4,0.020000000000000018,0.8403361344537785,25.654450261780106,-0.2023074725332834,0.1630050075615647,-0.027433056864821604,0.2851941747572816,0.5903614457831327,0.38442043484060284
2019-08-01,2.13,-0.27,-11.250000000000004,11.518324607329845,-0.31730892945217376,-1.4312916112068514,-0.7514026580847135,0.25242718446601947,0.4156626506024097,0.3345238095238095
2019-09-01,2.04,-0.08999999999999986,-4.225352112676051,4.615384615384621,-0.35564274842513716,-0.4417281926609372,-0.33076658369108486,0.24150485436893207,0.5240963855421689,0.36351441985244803
2019-10-01,1.83,-0.20999999999999996,-10.29411764705882,-16.43835616438356,-0.44508832602871856,-1.1014371383582133,-0.6941644011681101,0.2160194174757282,0.4518072289156627,0.33846872082166196
2019-11-01,1.55,-0.28,-15.300546448087438,-29.545454545454554,-0.564349096166827,-1.4862673566816245,-0.9939494710213577,0.18203883495145634,0.4096385542168675,0.3178072686269407
2019-12-01,1.55,0.0,0.0,-31.718061674008812,-0.564349096166827,0.053053516612018674,-0.07775240360469228,0.18203883495145634,0.5783132530120483,0.38095238095238093
2020-01-01,1.55,0.0,0.0,-35.416666666666664,-0.564349096166827,0.053053516612018674,-0.07775240360469228,0.18203883495145634,0.5783132530120483,0.38095238095238093
2020-02-01,1.58,0.030000000000000027,1.9354838709677358,-34.16666666666666,-0.5515711565091725,0.2179807530363377,0.03814441437036474,0.18567961165048547,0.5963855421686748,0.38894009216589853
2020-03-01,0.65,-0.93,-58.86075949367089,-73.02904564315354,-0.9476872858964617,-5.059690812541867,-3.602336013542356,0.07281553398058253,0.01807228915662646,0.1380349608197709
2020-04-01,0.05,-0.6,-92.3076923076923,-97.93388429752066,-1.2032460790495514,-3.2454912118743593,-5.6051391070305066,0.0,0.2168674698795181,0.0
2020-05-01,0.05,0.0,0.0,-97.90794979079497,-1.2032460790495514,0.053053516612018674,-0.07775240360469228,0.0,0.5783132530120483,0.38095238095238093
2020-06-01,0.08,0.03,59.999999999999986,-96.63865546218487,-1.1904681393918968,0.21798075303633757,3.515048953622086,0.0036407766990291268,0.5963855421686748,0.6285714285714284
2020-07-01,0.09,0.009999999999999995,12.5,-96.25,-1.1862088261726786,0.10802926208679162,0.6707478791508867,0.004854368932038835,0.5843373493975904,0.4325396825396825
2020-08-01,0.1,0.010000000000000009,11.111111111111116,-95.30516431924883,-1.1819495129534605,0.10802926208679169,0.5875811810669338,0.006067961165048545,0.5843373493975904,0.42680776014109345
2020-09-01,0.09,-0.010000000000000009,-10.000000000000009,-95.58823529411765,-1.1862088261726786,-0.0019222288627543413,-0.676552629809156,0.004854368932038835,0.5722891566265061,0.3396825396825396
2020-10-01,0.09,0.0,0.0,-95.08196721311475,-1.1862088261726786,0.053053516612018674,-0.07775240360469228,0.004854368932038835,0.5783132530120483,0.38095238095238093
2020-11-01,0.09,0.0,0.0,-94.19354838709677,-1.1862088261726786,0.053053516612018674,-0.07775240360469228,0.004854368932038835,0.5783132530120483,0.38095238095238093
2020-12-01,0.09,0.0,0.0,-94.19354838709677,-1.1862088261726786,0.053053516612018674,-0.07775240360469228,0.004854368932038835,0.5783132530120483,0.38095238095238093
2021-01-01,0.09,0.0,0.0,-94.19354838709677,-1.1862088261726786,0.053053516612018674,-0.07775240360469228,0.004854368932038835,0.5783132530120483,0.38095238095238093
2021-02-01,0.08,-0.009999999999999995,-11.111111111111105,-94.9367088607595,-1.1904681393918968,-0.001922228862754265,-0.7430859882763177,0.0036407766990291268,0.5722891566265061,0.33509700176366847
2021-03-01,0.07,-0.009999999999999995,-12.49999999999999,-89.23076923076923,-1.1947274526111151,-0.001922228862754265,-0.8262526863602706,0.0024271844660194186,0.5722891566265061,0.3293650793650794
2021-04-01,0.07,0.0,0.0,40.000000000000014,-1.1947274526111151,0.053053516612018674,-0.07775240360469228,0.0024271844660194186,0.5783132530120483,0.38095238095238093
2021-05-01,0.06,-0.010000000000000009,-14.285714285714302,19.999999999999996,-1.198986765830333,-0.0019222288627543413,-0.9331812981824978,0.0012135922330097084,0.5722891566265061,0.3219954648526076
2021-06-01,0.08,0.020000000000000004,33.33333333333335,0.0,-1.1904681393918968,0.16300500756156464,1.918248350410186,0.0036407766990291268,0.5903614457831327,0.5185185185185186
2021-07-01,0.1,0.020000000000000004,25.0,11.111111111111116,-1.1819495129534605,0.16300500756156464,1.4192481619064659,0.006067961165048545,0.5903614457831327,0.4841269841269841
2021-08-01,0.09,-0.010000000000000009,-10.000000000000009,-10.000000000000009,-1.1862088261726786,-0.0019222288627543413,-0.676552629809156,0.004854368932038835,0.5722891566265061,0.3396825396825396
2021-09-01,0.08,-0.009999999999999995,-11.111111111111105,-11.111111111111105,-1.1904681393918968,-0.001922228862754265,-0.7430859882763177,0.0036407766990291268,0.5722891566265061,0.33509700176366847
2021-10-01,0.08,0.0,0.0,-11.111111111111105,-1.1904681393918968,0.053053516612018674,-0.07775240360469228,0.0036407766990291268,0.5783132530120483,0.38095238095238093
2021-11-01,0.08,0.0,0.0,-11.111111111111105,-1.1904681393918968,0.053053516612018674,-0.07775240360469228,0.0036407766990291268,0.5783132530120483,0.38095238095238093
2021-12-01,0.08,0.0,0.0,-11.111111111111105,-1.1904681393918968,0.053053516612018674,-0.07775240360469228,0.0036407766990291268,0.5783132530120483,0.38095238095238093
2022-01-01,0.08,0.0,0.0,-11.111111111111105,-1.1904681393918968,0.053053516612018674,-0.07775240360469228,0.0036407766990291268,0.5783132530120483,0.38095238095238093
2022-02-01,0.08,0.0,0.0,0.0,-1.1904681393918968,0.053053516612018674,-0.07775240360469228,0.0036407766990291268,0.5783132530120483,0.38095238095238093
2022-03-01,0.2,0.12000000000000001,150.0,185.71428571428572,-1.1393563807612788,0.7127624623092943,8.904250989462257,0.018203883495145637,0.6506024096385544,1.0
2022-04-01,0.33,0.13,64.99999999999999,371.42857142857144,-1.0839853089114426,0.7677382077840673,3.8144490667243174,0.03398058252427186,0.6566265060240964,0.6492063492063491
2022-05-01,0.77,0.44,133.33333333333334,1183.3333333333335,-0.8965755272658437,2.4719863175020294,7.906250612454818,0.08737864077669905,0.8433734939759037,0.9312169312169312
2022-06-01,1.21,0.43999999999999995,57.14285714285714,1412.5,-0.7091657456202446,2.471986317502029,3.3439631747065257,0.14077669902912623,0.8433734939759037,0.6167800453514738
2022-07-01,1.68,0.47,38.84297520661158,1579.9999999999998,-0.508978024316991,2.6369135539263477,2.248165830412644,0.19781553398058255,0.8614457831325303,0.5412567230749049
2022-08-01,2.33,0.6500000000000001,38.69047619047621,2488.888888888889,-0.23212266506781049,3.626476972472262,2.239034185876863,0.2766990291262137,0.9698795180722893,0.5406273620559335
2022-09-01,2.56,0.22999999999999998,9.871244635193133,3100.0,-0.13415846102579276,1.3174956625317968,0.5133379484426319,0.304611650485437,0.7168674698795182,0.4216908508754002
2022-10-01,3.08,0.52,20.3125,3750.0,0.08732582637355162,2.9117922813002126,1.1385605558731235,0.36771844660194186,0.8915662650602412,0.464781746031746
2022-11-01,3.78,0.6999999999999997,22.727272727272705,4625.0,0.3854777517188228,3.9013556998461247,1.28315720140545,0.45266990291262144,1.0,0.47474747474747464
2022-12-01,4.1,0.31999999999999984,8.465608465608465,5024.999999999999,0.5217757747338039,1.8122773718047527,0.42916842281178447,0.4915048543689321,0.7710843373493976,0.41588981271520953
2023-01-01,4.33,0.23000000000000043,5.609756097560981,5312.5,0.6197399787758218,1.3174956625317993,0.2581599184124459,0.5194174757281554,0.7168674698795184,0.4041037553232675
2023-02-01,4.57,0.2400000000000002,5.542725173210172,5612.5,0.7219634960370578,1.372471408006571,0.25414610514605007,0.5485436893203886,0.7228915662650605,0.40382711976245467
2023-03-01,4.65,0.08000000000000007,1.7505470459518557,2225.0,0.756038001790803,0.4928594804102028,0.02707039310506032,0.5582524271844662,0.6265060240963857,0.3881768608245632
2023-04-01,4.83,0.17999999999999972,3.8709677419354716,1363.6363636363637,0.8327056397367298,1.0426169351579306,0.15404123234542175,0.580097087378641,0.6867469879518071,0.3969278033794162
2023-05-01,5.06,0.22999999999999954,4.761904761904745,557.1428571428571,0.9306698437787474,1.3174956625317944,0.2073905612545749,0.6080097087378642,0.7168674698795179,0.40060468631897195
2023-06-01,5.08,0.020000000000000462,0.39525691699606735,319.8347107438017,0.9391884702171839,0.16300500756156713,-0.0540844104740799,0.6104368932038836,0.5903614457831329,0.3825835999749044
2023-07-01,5.12,0.040000000000000036,0.7874015748031482,204.7619047619048,0.9562257230940565,0.2729564985111107,-0.030602779494104716,0.6152912621359224,0.602409638554217,0.3842019747531559
2023-08-01,5.33,0.20999999999999996,4.1015625,128.75536480686694,1.045671300697638,1.2075441715822508,0.16784925167448206,0.6407766990291264,0.7048192771084338,0.39787946428571425
2023-09-01,5.33,0.0,0.0,108.203125,1.045671300697638,0.053053516612018674,-0.07775240360469228,0.6407766990291264,0.5783132530120483,0.38095238095238093
2023-10-01,5.33,0.0,0.0,73.05194805194806,1.045671300697638,0.053053516612018674,-0.07775240360469228,0.6407766990291264,0.5783132530120483,0.38095238095238093
2023-11-01,5.33,0.0,0.0,41.00529100529102,1.045671300697638,0.053053516612018674,-0.07775240360469228,0.6407766990291264,0.5783132530120483,0.38095238095238093
2023-12-01,5.33,0.0,0.0,30.000000000000004,1.045671300697638,0.053053516612018674,-0.07775240360469228,0.6407766990291264,0.5783132530120483,0.38095238095238093
2024-01-01,5.33,0.0,0.0,23.094688221709013,1.045671300697638,0.053053516612018674,-0.07775240360469228,0.6407766990291264,0.5783132530120483,0.38095238095238093
2024-02-01,5.33,0.0,0.0,16.630196936542664,1.045671300697638,0.053053516612018674,-0.07775240360469228,0.6407766990291264,0.5783132530120483,0.38095238095238093
2024-03-01,5.33,0.0,0.0,14.623655913978496,1.045671300697638,0.053053516612018674,-0.07775240360469228,0.6407766990291264,0.5783132530120483,0.38095238095238093
2024-04-01,5.33,0.0,0.0,10.351966873706008,1.045671300697638,0.053053516612018674,-0.07775240360469228,0.6407766990291264,0.5783132530120483,0.38095238095238093
2024-05-01,5.33,0.0,0.0,5.335968379446654,1.045671300697638,0.053053516612018674,-0.07775240360469228,0.6407766990291264,0.5783132530120483,0.38095238095238093
2024-06-01,5.33,0.0,0.0,4.921259842519676,1.045671300697638,0.053053516612018674,-0.07775240360469228,0.6407766990291264,0.5783132530120483,0.38095238095238093
2024-07-01,5.33,0.0,0.0,4.1015625,1.045671300697638,0.053053516612018674,-0.07775240360469228,0.6407766990291264,0.5783132530120483,0.38095238095238093
2024-08-01,5.33,0.0,0.0,0.0,1.045671300697638,0.053053516612018674,-0.07775240360469228,0.6407766990291264,0.5783132530120483,0.38095238095238093
2024-09-01,5.13,-0.20000000000000018,-3.752345215759856,-3.752345215759856,0.9604850363132746,-1.0464613928834414,-0.302442920004116,0.6165048543689322,0.4578313253012048,0.3654665118079752
2024-10-01,4.83,-0.2999999999999998,-5.847953216374268,-9.380863039399623,0.8327056397367298,-1.5962188476311692,-0.42792797448449527,0.580097087378641,0.3975903614457833,0.35681797085305855
2024-11-01,4.64,-0.1900000000000004,-3.9337474120082927,-12.945590994371493,0.7517786885715846,-0.9914856474086697,-0.31330528761887105,0.5570388349514565,0.4638554216867468,0.36471786782345783
2024-12-01,4.48,-0.15999999999999925,-3.44827586206895,-15.947467166979356,0.6836296770640944,-0.8265584109843446,-0.2842352402269201,0.5376213592233011,0.481927710843374,0.36672140120415986
2025-01-01,4.33,-0.15000000000000036,-3.3482142857142905,-18.761726078799246,0.6197399787758218,-0.7715826655095777,-0.2782435507713655,0.5194174757281554,0.4879518072289155,0.36713435374149656
2025-02-01,4.33,0.0,0.0,-18.761726078799246,0.6197399787758218,0.053053516612018674,-0.07775240360469228,0.5194174757281554,0.5783132530120483,0.38095238095238093
2025-03-01,4.33,0.0,0.0,-18.761726078799246,0.6197399787758218,0.053053516612018674,-0.07775240360469228,0.5194174757281554,0.5783132530120483,0.38095238095238093
2025-04-01,4.33,0.0,0.0,-18.761726078799246,0.6197399787758218,0.053053516612018674,-0.07775240360469228,0.5194174757281554,0.5783132530120483,0.38095238095238093
2025-05-01,4.33,0.0,0.0,-18.761726078799246,0.6197399787758218,0.053053516612018674,-0.07775240360469228,0.5194174757281554,0.5783132530120483,0.38095238095238093
2025-06-01,4.33,0.0,0.0,-18.761726078799246,0.6197399787758218,0.053053516612018674,-0.07775240360469228,0.5194174757281554,0.5783132530120483,0.38095238095238093
2025-07-01,4.33,0.0,0.0,-18.761726078799246,0.6197399787758218,0.053053516612018674,-0.07775240360469228,0.5194174757281554,0.5783132530120483,0.38095238095238093
2025-08-01,4.33,0.0,0.0,-18.761726078799246,0.6197399787758218,0.053053516612018674,-0.07775240360469228,0.5194174757281554,0.5783132530120483,0.38095238095238093
2025-09-01,4.22,-0.11000000000000032,-2.5404157043879994,-17.738791423001953,0.5728875333644219,-0.5516796836104857,-0.22987255344878274,0.5060679611650486,0.5120481927710843,0.3704681256644305
2025-10-01,4.09,-0.1299999999999999,-3.08056872037914,-15.320910973084889,0.5175164615145859,-0.6616311745600293,-0.26221692826483456,0.49029126213592245,0.5000000000000001,0.36823892274129244
