month,sentiment_score,events
1990-01,-0.1,"[{""description"": ""Growing concerns over slowing economic growth"", ""impact"": -1.5}, {""description"": ""Federal Reserve maintains cautious stance amid inflation worries"", ""impact"": 0.5}]"
1990-02,-0.2,"[{""description"": ""US manufacturing output shows signs of slowing"", ""impact"": -1.2}, {""description"": ""Mixed corporate earnings add to market uncertainty"", ""impact"": -0.8}]"
1990-03,0.22000000000000003,"[{""description"": ""Consumer spending exhibits modest improvement"", ""impact"": 1.5}, {""description"": ""Positive manufacturing data lifts market mood"", ""impact"": 0.7}]"
1990-04,-0.31,"[{""description"": ""Economic data signals slower growth"", ""impact"": -1.8}, {""description"": ""Rising crude oil prices spark concerns"", ""impact"": -1.3}]"
1990-05,0.02,"[{""description"": ""Political uncertainties in Eastern Europe weigh on sentiment"", ""impact"": -1.0}, {""description"": ""Better-than-expected corporate earnings provide a slight boost"", ""impact"": 1.2}]"
1990-06,0.15,"[{""description"": ""Stable housing market data reassures investors"", ""impact"": 1.0}, {""description"": ""Moderate inflation figures help ease concerns"", ""impact"": 0.5}]"
1990-07,-0.2,"[{""description"": ""Earnings season yields mixed results, adding uncertainty"", ""impact"": -0.5}, {""description"": ""Growing concerns over rising oil prices and energy supply"", ""impact"": -1.5}]"
1990-08,-0.7,"[{""description"": ""Iraq invades Kuwait, igniting major geopolitical tensions"", ""impact"": -5.0}, {""description"": ""Surge in oil prices intensifies market anxiety"", ""impact"": -2.0}]"
1990-09,-0.3,"[{""description"": ""US and allied nations begin crafting responses to Middle East crisis"", ""impact"": -2.0}, {""description"": ""Continued oil market volatility fuels investor concerns"", ""impact"": -1.0}]"
1990-10,-0.47000000000000003,"[{""description"": ""Escalating Gulf crisis spurs market jitters"", ""impact"": -3.5}, {""description"": ""Persistent energy supply worries weigh on sentiment"", ""impact"": -1.2}]"
1990-11,0.27999999999999997,"[{""description"": ""Diplomatic efforts ease some geopolitical tensions"", ""impact"": 1.8}, {""description"": ""Encouraging economic indicators help lift market mood"", ""impact"": 1.0}]"
1990-12,0.1,"[{""description"": ""Oil producers announce moderation in production cuts"", ""impact"": 1.5}, {""description"": ""Mixed corporate reports keep sentiment cautious"", ""impact"": -0.5}]"
1991-01,0.2,"[{""description"": ""US Senate authorizes use of force against Iraq amid rising Gulf tensions"", ""impact"": 2}]"
1991-02,0.2,"[{""description"": ""Operation Desert Storm air campaign begins against Iraqi forces"", ""impact"": 3}, {""description"": ""Rising Middle East tensions stir concerns over oil price volatility"", ""impact"": -1}]"
1991-03,0.1,"[{""description"": ""Coalition forces make notable advances in the Gulf region"", ""impact"": 2.5}, {""description"": ""Concerns persist about potential disruptions to oil supplies"", ""impact"": -1.5}]"
1991-04,0.15,"[{""description"": ""Reports emerge of ceasefire discussions in the Gulf"", ""impact"": 2}, {""description"": ""Ongoing uncertainty about the conflict's duration dampens optimism"", ""impact"": -0.5}]"
1991-05,0.2,"[{""description"": ""Coalition declares a ceasefire and signals victory in the Gulf"", ""impact"": 3}, {""description"": ""Market remains cautious amid lingering oil price volatility"", ""impact"": -1}]"
1991-06,0.1,"[{""description"": ""US economic data shows signs of resilient growth post-conflict"", ""impact"": 1}]"
1991-07,0.2,"[{""description"": ""Positive domestic economic indicators boost investor sentiment"", ""impact"": 1}, {""description"": ""Easing geopolitical tensions support market optimism"", ""impact"": 1}]"
1991-08,0.1,"[{""description"": ""Corporate earnings season begins on a positive note"", ""impact"": 2}, {""description"": ""Investor concerns over growing federal deficit mildly dampen sentiment"", ""impact"": -1}]"
1991-09,-0.15,"[{""description"": ""Mixed earnings reports prompt caution among investors"", ""impact"": -0.5}, {""description"": ""Global economic data from some regions indicate slowing growth"", ""impact"": -1}]"
1991-10,0.05,"[{""description"": ""Third quarter economic data signals a modest recovery"", ""impact"": 1}, {""description"": ""Persisting uncertainties in oil markets keep sentiment subdued"", ""impact"": -0.5}]"
1991-11,0.1,"[{""description"": ""US President's visit to Europe bolsters market confidence"", ""impact"": 2}, {""description"": ""Ongoing fiscal debates in Congress generate investor caution"", ""impact"": -1}]"
1991-12,-0.02,"[{""description"": ""Year-end economic summary shows mixed signals"", ""impact"": 0}, {""description"": ""Investors await clarity on upcoming fiscal policies"", ""impact"": -0.2}]"
1992-01,-0.1,"[{""description"": ""Concerns over lingering recession weigh on investor sentiment"", ""impact"": -2.0}, {""description"": ""Moderate optimism from early recovery signals"", ""impact"": 1.0}]"
1992-02,-0.02,"[{""description"": ""US presidential primary debates stir market concerns"", ""impact"": -1.5}, {""description"": ""Positive manufacturing data supports cautious optimism"", ""impact"": 1.3}]"
1992-03,0.0,"[{""description"": ""Mixed economic data causes market jitters"", ""impact"": -1.5}, {""description"": ""Stable Fed policy provides temporary support"", ""impact"": 1.5}]"
1992-04,0.08,"[{""description"": ""Intensifying presidential primary contests add uncertainty"", ""impact"": -1.0}, {""description"": ""Improved US factory orders boost investor confidence"", ""impact"": 1.8}]"
1992-05,-0.03,"[{""description"": ""Concerns over rising deficit and fiscal imbalances worry markets"", ""impact"": -1.5}, {""description"": ""Encouraging reports on consumer spending provide uplift"", ""impact"": 1.2}]"
1992-06,-0.05,"[{""description"": ""Fluctuations in corporate earnings reports cause volatility"", ""impact"": -1.3}, {""description"": ""Political candidates' economic plans spark investor debate"", ""impact"": 0.8}]"
1992-07,0.05,"[{""description"": ""Mid-year economic outlook shows stable recovery"", ""impact"": 1.5}, {""description"": ""Global tensions in Europe affect market sentiment mildly"", ""impact"": -1.0}]"
1992-08,-0.05,"[{""description"": ""Deteriorating market momentum raises fears of slowdown"", ""impact"": -1.7}, {""description"": ""Hopeful signals from tech sectors provide minor support"", ""impact"": 1.2}]"
1992-09,-0.06999999999999999,"[{""description"": ""Ongoing tensions in conflict regions weigh on sentiment"", ""impact"": -1.2}, {""description"": ""Trade negotiations uncertainties unsettle markets"", ""impact"": -1.0}, {""description"": ""Robust retail sales improve confidence"", ""impact"": 1.5}]"
1992-10,0.05,"[{""description"": ""Presidential race intensifies as polling fluctuates"", ""impact"": -1.3}, {""description"": ""Strong quarterly earnings reports offset election jitters"", ""impact"": 1.8}]"
1992-11,-0.01,"[{""description"": ""Election day uncertainty stirs mixed trading volumes"", ""impact"": -1.4}, {""description"": ""Early returns show competitive race boosting cautious optimism"", ""impact"": 1.3}]"
1992-12,0.05,"[{""description"": ""Year-end portfolio rebalancing prompts volatile trading"", ""impact"": -1.0}, {""description"": ""Positive consumer spending data lifts market mood"", ""impact"": 1.5}]"
1993-01,0.2,"[{""description"": ""Bill Clinton's inauguration generates optimism for policy change"", ""impact"": 3.0}, {""description"": ""Mixed economic signals from the previous quarter raise cautious concerns"", ""impact"": -1.0}]"
1993-02,-0.05,"[{""description"": ""Budget negotiations in Washington create fiscal uncertainty"", ""impact"": -2.0}, {""description"": ""Positive comments from the Federal Reserve on economic outlook"", ""impact"": 1.5}]"
1993-03,0.05,"[{""description"": ""NAFTA ratification debates continue, hinting at potential trade benefits"", ""impact"": 2.0}, {""description"": ""Industrial production data comes in below expectations"", ""impact"": -1.5}]"
1993-04,0.1,"[{""description"": ""Tech sector shows robust performance, sparking optimism"", ""impact"": 2.0}, {""description"": ""Inflation data raises mild concerns among investors"", ""impact"": -1.0}]"
1993-05,0.1,"[{""description"": ""Volatility in oil prices amid OPEC supply adjustments creates market jitters"", ""impact"": -1.5}, {""description"": ""A strong jobs report bolsters market confidence"", ""impact"": 2.5}]"
1993-06,0.0,"[{""description"": ""Mid-year economic outlook revised upward by analysts"", ""impact"": 2.0}, {""description"": ""Geopolitical tensions in the Middle East spark caution"", ""impact"": -2.0}]"
1993-07,0.1,"[{""description"": ""Blue-chip companies report better-than-expected earnings"", ""impact"": 2.0}, {""description"": ""Concerns over potential interest rate hikes linger"", ""impact"": -1.0}]"
1993-08,0.05,"[{""description"": ""Robust consumer spending fuels optimism"", ""impact"": 2.0}, {""description"": ""Industrial production shows signs of slowing"", ""impact"": -1.5}]"
1993-09,-0.05,"[{""description"": ""Uncertainty over federal budget agreement weighs on sentiment"", ""impact"": -2.0}, {""description"": ""Positive international trade data offers a modest boost"", ""impact"": 1.5}]"
1993-10,0.25,"[{""description"": ""Improvement in the housing market lifts investor mood"", ""impact"": 2.0}, {""description"": ""Rising global oil demand supports commodity prices"", ""impact"": 1.5}, {""description"": ""Ongoing budget debates continue to spark some concern"", ""impact"": -1.0}]"
1993-11,0.0,"[{""description"": ""Election campaign intensifies with optimistic economic promises"", ""impact"": 1.5}, {""description"": ""Fiscal deficit worries keep investors cautious"", ""impact"": -1.5}]"
1993-12,0.25,"[{""description"": ""Year-end earnings reports reveal corporate resilience"", ""impact"": 2.0}, {""description"": ""Uncertainty about potential tax policy changes raises some caution"", ""impact"": -1.0}, {""description"": ""Holiday consumer spending trends show strong performance"", ""impact"": 1.5}]"
1994-01,-0.05,"[{""description"": ""Fed official comments signal potential policy tightening"", ""impact"": -1.5}, {""description"": ""Robust corporate earnings reports boost investor outlook"", ""impact"": 1.0}]"
1994-02,-0.06999999999999999,"[{""description"": ""Higher inflation data raises investor concerns"", ""impact"": -2.0}, {""description"": ""Better-than-expected industrial earnings provide support"", ""impact"": 1.3}]"
1994-03,0.05,"[{""description"": ""Steady GDP growth reported fuels cautious optimism"", ""impact"": 1.5}, {""description"": ""Disappointing tech sector earnings weigh on sentiment"", ""impact"": -1.0}]"
1994-04,0.04,"[{""description"": ""Strong retail sales boost market confidence"", ""impact"": 2.2}, {""description"": ""Comments from Fed hint at possible future rate hikes"", ""impact"": -1.8}]"
1994-05,-0.15,"[{""description"": ""Rising interest rates spark bond market volatility"", ""impact"": -3.0}, {""description"": ""Resilient manufacturing output offers modest support"", ""impact"": 1.5}]"
1994-06,-0.06999999999999999,"[{""description"": ""Fed rate hike decisions unsettle bond investors"", ""impact"": -2.5}, {""description"": ""Positive early earnings reports help ease some fears"", ""impact"": 1.8}]"
1994-07,0.1,"[{""description"": ""Strong summer retail figures lift market sentiment"", ""impact"": 2.0}, {""description"": ""Emerging concerns over fiscal deficits create caution"", ""impact"": -1.0}]"
1994-08,-0.05,"[{""description"": ""Rising risk sentiment in emerging markets dampens outlook"", ""impact"": -2.2}, {""description"": ""Improved industrial production data provides limited support"", ""impact"": 1.7}]"
1994-09,-0.02,"[{""description"": ""Mixed quarterly earnings reports weigh on market mood"", ""impact"": -1.5}, {""description"": ""Robust economic output helps stabilize sentiment"", ""impact"": 1.3}]"
1994-10,0.02,"[{""description"": ""Investor caution grows as fiscal year-end approaches"", ""impact"": -1.0}, {""description"": ""Solid manufacturing data offers a modest boost"", ""impact"": 1.2}]"
1994-11,-0.13,"[{""description"": ""Midterm election results prompt market uncertainty"", ""impact"": -2.8}, {""description"": ""Certain sectors rally on new policy expectations"", ""impact"": 1.5}]"
1994-12,-0.22000000000000003,"[{""description"": ""Emerging concerns over Latin American currency pressures unsettle markets"", ""impact"": -3.2}, {""description"": ""Positive holiday retail performance offers limited relief"", ""impact"": 1.0}]"
1995-01,0.3,"[{""description"": ""Positive US economic growth report supports market optimism"", ""impact"": 2.0}, {""description"": ""Tech sector quarterly earnings exceed expectations"", ""impact"": 1.0}]"
1995-02,-0.25,"[{""description"": ""Mixed corporate earnings reports dampen market mood"", ""impact"": -1.0}, {""description"": ""Rising concerns over potential interest rate hikes worry investors"", ""impact"": -1.5}]"
1995-03,0.05,"[{""description"": ""Increased tech IPO activity sparks investor interest"", ""impact"": 1.5}, {""description"": ""Energy sector faces volatility amid fluctuating oil prices"", ""impact"": -1.0}]"
1995-04,-0.45,"[{""description"": ""Oklahoma City bombing shocks financial markets"", ""impact"": -4.0}, {""description"": ""Government announces enhanced security measures"", ""impact"": -0.5}]"
1995-05,-0.1,"[{""description"": ""Weak manufacturing data stokes slowdown fears"", ""impact"": -2.0}, {""description"": ""Tech sector shows modest recovery"", ""impact"": 1.0}]"
1995-06,0.0,"[{""description"": ""Federal Reserve maintains steady monetary policy stance"", ""impact"": 0.5}, {""description"": ""Earnings season reveals mixed performance across sectors"", ""impact"": -0.5}]"
1995-07,0.05,"[{""description"": ""Merger rumors among major firms spark investor optimism"", ""impact"": 1.5}, {""description"": ""Political debates over fiscal policy add caution"", ""impact"": -1.0}]"
1995-08,0.1,"[{""description"": ""Strong US jobs report boosts market confidence"", ""impact"": 2.0}, {""description"": ""Geopolitical tensions in Asia create some uncertainty"", ""impact"": -1.0}]"
1995-09,-0.05,"[{""description"": ""Consumer sector earnings deliver positive surprises"", ""impact"": 1.0}, {""description"": ""High-tech stock volatility raises investor concerns"", ""impact"": -1.5}]"
1995-10,0.05,"[{""description"": ""Positive developments in international trade talks"", ""impact"": 1.5}, {""description"": ""Profit booking leads to short-term market pullback"", ""impact"": -1.0}]"
1995-11,-0.15,"[{""description"": ""Tech sector earnings show volatility"", ""impact"": -1.0}, {""description"": ""Mixed economic data adds to uncertainty"", ""impact"": -0.5}]"
1995-12,0.1,"[{""description"": ""Some sectors deliver strong year-end performances"", ""impact"": 2.0}, {""description"": ""Concerns over potential international slowdown temper enthusiasm"", ""impact"": -1.0}]"
1996-01,0.25,"[{""description"": ""Federal Reserve meeting supports stable interest rate policy"", ""impact"": 1.5}, {""description"": ""Strong corporate earnings boost investor confidence"", ""impact"": 1.0}]"
1996-02,0.13,"[{""description"": ""Leading companies report better-than-expected Q4 results"", ""impact"": 1.8}, {""description"": ""Some sector slowdowns raise mild concerns"", ""impact"": -0.5}]"
1996-03,0.3,"[{""description"": ""Tech sector surges on robust earnings reports"", ""impact"": 2.0}, {""description"": ""Clinton administration hints at clearer regulatory policies"", ""impact"": 1.0}]"
1996-04,0.05,"[{""description"": ""Preliminary GDP growth figures appear positive"", ""impact"": 1.0}, {""description"": ""Mixed corporate earnings results add some caution"", ""impact"": -0.5}]"
1996-05,0.08,"[{""description"": ""Economic expansion continues with lower unemployment claims"", ""impact"": 1.5}, {""description"": ""Uncertainty over upcoming campaign finance reforms emerges"", ""impact"": -0.7}]"
1996-06,0.1,"[{""description"": ""US presidential campaign heats up with growing support for Clinton"", ""impact"": 2.0}, {""description"": ""Republican challengers raise fiscal concerns"", ""impact"": -1.0}]"
1996-07,0.1,"[{""description"": ""Corporate earnings season kicks off strongly in tech and retail"", ""impact"": 2.5}, {""description"": ""Geopolitical concerns in Eastern Europe introduce volatility"", ""impact"": -1.5}]"
1996-08,0.08,"[{""description"": ""Investors remain cautious ahead of the presidential election"", ""impact"": 0.3}, {""description"": ""Federal Reserve signals readiness to adjust policy if needed"", ""impact"": 0.5}]"
1996-09,-0.02,"[{""description"": ""Concerns over slowing growth in manufacturing emerge"", ""impact"": -1.2}, {""description"": ""Positive consumer spending data offers mild support"", ""impact"": 1.0}]"
1996-10,0.02,"[{""description"": ""Presidential campaign intensifies with debates on fiscal policy"", ""impact"": 1.0}, {""description"": ""Mixed signals from corporate earnings stimulate caution"", ""impact"": -0.8}]"
1996-11,-0.05,"[{""description"": ""US presidential election returns increase uncertainty"", ""impact"": -1.0}, {""description"": ""Some positive corporate news softens market concerns"", ""impact"": 0.5}]"
1996-12,0.08,"[{""description"": ""Markets rally on expectations of new administration policies"", ""impact"": 1.5}, {""description"": ""Year-end profit taking introduces additional volatility"", ""impact"": -0.7}]"
1997-01,0.05,"[{""description"": ""Positive corporate earnings reports boost market sentiment"", ""impact"": 1.5}, {""description"": ""Concerns over budget deficit add caution among investors"", ""impact"": -1.0}]"
1997-02,0.16999999999999998,"[{""description"": ""Federal Reserve holds interest rates, reassuring markets"", ""impact"": 1.0}, {""description"": ""Stronger-than-expected retail sales data supports optimism"", ""impact"": 0.7}]"
1997-03,0.1,"[{""description"": ""Robust tech sector earnings drive investor optimism"", ""impact"": 2.0}, {""description"": ""Lingering concerns about global market volatility temper gains"", ""impact"": -1.0}]"
1997-04,0.1,"[{""description"": ""Better-than-expected GDP growth data lifts sentiment"", ""impact"": 1.5}, {""description"": ""Political debates spark mild market volatility"", ""impact"": -0.5}]"
1997-05,-0.1,"[{""description"": ""Mixed manufacturing reports raise concerns"", ""impact"": -1.5}, {""description"": ""Stable policy outlook offers limited reassurance"", ""impact"": 0.5}]"
1997-06,0.04,"[{""description"": ""Strong housing market data supports positive sentiment"", ""impact"": 1.2}, {""description"": ""Rising commodity prices introduce cautious notes"", ""impact"": -0.8}]"
1997-07,-0.35,"[{""description"": ""Thailand devalues baht amid emerging Asian financial turbulence"", ""impact"": -4.0}, {""description"": ""Mixed corporate earnings provide slight support"", ""impact"": 0.5}]"
1997-08,-0.25,"[{""description"": ""Spread of financial turmoil in Asia dents investor confidence"", ""impact"": -3.0}, {""description"": ""Resilient U.S. earnings mildly counterbalance external pressures"", ""impact"": 0.5}]"
1997-09,-0.1,"[{""description"": ""Continued uncertainty from Asian market issues weighs on sentiment"", ""impact"": -2.0}, {""description"": ""Positive tech sector earnings provide a modest boost"", ""impact"": 1.0}]"
1997-10,-0.05,"[{""description"": ""Global growth concerns trigger market jitters"", ""impact"": -1.5}, {""description"": ""Robust domestic earnings add some resilience"", ""impact"": 1.0}]"
1997-11,-0.02,"[{""description"": ""Heightened market caution amid budget debates"", ""impact"": -1.2}, {""description"": ""Positive signals from the tech sector offset some risks"", ""impact"": 1.0}]"
1997-12,0.1,"[{""description"": ""Year-end portfolio adjustments spur a rally"", ""impact"": 2.0}, {""description"": ""Lingering concerns over Asian market instability temper gains"", ""impact"": -1.0}]"
1998-01,0.35,"[{""description"": ""Strong corporate earnings boost market optimism"", ""impact"": 2.5}, {""description"": ""Positive consumer confidence signals robust economy"", ""impact"": 1.0}]"
1998-02,0.05,"[{""description"": ""Fiscal policy debates trigger moderate budget deficit concerns"", ""impact"": -1.5}, {""description"": ""Tech sector earnings exceed expectations, improving investor mood"", ""impact"": 2.0}]"
1998-03,0.05,"[{""description"": ""Renewed manufacturing activity sparks cautious optimism"", ""impact"": 1.8}, {""description"": ""Ongoing uncertainties in Asian markets raise concerns"", ""impact"": -1.3}]"
1998-04,-0.15,"[{""description"": ""Mixed earnings reports heighten market caution"", ""impact"": -1.0}, {""description"": ""Regulatory debates in financial markets add to uncertainty"", ""impact"": -0.5}]"
1998-05,0.06999999999999999,"[{""description"": ""Progress in trade policy discussions adds a positive note"", ""impact"": 1.5}, {""description"": ""Global economic uncertainties lead to uneven sector performance"", ""impact"": -0.8}]"
1998-06,0.1,"[{""description"": ""Robust retail sales and consumer spending data boost sentiment"", ""impact"": 2.0}, {""description"": ""Rising energy prices spark moderate concerns"", ""impact"": -1.0}]"
1998-07,0.11000000000000001,"[{""description"": ""Strong tech and corporate earnings lift market mood"", ""impact"": 2.3}, {""description"": ""Slower growth in European markets tempers overall enthusiasm"", ""impact"": -1.2}]"
1998-08,-0.45,"[{""description"": ""Russian government default rattles global markets"", ""impact"": -5.5}, {""description"": ""Solid U.S. corporate results provide a modest cushion"", ""impact"": 1.0}]"
1998-09,-0.15,"[{""description"": ""Concerns over Long-Term Capital Management's risk exposures unsettle markets"", ""impact"": -3.0}, {""description"": ""Strong U.S. financial data offers partial stabilization"", ""impact"": 1.5}]"
1998-10,0.1,"[{""description"": ""Federal Reserve steps in to bolster liquidity and ease fears"", ""impact"": 2.0}, {""description"": ""Lingering effects from recent market crises weigh on sentiment"", ""impact"": -1.0}]"
1998-11,0.2,"[{""description"": ""Better-than-expected economic data boosts investor confidence"", ""impact"": 2.5}, {""description"": ""Ongoing global slowdown concerns provide a slight drag"", ""impact"": -0.5}]"
1998-12,0.2,"[{""description"": ""Year-end rally driven by strong tech sector momentum lifts markets"", ""impact"": 2.8}, {""description"": ""Global uncertainties temper exuberance heading into the new year"", ""impact"": -0.8}]"
1999-01,0.2,"[{""description"": ""Dot-com optimism grows as tech sector shows strong performance."", ""impact"": 2.5}, {""description"": ""Rising concerns over the current account deficit spark caution."", ""impact"": -0.5}]"
1999-02,0.05,"[{""description"": ""Federal Reserve hints at gradual rate hikes, increasing market caution."", ""impact"": -1.5}, {""description"": ""Major companies report solid quarterly earnings, boosting confidence."", ""impact"": 2.0}]"
1999-03,0.05,"[{""description"": ""Heightened interest in tech IPOs sparks investor enthusiasm."", ""impact"": 1.5}, {""description"": ""Mixed economic indicators lead to a cautious market mood."", ""impact"": -1.0}]"
1999-04,-0.1,"[{""description"": ""Worries grow over a potential slowdown in global economic activity."", ""impact"": -2.0}, {""description"": ""Modest gains in small-cap stocks bring slight optimism."", ""impact"": 1.0}]"
1999-05,0.1,"[{""description"": ""Renewed rally in dot-com stocks lifts market sentiment."", ""impact"": 2.5}, {""description"": ""Regulatory uncertainties in the telecom sector temper enthusiasm."", ""impact"": -1.5}]"
1999-06,0.1,"[{""description"": ""Strong jobs data released, boosting confidence in the economy."", ""impact"": 2.0}, {""description"": ""Geopolitical tensions in Eastern Europe create short-term market volatility."", ""impact"": -1.0}]"
1999-07,0.15,"[{""description"": ""Tech industry rally continues amid rapid internet growth."", ""impact"": 3.0}, {""description"": ""Rising inflation concerns prompt caution among investors."", ""impact"": -1.5}]"
1999-08,0.1,"[{""description"": ""Positive retail sales data further bolsters market optimism."", ""impact"": 2.0}, {""description"": ""Apprehensions about potential market overheating lead to some caution."", ""impact"": -1.0}]"
1999-09,-0.05,"[{""description"": ""Mixed earnings reports increase uncertainty among investors."", ""impact"": -1.0}, {""description"": ""Discussions on financial regulatory reforms offer minor support."", ""impact"": 0.5}]"
1999-10,0.1,"[{""description"": ""Improved consumer confidence helps drive market gains."", ""impact"": 2.0}, {""description"": ""Global economic concerns persist, weighing on sentiment."", ""impact"": -1.0}]"
1999-11,0.15,"[{""description"": ""Tech sector leads a market rally with robust performances."", ""impact"": 2.5}, {""description"": ""Ongoing debates on fiscal policy create moderate unease among investors."", ""impact"": -1.0}]"
1999-12,0.05,"[{""description"": ""End-of-year profit-taking causes short-term market volatility."", ""impact"": -1.0}, {""description"": ""Strong holiday sales data lifts investor sentiment."", ""impact"": 1.5}]"
2000-01,0.15,"[{""description"": ""Strong tech sector performance fuels investor optimism"", ""impact"": 2.5}, {""description"": ""Emerging concerns over lingering Y2K issues temper enthusiasm"", ""impact"": -1.0}]"
2000-02,0.0,"[{""description"": ""Mixed signals from early corporate earnings inject caution"", ""impact"": -0.5}, {""description"": ""Stable oil prices support energy sector confidence"", ""impact"": 0.5}]"
2000-03,0.03,"[{""description"": ""Robust consumer spending reports buoy investor mood"", ""impact"": 1.8}, {""description"": ""Tensions in the Middle East create regional uncertainty"", ""impact"": -1.5}]"
2000-04,0.1,"[{""description"": ""Federal Reserve signals caution amid moderate inflation worries"", ""impact"": -1.0}, {""description"": ""Tech companies report strong first-quarter growth"", ""impact"": 2.0}]"
2000-05,0.05,"[{""description"": ""Corporate earnings season kicks off with strong finance results"", ""impact"": 1.5}, {""description"": ""Early indicators show a slight cooling in the housing market"", ""impact"": -1.0}]"
2000-06,-0.05,"[{""description"": ""Emerging election season buzz as candidates outline economic plans"", ""impact"": 0.7}, {""description"": ""International trade discussions spark concerns over new disputes"", ""impact"": -1.2}]"
2000-07,0.08,"[{""description"": ""High consumer confidence driven by low unemployment"", ""impact"": 1.8}, {""description"": ""Volatility in the technology sector spills over to broader markets"", ""impact"": -1.0}]"
2000-08,0.02,"[{""description"": ""Mixed earnings reports across sectors create uncertainty"", ""impact"": -0.8}, {""description"": ""Federal Reserve interest rate decision eases some market concerns"", ""impact"": 1.0}]"
2000-09,-0.25,"[{""description"": ""Indicators of a slowing economy raise broader market concerns"", ""impact"": -1.5}, {""description"": ""Tech stock volatility leads to profit taking among investors"", ""impact"": -1.0}]"
2000-10,0.02,"[{""description"": ""Improved inflation data helps steady investor sentiment"", ""impact"": 1.2}, {""description"": ""Persistent concerns in the housing market continue to weigh on sentiment"", ""impact"": -1.0}]"
2000-11,-0.08,"[{""description"": ""Election campaign intensifies with focus on economic policies"", ""impact"": 0.5}, {""description"": ""Mixed tech sector earnings add a note of caution"", ""impact"": -1.3}]"
2000-12,0.02,"[{""description"": ""Holiday season retail sales show encouraging strength"", ""impact"": 1.7}, {""description"": ""Global economic uncertainties and rising commodity prices prompt caution"", ""impact"": -1.5}]"
2001-01,0.05,"[{""description"": ""George W. Bush sworn in, boosting market optimism"", ""impact"": 1.5}, {""description"": ""Lingering concerns over a potential tech bubble deflation"", ""impact"": -1.0}]"
2001-02,0.05,"[{""description"": ""Bush administration outlines pro-growth policies"", ""impact"": 2.0}, {""description"": ""Unease over slowing tech sector growth"", ""impact"": -1.5}]"
2001-03,-0.06999999999999999,"[{""description"": ""Mixed early economic indicators raise market caution"", ""impact"": -2.0}, {""description"": ""Positive industrial order data boosts select sectors"", ""impact"": 1.3}]"
2001-04,-0.08,"[{""description"": ""Mixed Q1 corporate earnings weigh on sentiment"", ""impact"": -1.8}, {""description"": ""Better-than-expected retail sales data adds modest optimism"", ""impact"": 1.0}]"
2001-05,-0.08,"[{""description"": ""Fed adopts a dovish tone amid signals of slowing growth"", ""impact"": 1.2}, {""description"": ""Tech earnings disappoint, dampening market mood"", ""impact"": -2.0}]"
2001-06,0.0,"[{""description"": ""Moderate geopolitical concerns in the Middle East emerge"", ""impact"": -1.2}, {""description"": ""Encouraging Q1 earnings for select companies support sentiment"", ""impact"": 1.2}]"
2001-07,0.05,"[{""description"": ""Energy sector rallies amid rising oil demand"", ""impact"": 1.5}, {""description"": ""Inflation and margin pressures spark minor worries"", ""impact"": -1.0}]"
2001-08,-0.02,"[{""description"": ""Mixed economic data and corporate results create uncertainty"", ""impact"": -1.2}, {""description"": ""Some firms report earnings beating estimates"", ""impact"": 1.0}]"
2001-09,-1.0,"[{""description"": ""September 11 terrorist attacks shock markets"", ""impact"": -10.0}]"
2001-10,-0.1,"[{""description"": ""U.S. military begins operations in Afghanistan amid uncertainty"", ""impact"": -3.0}, {""description"": ""Policy signals aim to restore market confidence"", ""impact"": 2.0}]"
2001-11,-0.15,"[{""description"": ""Ongoing terrorism concerns and economic slowdown worries"", ""impact"": -2.5}, {""description"": ""Selective tech sector rebound offers mild optimism"", ""impact"": 1.0}]"
2001-12,0.05,"[{""description"": ""Government hints at an economic stimulus package"", ""impact"": 2.0}, {""description"": ""Persistent global uncertainties temper positive moves"", ""impact"": -1.5}]"
2002-01,-0.1,"[{""description"": ""Ongoing investigations into corporate accounting practices raise concerns"", ""impact"": -2.5}, {""description"": ""Mixed signals from Federal Reserve policy offering moderate support"", ""impact"": 1.5}]"
2002-02,-0.25,"[{""description"": ""Weak manufacturing data adds pressure on economic outlook"", ""impact"": -1.5}, {""description"": ""Rising geopolitical tensions in the Middle East dampen market mood"", ""impact"": -1.0}]"
2002-03,-0.1,"[{""description"": ""Concerns over Iraq and UN weapons inspections fuel market caution"", ""impact"": -2.0}, {""description"": ""Tech stocks show slight stabilization amid uncertainty"", ""impact"": 1.0}]"
2002-04,-0.15,"[{""description"": ""Disappointing US corporate earnings season undermines confidence"", ""impact"": -2.0}, {""description"": ""Moderate recovery signals in retail sales provide a small boost"", ""impact"": 0.5}]"
2002-05,-0.05,"[{""description"": ""Persistently high jobless claims indicate slow economic recovery"", ""impact"": -1.5}, {""description"": ""Some improvement in consumer sentiment observed"", ""impact"": 1.0}]"
2002-06,0.05,"[{""description"": ""Declining energy prices ease inflation concerns"", ""impact"": 1.5}, {""description"": ""Emerging worries over European debt slightly offset gains"", ""impact"": -1.0}]"
2002-07,0.0,"[{""description"": ""US Federal Reserve maintains steady interest rates"", ""impact"": 0.5}, {""description"": ""Mixed earnings reports lead to cautious investor outlook"", ""impact"": -0.5}]"
2002-08,-0.25,"[{""description"": ""Global slowdown concerns intensify among investors"", ""impact"": -1.5}, {""description"": ""Volatility in emerging markets further dims market sentiment"", ""impact"": -1.0}]"
2002-09,-0.15,"[{""description"": ""Disappointing Q2 earnings season lowers investor confidence"", ""impact"": -2.0}, {""description"": ""Stabilization in oil prices offers a limited positive effect"", ""impact"": 0.5}]"
2002-10,-0.1,"[{""description"": ""Political uncertainty in Iraq weighs on market sentiment"", ""impact"": -1.5}, {""description"": ""Stable US economic data provides a small counterbalance"", ""impact"": 0.5}]"
2002-11,-0.1,"[{""description"": ""Weakening housing market raises economic concerns"", ""impact"": -2.0}, {""description"": ""Hints of potential fiscal stimulus revive some investor optimism"", ""impact"": 1.0}]"
2002-12,0.35,"[{""description"": ""Strong holiday sales boost end-of-year market sentiment"", ""impact"": 2.0}, {""description"": ""Partial resolution of corporate scandals contributes to optimism"", ""impact"": 1.5}]"
2003-01,0.05,"[{""description"": ""Modest US economic growth signals reported"", ""impact"": 1.5}, {""description"": ""Fears over SARS outbreak in Asia emerge"", ""impact"": -1.0}]"
2003-02,-0.03,"[{""description"": ""Upbeat US corporate earnings outlook noted"", ""impact"": 1.2}, {""description"": ""Rising geopolitical tensions over Iraq disarmament issues"", ""impact"": -1.5}]"
2003-03,-0.25,"[{""description"": ""US-led invasion of Iraq begins"", ""impact"": -3.5}, {""description"": ""Optimistic early corporate earnings reports emerge"", ""impact"": 1.0}]"
2003-04,0.05,"[{""description"": ""US military advances in Iraq reported"", ""impact"": 1.5}, {""description"": ""Concerns over post-war planning surface"", ""impact"": -1.0}]"
2003-05,-0.02,"[{""description"": ""Positive US economic data released"", ""impact"": 1.3}, {""description"": ""Iraq regime collapse raises insurgency concerns"", ""impact"": -1.5}]"
2003-06,-0.03,"[{""description"": ""Rising oil prices amid Middle East tensions"", ""impact"": -1.8}, {""description"": ""Strong Q1 corporate earnings boost investor mood"", ""impact"": 1.5}]"
2003-07,-0.03,"[{""description"": ""Steady economic growth data reported"", ""impact"": 1.8}, {""description"": ""Rising concerns over ongoing Iraq insurgency"", ""impact"": -2.1}]"
2003-08,0.0,"[{""description"": ""Iraq insurgency concerns escalate amid conflict"", ""impact"": -2.5}, {""description"": ""Fed reassures markets on liquidity levels"", ""impact"": 1.5}, {""description"": ""Positive manufacturing output data released"", ""impact"": 1.0}]"
2003-09,0.15,"[{""description"": ""Better-than-expected corporate earnings boost sentiment"", ""impact"": 2.0}, {""description"": ""Lingering uncertainty over Iraq operations noted"", ""impact"": -1.5}, {""description"": ""Encouraging non-farm payroll data released"", ""impact"": 1.0}]"
2003-10,-0.08,"[{""description"": ""Improved consumer sentiment data reported"", ""impact"": 1.2}, {""description"": ""Persisting geopolitical tensions in the Middle East"", ""impact"": -2.0}]"
2003-11,-0.05,"[{""description"": ""Stronger corporate earnings in key sectors"", ""impact"": 2.0}, {""description"": ""Emerging concerns over global economic slowdown"", ""impact"": -1.5}, {""description"": ""Uncertainty regarding Iraq stabilization persists"", ""impact"": -1.0}]"
2003-12,0.1,"[{""description"": ""Year-end rally expectations boost market optimism"", ""impact"": 2.5}, {""description"": ""Cautious note on ongoing geopolitical developments"", ""impact"": -1.5}]"
2004-01,0.15,"[{""description"": ""Strong retail sales boost investor sentiment"", ""impact"": 2.5}, {""description"": ""Mild concerns over rising oil prices"", ""impact"": -1.0}]"
2004-02,-0.05,"[{""description"": ""Fed maintains rates amid steady economic growth"", ""impact"": 1.0}, {""description"": ""Middle East tensions heighten market caution"", ""impact"": -1.5}]"
2004-03,0.0,"[{""description"": ""Mixed Q1 earnings from major companies add uncertainty"", ""impact"": -1.0}, {""description"": ""Positive economic data supports market stability"", ""impact"": 1.0}]"
2004-04,0.1,"[{""description"": ""Revival in consumer spending boosts investor optimism"", ""impact"": 1.5}, {""description"": ""Persisting concerns over government budget deficits temper gains"", ""impact"": -0.5}]"
2004-05,0.05,"[{""description"": ""Heightened election campaign activity lifts sentiment"", ""impact"": 1.5}, {""description"": ""Rising commodity prices prompt market caution"", ""impact"": -1.0}]"
2004-06,0.05,"[{""description"": ""Positive earnings reports from key companies boost confidence"", ""impact"": 2.0}, {""description"": ""European economic slowdown raises concerns"", ""impact"": -1.5}]"
2004-07,0.1,"[{""description"": ""Encouraging domestic growth data supports market gains"", ""impact"": 2.0}, {""description"": ""Fed signals potential future policy tightening"", ""impact"": -1.0}]"
2004-08,0.0,"[{""description"": ""Merger announcements among major companies boost optimism"", ""impact"": 1.5}, {""description"": ""Inflation concerns driven by rising oil prices weigh on sentiment"", ""impact"": -1.5}]"
2004-09,0.1,"[{""description"": ""Strong GDP growth estimates reaffirm economic strength"", ""impact"": 2.0}, {""description"": ""Political uncertainties ahead of the election cause caution"", ""impact"": -1.0}]"
2004-10,0.05,"[{""description"": ""Intensified election activity increases market liquidity"", ""impact"": 1.5}, {""description"": ""Uncertainty about post-election policies dampens enthusiasm"", ""impact"": -1.0}]"
2004-11,-0.05,"[{""description"": ""Tight presidential race fuels market volatility"", ""impact"": -1.5}, {""description"": ""Strong economic fundamentals provide some support"", ""impact"": 1.0}]"
2004-12,0.05,"[{""description"": ""Post-election market adjustments create uncertainty"", ""impact"": -0.5}, {""description"": ""Encouraging holiday sales boost investor sentiment"", ""impact"": 1.0}]"
2005-01,0.03,"[{""description"": ""Strong Q4 2004 earnings reported by several S&P companies"", ""impact"": 1.5}, {""description"": ""Rising oil prices causing investor caution"", ""impact"": -1.2}]"
2005-02,-0.02,"[{""description"": ""Emerging data shows moderate economic growth"", ""impact"": 0.5}, {""description"": ""Geopolitical tensions in oil-producing regions raise concerns"", ""impact"": -0.7}]"
2005-03,0.18,"[{""description"": ""Q1 economic data comes in better than expected"", ""impact"": 1.0}, {""description"": ""Upward revisions in earnings forecasts"", ""impact"": 0.8}]"
2005-04,0.05,"[{""description"": ""Mixed economic indicators reported in early April"", ""impact"": -0.5}, {""description"": ""Retail sales surpass forecasts"", ""impact"": 1.0}]"
2005-05,0.03,"[{""description"": ""Robust job growth reported in recent data"", ""impact"": 1.3}, {""description"": ""Persistent concerns over rising oil prices"", ""impact"": -1.0}]"
2005-06,-0.01,"[{""description"": ""Mixed Q1 earnings season reflects varied performance"", ""impact"": 0.0}, {""description"": ""Worries over slowing global growth emerge"", ""impact"": -0.8}, {""description"": ""Tech sector shows signs of recovery"", ""impact"": 0.7}]"
2005-07,-0.03,"[{""description"": ""Strong performance in the housing market bolsters sentiment"", ""impact"": 1.2}, {""description"": ""High crude prices pressure energy stocks"", ""impact"": -1.5}]"
2005-08,-0.75,"[{""description"": ""Hurricane Katrina devastates the Gulf Coast, disrupting markets"", ""impact"": -7.5}]"
2005-09,-0.06999999999999999,"[{""description"": ""Market digests the ongoing impact of Hurricane Katrina"", ""impact"": -1.5}, {""description"": ""Government announces preliminary plans for reconstruction"", ""impact"": 0.8}]"
2005-10,0.06999999999999999,"[{""description"": ""Corporate earnings season shows underlying resilience"", ""impact"": 1.2}, {""description"": ""Uncertainty in the housing market fuels caution"", ""impact"": -0.5}]"
2005-11,0.06999999999999999,"[{""description"": ""Stronger Q3 earnings reports provide support"", ""impact"": 1.3}, {""description"": ""Rising geopolitical tensions in the Middle East spark concerns"", ""impact"": -0.6}]"
2005-12,0.05,"[{""description"": ""Year-end economic reviews present mixed signals"", ""impact"": 0.0}, {""description"": ""Investors remain cautiously optimistic going into year-end"", ""impact"": 0.5}]"
2006-01,0.1,"[{""description"": ""US GDP data shows steady growth"", ""impact"": 2.5}, {""description"": ""Heightened Middle East geopolitical tensions"", ""impact"": -1.5}]"
2006-02,0.1,"[{""description"": ""Better-than-expected retail sales reported"", ""impact"": 2.0}, {""description"": ""Concerns over rising oil prices"", ""impact"": -1.0}]"
2006-03,-0.2,"[{""description"": ""Mixed economic indicators yield uncertainty"", ""impact"": -1.0}, {""description"": ""Persistent concerns about Iraq stability"", ""impact"": -1.0}]"
2006-04,0.2,"[{""description"": ""Strong tech earnings boost market outlook"", ""impact"": 3.0}, {""description"": ""Rising energy price concerns temper enthusiasm"", ""impact"": -1.0}]"
2006-05,-0.1,"[{""description"": ""Federal Reserve hints at potential rate hikes"", ""impact"": -2.0}, {""description"": ""Positive manufacturing data provides some support"", ""impact"": 1.0}]"
2006-06,-0.2,"[{""description"": ""Mixed Q1 earnings reduce optimism"", ""impact"": -1.0}, {""description"": ""Rising oil prices cause market jitters"", ""impact"": -1.0}]"
2006-07,-0.05,"[{""description"": ""Robust consumer spending offers support"", ""impact"": 2.0}, {""description"": ""Weak manufacturing data dampens sentiment"", ""impact"": -1.0}, {""description"": ""Energy cost concerns persist"", ""impact"": -1.5}]"
2006-08,-0.15,"[{""description"": ""Steady job market data supports confidence"", ""impact"": 1.0}, {""description"": ""Worries over potential slowdown in China"", ""impact"": -1.5}, {""description"": ""Credit tightening concerns add pressure"", ""impact"": -1.0}]"
2006-09,0.0,"[{""description"": ""Accelerating US economic growth indicators"", ""impact"": 2.0}, {""description"": ""Housing market uncertainties linger"", ""impact"": -1.0}, {""description"": ""Volatility in financial sector shares"", ""impact"": -1.0}]"
2006-10,0.1,"[{""description"": ""Stronger-than-expected consumer spending"", ""impact"": 2.0}, {""description"": ""Moderate energy supply concerns due to weather"", ""impact"": -1.0}]"
2006-11,0.25,"[{""description"": ""Mixed political signals ahead of midterm elections"", ""impact"": -1.0}, {""description"": ""Robust manufacturing data reported"", ""impact"": 1.5}, {""description"": ""Strong preliminary holiday retail outlook"", ""impact"": 2.0}]"
2006-12,0.1,"[{""description"": ""Positive year-end corporate earnings kick off"", ""impact"": 2.5}, {""description"": ""Caution over holiday spending forecasts"", ""impact"": -1.0}, {""description"": ""Mild inflation data tempers optimism"", ""impact"": -0.5}]"
2007-01,0.15,"[{""description"": ""Strong Q4 earnings boost investor sentiment"", ""impact"": 2.5}, {""description"": ""Emerging concerns over a possible cooling in the housing market"", ""impact"": -1.0}]"
2007-02,-0.05,"[{""description"": ""Rising oil prices weigh on market outlook"", ""impact"": -1.5}, {""description"": ""Steady U.S. consumer confidence supports sentiment"", ""impact"": 1.0}]"
2007-03,0.1,"[{""description"": ""Robust U.S. retail sales data boosts market mood"", ""impact"": 2.0}, {""description"": ""Political debates over budget issues create uncertainty"", ""impact"": -1.0}]"
2007-04,0.05,"[{""description"": ""Mixed economic indicators prompt a cautious outlook"", ""impact"": -0.5}, {""description"": ""Fed reiterates commitment to accommodative policy"", ""impact"": 1.0}]"
2007-05,-0.1,"[{""description"": ""Renewed concerns over housing market fundamentals emerge"", ""impact"": -2.0}, {""description"": ""Encouraging European growth data eases some fears"", ""impact"": 1.0}]"
2007-06,-0.1,"[{""description"": ""Early signs of stress in subprime lending spark worries"", ""impact"": -2.5}, {""description"": ""Better-than-expected manufacturing data offers support"", ""impact"": 1.5}]"
2007-07,-0.05,"[{""description"": ""Rising oil prices and global slowdown concerns impact sentiment"", ""impact"": -2.0}, {""description"": ""Robust tech sector earnings provide a boost"", ""impact"": 1.5}]"
2007-08,-0.2,"[{""description"": ""Subprime mortgage market strains become evident"", ""impact"": -3.0}, {""description"": ""Resilient domestic economic indicators offer some reassurance"", ""impact"": 1.0}]"
2007-09,-0.05,"[{""description"": ""Financial sector caution grows amid banking concerns"", ""impact"": -2.0}, {""description"": ""Solid corporate earnings help soften the downturn"", ""impact"": 1.5}]"
2007-10,-0.2,"[{""description"": ""Increasing strain in the subprime market rattles banks"", ""impact"": -3.5}, {""description"": ""Positive corporate fundamentals keep optimism alive"", ""impact"": 1.5}]"
2007-11,-0.15,"[{""description"": ""Mixed economic data with a slight pickup in manufacturing"", ""impact"": 0.5}, {""description"": ""Ongoing mortgage market stresses continue to worry investors"", ""impact"": -2.0}]"
2007-12,-0.05,"[{""description"": ""Robust holiday retail sales boost seasonal sentiment"", ""impact"": 2.0}, {""description"": ""Persistent concerns over the housing market dampen outlook"", ""impact"": -2.5}]"
2008-01,-0.25,"[{""description"": ""Rising subprime mortgage concerns emerge"", ""impact"": -2.5}]"
2008-02,-0.45,"[{""description"": ""Persisting credit market tensions become evident"", ""impact"": -3.0}, {""description"": ""Weak economic indicators reported"", ""impact"": -1.5}]"
2008-03,-0.15,"[{""description"": ""Federal Reserve cuts interest rates"", ""impact"": 2.0}, {""description"": ""Banking sector stress intensifies"", ""impact"": -3.5}]"
2008-04,-0.2,"[{""description"": ""Increased liquidity concerns at financial firms"", ""impact"": -3.0}, {""description"": ""Moderate stability shown in housing market data"", ""impact"": 1.0}]"
2008-05,-0.45,"[{""description"": ""Global credit tightening spreads across markets"", ""impact"": -2.5}, {""description"": ""Weak U.S. economic data disappoints"", ""impact"": -2.0}]"
2008-06,-0.27999999999999997,"[{""description"": ""Continued credit market unrest observed"", ""impact"": -2.5}, {""description"": ""Rising oil prices add cost pressures"", ""impact"": -1.5}, {""description"": ""Resilient retail earnings provide some relief"", ""impact"": 1.2}]"
2008-07,-0.5,"[{""description"": ""U.S. housing market shows clear signs of weakness"", ""impact"": -2.7}, {""description"": ""Worsening international credit conditions reported"", ""impact"": -2.3}]"
2008-08,-0.55,"[{""description"": ""Mounting instability in the banking sector"", ""impact"": -3.5}, {""description"": ""Widening credit crunch signals stress"", ""impact"": -2.0}]"
2008-09,-1.1,"[{""description"": ""Lehman Brothers files for bankruptcy"", ""impact"": -9.0}, {""description"": ""Severe market volatility grips investors"", ""impact"": -2.0}]"
2008-10,-0.25,"[{""description"": ""U.S. government intervenes with support for AIG"", ""impact"": 3.0}, {""description"": ""Persistent financial market volatility observed"", ""impact"": -3.5}, {""description"": ""Growing concerns over a global economic slowdown"", ""impact"": -2.0}]"
2008-11,0.05,"[{""description"": ""U.S. government announces bank recapitalization plan"", ""impact"": 4.0}, {""description"": ""Steep market declines continue"", ""impact"": -2.0}, {""description"": ""Fears of a global economic slowdown persist"", ""impact"": -1.5}]"
2008-12,0.25,"[{""description"": ""Government unveils fiscal stimulus measures"", ""impact"": 3.5}, {""description"": ""Ongoing market uncertainty dampens sentiment"", ""impact"": -2.5}, {""description"": ""Emerging signs of recovery in market activity"", ""impact"": 1.0}, {""description"": ""Slight stabilization in the banking sector observed"", ""impact"": 0.5}]"
2009-01,-0.05,"[{""description"": ""Obama inaugurated as President, sparking cautious optimism"", ""impact"": 1.5}, {""description"": ""Persisting financial market instability leads to investor uncertainty"", ""impact"": -2.0}]"
2009-02,0.05,"[{""description"": ""Legislators debate a large-scale fiscal stimulus package"", ""impact"": 2.0}, {""description"": ""Continued credit market fragility adds to market concerns"", ""impact"": -1.5}]"
2009-03,-0.05,"[{""description"": ""Passage of the fiscal stimulus boosts expectations"", ""impact"": 1.5}, {""description"": ""Recent economic indicators confirm a deep recession"", ""impact"": -2.0}]"
2009-04,-0.1,"[{""description"": ""Automotive industry weakness raises broader economic concerns"", ""impact"": -2.5}, {""description"": ""New economic data shows early signs of recovery"", ""impact"": 1.5}]"
2009-05,0.1,"[{""description"": ""Major banks release mixed earnings reports amid recapitalization efforts"", ""impact"": 2.0}, {""description"": ""Ongoing contraction in economic activity continues to loom"", ""impact"": -1.0}]"
2009-06,0.05,"[{""description"": ""Housing market distress remains a concern"", ""impact"": -2.0}, {""description"": ""Initial stimulus spending improves consumer confidence"", ""impact"": 2.5}]"
2009-07,0.0,"[{""description"": ""Healthcare sector reform debates spur cautious optimism"", ""impact"": 1.0}, {""description"": ""Mixed quarterly earnings keep market sentiment uncertain"", ""impact"": -1.0}]"
2009-08,-0.1,"[{""description"": ""Renewed deterioration in credit markets rekindles investor fears"", ""impact"": -2.5}, {""description"": ""Improvement in manufacturing data offers modest support"", ""impact"": 1.5}]"
2009-09,-0.25,"[{""description"": ""Heightened volatility in emerging markets raises risk concerns"", ""impact"": -1.5}, {""description"": ""European political developments add to overall uncertainty"", ""impact"": -1.0}]"
2009-10,-0.2,"[{""description"": ""Growing fears over European debt issues dampen market mood"", ""impact"": -3.0}, {""description"": ""Ongoing reviews of the U.S. stimulus measures provide limited reassurance"", ""impact"": 1.0}]"
2009-11,0.05,"[{""description"": ""Better-than-expected manufacturing data lifts spirits"", ""impact"": 2.0}, {""description"": ""Political gridlock hampers progress on new fiscal measures"", ""impact"": -1.5}]"
2009-12,0.1,"[{""description"": ""Uncertainty over U.S. debt ceiling negotiations spurs caution"", ""impact"": -1.5}, {""description"": ""Robust holiday retail sales boost investor sentiment"", ""impact"": 2.5}]"
2010-01,-0.05,"[{""description"": ""Mixed earnings results from several major companies"", ""impact"": -1.0}, {""description"": ""Encouraging consumer sentiment and economic data"", ""impact"": 0.5}]"
2010-02,0.05,"[{""description"": ""Several corporate earnings beat expectations"", ""impact"": 1.5}, {""description"": ""Weaker-than-expected manufacturing data raises caution"", ""impact"": -1.0}]"
2010-03,-0.06999999999999999,"[{""description"": ""Federal Reserve meeting shows limited policy changes"", ""impact"": 0.5}, {""description"": ""Early signs of fragility in European sovereign debt markets"", ""impact"": -1.2}]"
2010-04,0.05,"[{""description"": ""Better-than-expected GDP growth figures released"", ""impact"": 1.2}, {""description"": ""Persistent credit market concerns impact confidence"", ""impact"": -0.7}]"
2010-05,-0.25,"[{""description"": ""May 6 Flash Crash causes sharp intraday market drop"", ""impact"": -3.0}, {""description"": ""Swift market stabilization in later sessions"", ""impact"": 0.5}]"
2010-06,0.05,"[{""description"": ""Mixed corporate earnings add uncertainty"", ""impact"": -0.5}, {""description"": ""Positive economic indicators support a cautious recovery"", ""impact"": 1.0}]"
2010-07,-0.05,"[{""description"": ""Robust U.S. earnings season boosts market sentiment"", ""impact"": 1.5}, {""description"": ""Rising concerns over Greek sovereign debt emerge"", ""impact"": -2.0}]"
2010-08,-0.15,"[{""description"": ""Ongoing Greek debt issues intensify European uncertainty"", ""impact"": -2.5}, {""description"": ""Stable U.S. consumer spending provides some support"", ""impact"": 1.0}]"
2010-09,-0.1,"[{""description"": ""Cautious corporate earnings reports lower optimism"", ""impact"": -0.8}, {""description"": ""Political debates over fiscal policies fuel uncertainty"", ""impact"": -1.2}, {""description"": ""Stable consumer spending offers brief relief"", ""impact"": 1.0}]"
2010-10,0.02,"[{""description"": ""Better-than-expected industrial production data released"", ""impact"": 1.0}, {""description"": ""Lingering volatility in European markets tempers gains"", ""impact"": -0.8}]"
2010-11,0.05,"[{""description"": ""Strong corporate earnings drive market optimism"", ""impact"": 1.5}, {""description"": ""Concerns over a potential global economic slowdown persist"", ""impact"": -1.0}]"
2010-12,0.06,"[{""description"": ""End-of-year rally in equities lifts market sentiment"", ""impact"": 1.2}, {""description"": ""Uncertainty over upcoming fiscal policies tempers gains"", ""impact"": -0.6}]"
2011-01,-0.02,"[{""description"": ""US economic growth data remains steady, showing moderate resilience"", ""impact"": 1.0}, {""description"": ""Rising concerns over European sovereign debt pressures"", ""impact"": -1.2}]"
2011-02,0.05,"[{""description"": ""US corporate earnings report shows unexpected strength"", ""impact"": 1.5}, {""description"": ""Signs of global economic slowdown emerge from European indicators"", ""impact"": -1.0}]"
2011-03,-0.27999999999999997,"[{""description"": ""Japan's Tohoku earthquake and tsunami disrupt supply chains"", ""impact"": -4.0}, {""description"": ""Japanese government initiates emergency measures"", ""impact"": 1.2}]"
2011-04,-0.1,"[{""description"": ""US Federal Reserve maintains dovish stance to support growth"", ""impact"": 1.0}, {""description"": ""Intensifying concerns over European sovereign debt, notably in Italy"", ""impact"": -2.0}]"
2011-05,-0.03,"[{""description"": ""Mixed results from earnings season yield cautious optimism"", ""impact"": 1.2}, {""description"": ""Heightened debates over the US debt ceiling spark concerns"", ""impact"": -1.5}]"
2011-06,-0.1,"[{""description"": ""Low US unemployment claims suggest economic strength"", ""impact"": 1.0}, {""description"": ""Friction over fiscal policy deepens uncertainty"", ""impact"": -2.0}]"
2011-07,-0.1,"[{""description"": ""US debt ceiling debate intensifies in political corridors"", ""impact"": -2.5}, {""description"": ""Administration outlines potential fiscal reforms"", ""impact"": 1.5}]"
2011-08,-0.75,"[{""description"": ""S&P downgrades US sovereign credit rating amid fiscal concerns"", ""impact"": -6.0}, {""description"": ""Global markets experience heightened volatility following the downgrade"", ""impact"": -1.5}]"
2011-09,-0.25,"[{""description"": ""Ongoing debt ceiling negotiations increase market uncertainty"", ""impact"": -2.0}, {""description"": ""European sovereign debt issues continue to weigh on sentiment"", ""impact"": -1.5}, {""description"": ""Some corporate earnings reports offer brief relief"", ""impact"": 1.0}]"
2011-10,-0.2,"[{""description"": ""Stalemate over US debt ceiling prolongs fiscal concerns"", ""impact"": -2.0}, {""description"": ""Rising energy prices spark inflation worries"", ""impact"": -1.0}, {""description"": ""Mixed economic data leaves markets cautious"", ""impact"": 1.0}]"
2011-11,0.05,"[{""description"": ""US government reaches last-minute budget agreement"", ""impact"": 2.0}, {""description"": ""Global markets remain jittery amid European debt uncertainty"", ""impact"": -1.5}]"
2011-12,-0.1,"[{""description"": ""Fed signals gradual normalization of monetary policy"", ""impact"": 1.0}, {""description"": ""Lingering European debt issues continue to spook investors"", ""impact"": -1.5}, {""description"": ""Increased year-end market volatility contributes to caution"", ""impact"": -0.5}]"
2012-01,0.05,"[{""description"": ""U.S. economic data suggested modest growth."", ""impact"": 1.5}, {""description"": ""Lingering concerns over European debt weighed on sentiment."", ""impact"": -1.0}]"
2012-02,0.0,"[{""description"": ""ECB affirmed commitment to low interest rates, bolstering confidence."", ""impact"": 2.0}, {""description"": ""U.S. manufacturing data came in lower than expected, adding caution."", ""impact"": -2.0}]"
2012-03,0.0,"[{""description"": ""A slightly disappointing U.S. jobs report raised concerns."", ""impact"": -1.5}, {""description"": ""Preliminary Q1 earnings showed pockets of optimism."", ""impact"": 1.0}, {""description"": ""Some easing in geopolitical tensions in the Middle East provided relief."", ""impact"": 0.5}]"
2012-04,0.05,"[{""description"": ""Fed minutes hinted at a cautious outlook on stimulus tapering."", ""impact"": -1.0}, {""description"": ""Improved tech sector news boosted expectations for earnings."", ""impact"": 1.5}]"
2012-05,-0.1,"[{""description"": ""Weak results from European banks heightened investor worries."", ""impact"": -2.0}, {""description"": ""Robust U.S. corporate earnings partially offset European concerns."", ""impact"": 1.5}, {""description"": ""Softening U.S. manufacturing data contributed to a cautious mood."", ""impact"": -0.5}]"
2012-06,-0.05,"[{""description"": ""U.S. economic indicators pointed to modest recovery."", ""impact"": 2.0}, {""description"": ""Escalating Eurozone banking issues intensified crisis fears."", ""impact"": -2.5}]"
2012-07,0.05,"[{""description"": ""Earnings season in the U.S. lifted investor sentiment."", ""impact"": 2.0}, {""description"": ""Fiscal debates in Europe introduced a measure of uncertainty."", ""impact"": -1.5}]"
2012-08,0.05,"[{""description"": ""Positive surprises during U.S. earnings season boosted confidence."", ""impact"": 2.0}, {""description"": ""Renewed geopolitical concerns in the Middle East generated caution."", ""impact"": -1.5}]"
2012-09,-0.05,"[{""description"": ""Stalled Greek debt negotiations stirred worries in the Eurozone."", ""impact"": -2.0}, {""description"": ""Better-than-expected U.S. service sector data supported the market."", ""impact"": 1.5}]"
2012-10,0.05,"[{""description"": ""Heightened U.S. election campaign debates created market uncertainty."", ""impact"": -1.5}, {""description"": ""Robust Q3 earnings in key sectors lifted investor sentiment."", ""impact"": 2.0}]"
2012-11,0.0,"[{""description"": ""Pre-election uncertainties led to cautious trading ahead of the polls."", ""impact"": -1.0}, {""description"": ""Strong performances by leading tech companies provided balance."", ""impact"": 1.0}]"
2012-12,0.0,"[{""description"": ""Mixed year-end earnings reports tempered market enthusiasm."", ""impact"": -1.0}, {""description"": ""Positive consumer spending data offered a boost."", ""impact"": 1.5}, {""description"": ""Persistent concerns over European banking stability added caution."", ""impact"": -0.5}]"
2013-01,0.03,"[{""description"": ""Strong US retail sales boost optimism"", ""impact"": 1.5}, {""description"": ""Ongoing Eurozone political tensions in Greece"", ""impact"": -1.2}]"
2013-02,-0.02,"[{""description"": ""Fed meeting minutes hint at cautious policy"", ""impact"": 0.5}, {""description"": ""Mixed Q4 corporate earnings reports"", ""impact"": -0.7}]"
2013-03,0.15,"[{""description"": ""Chinese manufacturing PMI beats expectations"", ""impact"": 2.0}, {""description"": ""US corporate earnings show modest improvement"", ""impact"": 1.0}, {""description"": ""European debt worries persist"", ""impact"": -1.5}]"
2013-04,0.2,"[{""description"": ""Auto industry restructuring and merger talks"", ""impact"": 1.0}, {""description"": ""ECB signals caution on monetary policy"", ""impact"": -0.5}, {""description"": ""Tech sector gains lift market mood"", ""impact"": 1.5}]"
2013-05,0.18,"[{""description"": ""Positive employment data released by the Fed"", ""impact"": 1.8}, {""description"": ""Weak housing market indicators emerge"", ""impact"": -1.0}, {""description"": ""Major tech companies report earnings beats"", ""impact"": 1.2}]"
2013-06,-0.13,"[{""description"": ""US GDP growth holds steady"", ""impact"": 1.0}, {""description"": ""Middle East protests raise geopolitical concerns"", ""impact"": -1.5}, {""description"": ""Mixed Q1 earnings dampen sector sentiment"", ""impact"": -0.8}]"
2013-07,0.16999999999999998,"[{""description"": ""Fed holds interest rates steady"", ""impact"": 0.2}, {""description"": ""Improved retail sales data boosts mood"", ""impact"": 1.0}, {""description"": ""Easing tensions in Eastern Europe add optimism"", ""impact"": 0.5}]"
2013-08,0.05,"[{""description"": ""Increased regulatory scrutiny on banks"", ""impact"": -1.5}, {""description"": ""Consumer goods earnings beat estimates"", ""impact"": 1.3}, {""description"": ""Progress in Asian trade negotiations"", ""impact"": 0.7}]"
2013-09,-0.2,"[{""description"": ""US debt ceiling debate stokes market concerns"", ""impact"": -2.0}, {""description"": ""Stalled budget talks add political uncertainty"", ""impact"": -1.0}, {""description"": ""Positive European manufacturing data offers some relief"", ""impact"": 1.0}]"
2013-10,0.16999999999999998,"[{""description"": ""Tech companies report strong Q3 earnings"", ""impact"": 1.8}, {""description"": ""Speculation over US fiscal policy raises caution"", ""impact"": -1.0}, {""description"": ""Improved consumer sentiment data reassures investors"", ""impact"": 0.9}]"
2013-11,0.09,"[{""description"": ""Rising energy prices trigger inflation concerns"", ""impact"": -1.2}, {""description"": ""Robust retail sales boost investor optimism"", ""impact"": 1.5}, {""description"": ""ECB maintains accommodative monetary policy"", ""impact"": 0.6}]"
2013-12,0.02,"[{""description"": ""Year-end corporate earnings yield mixed results"", ""impact"": 0.0}, {""description"": ""Global economic growth remains uncertain"", ""impact"": -0.8}, {""description"": ""Positive domestic economic data offers cautious hope"", ""impact"": 1.0}]"
2014-01,0.02,"[{""description"": ""U.S. jobs report shows solid growth"", ""impact"": 1.2}, {""description"": ""Global concerns over slow European recovery emerge"", ""impact"": -1.0}]"
2014-02,0.02,"[{""description"": ""Tech sector earnings exceed expectations"", ""impact"": 1.0}, {""description"": ""ECB issues cautious outlook for eurozone recovery"", ""impact"": -0.8}]"
2014-03,0.12,"[{""description"": ""OPEC meeting hints at production adjustments amid oil volatility"", ""impact"": 0.7}, {""description"": ""U.S. economic indicators show slight improvement"", ""impact"": 0.5}]"
2014-04,-0.16999999999999998,"[{""description"": ""Escalating geopolitical tensions in Eastern Europe raise concerns"", ""impact"": -2.0}, {""description"": ""Mixed U.S. economic data with modest retail sales improvement"", ""impact"": 0.3}]"
2014-05,0.02,"[{""description"": ""Better-than-expected consumer spending boosts sentiment"", ""impact"": 1.2}, {""description"": ""Persisting worries over global growth and weak European indicators"", ""impact"": -1.0}]"
2014-06,-0.06999999999999999,"[{""description"": ""Deteriorating Greek financial conditions stoke market anxiety"", ""impact"": -1.5}, {""description"": ""Robust U.S. housing market data offers some support"", ""impact"": 0.8}]"
2014-07,0.0,"[{""description"": ""Strong Q2 corporate earnings drive optimism"", ""impact"": 1.0}, {""description"": ""Middle East geopolitical tensions add caution"", ""impact"": -1.0}]"
2014-08,-0.11000000000000001,"[{""description"": ""Ongoing Ukraine conflict contributes to market volatility"", ""impact"": -1.8}, {""description"": ""Improvement in U.S. factory orders somewhat lifts sentiment"", ""impact"": 0.7}]"
2014-09,0.01,"[{""description"": ""Fed minutes indicate a gradual approach to policy normalization"", ""impact"": 0.4}, {""description"": ""Mixed corporate earnings reports create uncertainty"", ""impact"": -0.3}]"
2014-10,0.02,"[{""description"": ""Strong consumer sentiment and retail performance boost outlook"", ""impact"": 1.0}, {""description"": ""Geopolitical risks in the Middle East temper optimism"", ""impact"": -0.8}]"
2014-11,-0.01,"[{""description"": ""Stable political environment following U.S. midterm elections"", ""impact"": 0.5}, {""description"": ""Ongoing concerns over European growth weigh on sentiment"", ""impact"": -0.6}]"
2014-12,0.04,"[{""description"": ""Strong Q4 corporate earnings drive optimism"", ""impact"": 1.3}, {""description"": ""Persistent global slowdown concerns dampen market mood"", ""impact"": -0.9}]"
2015-01,0.02,"[{""description"": ""Strong Q4 earnings reports boost investor confidence"", ""impact"": 1.5}, {""description"": ""Concerns over slowdown in Chinese economy raise caution"", ""impact"": -1.3}]"
2015-02,0.02,"[{""description"": ""Robust manufacturing data sparks optimism"", ""impact"": 1.2}, {""description"": ""Weak retail sales data dampen sentiment"", ""impact"": -1.0}]"
2015-03,-0.02,"[{""description"": ""Fed meeting insights suggest gradual policy shifts"", ""impact"": 0.6}, {""description"": ""Global economic slowdown concerns persist"", ""impact"": -0.8}]"
2015-04,-0.05,"[{""description"": ""Low oil prices ease inflation worries"", ""impact"": 1.0}, {""description"": ""Geopolitical tensions in Eastern Europe create uncertainty"", ""impact"": -1.5}]"
2015-05,0.02,"[{""description"": ""U.S. retail sales outperform expectations"", ""impact"": 1.1}, {""description"": ""Eurozone debt challenges weigh on sentiment"", ""impact"": -0.9}]"
2015-06,-0.25,"[{""description"": ""Chinese stock market volatility spurs global jitters"", ""impact"": -3.5}, {""description"": ""Resilient U.S. economic data provides support"", ""impact"": 1.0}]"
2015-07,-0.02,"[{""description"": ""Lingering effects of Chinese market turbulence raise caution"", ""impact"": -1.7}, {""description"": ""Better-than-expected U.S. corporate earnings lift spirits"", ""impact"": 1.5}]"
2015-08,0.02,"[{""description"": ""Mixed U.S. economic indicators fuel a cautious outlook"", ""impact"": -0.5}, {""description"": ""Signs of improved stability in Asian markets boost confidence"", ""impact"": 0.7}]"
2015-09,-0.02,"[{""description"": ""Global market volatility prompts investor caution"", ""impact"": -1.0}, {""description"": ""Steady U.S. economic data offers some reassurance"", ""impact"": 0.8}]"
2015-10,0.02,"[{""description"": ""Strong U.S. earnings reports spark optimism"", ""impact"": 1.2}, {""description"": ""Ongoing geopolitical tensions dampen enthusiasm"", ""impact"": -1.0}]"
2015-11,-0.02,"[{""description"": ""ECB maintains dovish policy stance"", ""impact"": 0.9}, {""description"": ""Political uncertainties in the U.S. heighten caution"", ""impact"": -1.1}]"
2015-12,-0.02,"[{""description"": ""Federal Reserve concludes gradual policy tightening"", ""impact"": 1.0}, {""description"": ""Year-end global slowdown fears add to market unease"", ""impact"": -1.2}]"
2016-01,0.05,"[{""description"": ""Mixed Q4 earnings reports boost optimism"", ""impact"": 2.0}, {""description"": ""Global concerns over Chinese market slowdown"", ""impact"": -1.5}]"
2016-02,0.0,"[{""description"": ""US Fed commentary supports steady growth"", ""impact"": 1.0}, {""description"": ""Volatile oil prices after OPEC meeting"", ""impact"": -1.0}]"
2016-03,0.0,"[{""description"": ""Growing Brexit debate raises uncertainty"", ""impact"": -1.5}, {""description"": ""Strong early earnings season performance"", ""impact"": 1.5}]"
2016-04,0.05,"[{""description"": ""US job growth data beats expectations"", ""impact"": 1.5}, {""description"": ""Escalating Brexit concerns in Europe"", ""impact"": -1.0}]"
2016-05,0.06,"[{""description"": ""US presidential primary debates stir uncertainty"", ""impact"": -1.2}, {""description"": ""Positive corporate earnings reports lift sentiment"", ""impact"": 1.8}]"
2016-06,-0.1,"[{""description"": ""Upcoming Brexit referendum increases European uncertainty"", ""impact"": -2.5}, {""description"": ""Solid US economic performance provides some support"", ""impact"": 1.5}]"
2016-07,0.08,"[{""description"": ""Political campaign activity fuels market caution"", ""impact"": -1.0}, {""description"": ""Better-than-expected Q2 earnings boost outlook"", ""impact"": 1.8}]"
2016-08,-0.02,"[{""description"": ""Robust US corporate earnings sustain optimism"", ""impact"": 1.2}, {""description"": ""Global growth slowdown concerns temper sentiment"", ""impact"": -1.4}]"
2016-09,-0.03,"[{""description"": ""Mixed US economic indicators prompt caution"", ""impact"": -1.3}, {""description"": ""Steady corporate earnings partially offset concerns"", ""impact"": 1.0}]"
2016-10,-0.03,"[{""description"": ""Heightened political campaign rhetoric increases uncertainty"", ""impact"": -1.8}, {""description"": ""Improved earnings outlook offers some support"", ""impact"": 1.5}]"
2016-11,-0.13,"[{""description"": ""US presidential election results spark market uncertainty"", ""impact"": -1.5}, {""description"": ""Concerns over potential policy shifts add risk"", ""impact"": -0.8}, {""description"": ""Robust earnings reports provide partial counterbalance"", ""impact"": 1.0}]"
2016-12,-0.01,"[{""description"": ""Post-election debates over future policy dominate headlines"", ""impact"": -1.8}, {""description"": ""Positive holiday retail data suggests consumer strength"", ""impact"": 1.2}, {""description"": ""Global market volatility remains subdued"", ""impact"": 0.5}]"
2017-01,0.05,"[{""description"": ""Trump inaugurated with promises of deregulation"", ""impact"": 2.0}, {""description"": ""Investors rotate amid political uncertainty"", ""impact"": -1.5}]"
2017-02,0.0,"[{""description"": ""US executive order on immigration sparks debate"", ""impact"": -1.5}, {""description"": ""Positive consumer confidence data reported"", ""impact"": 1.5}]"
2017-03,0.1,"[{""description"": ""House unveils tax reform proposal boosting optimism"", ""impact"": 2.0}, {""description"": ""Geopolitical tensions in various regions trigger caution"", ""impact"": -1.0}]"
2017-04,0.05,"[{""description"": ""Durable goods orders beat estimates, supporting growth"", ""impact"": 1.5}, {""description"": ""Fears of potential Fed rate hikes linger"", ""impact"": -1.0}]"
2017-05,0.15,"[{""description"": ""Robust corporate earnings boost market sentiment"", ""impact"": 2.0}, {""description"": ""Uncertainty over policy direction tempers enthusiasm"", ""impact"": -0.5}]"
2017-06,0.05,"[{""description"": ""Strong job gains reported in economic data"", ""impact"": 1.5}, {""description"": ""Mixed earnings season sparks some investor caution"", ""impact"": -1.0}]"
2017-07,-0.1,"[{""description"": ""North Korea conducts a missile test, raising geopolitical risk"", ""impact"": -2.0}, {""description"": ""Robust US economic data helps offset some concerns"", ""impact"": 1.0}]"
2017-08,0.05,"[{""description"": ""Mixed earnings results create a cautious tone"", ""impact"": -1.0}, {""description"": ""Solid service sector data supports market optimism"", ""impact"": 1.5}]"
2017-09,-0.05,"[{""description"": ""Fed hints at tighter monetary policy causing worries"", ""impact"": -1.5}, {""description"": ""Robust retail sales data provides a modest boost"", ""impact"": 1.0}]"
2017-10,0.15,"[{""description"": ""Strong tech earnings reports lift market sentiment"", ""impact"": 2.0}, {""description"": ""Persistent trade uncertainties weigh on investor mood"", ""impact"": -0.5}]"
2017-11,0.15,"[{""description"": ""Progress on tax reform legislation boosts optimism"", ""impact"": 2.0}, {""description"": ""Global political concerns temper gains slightly"", ""impact"": -0.5}]"
2017-12,0.1,"[{""description"": ""Year-end rally driven by strong earnings and consumer sentiment"", ""impact"": 2.0}, {""description"": ""Caution builds over potential Fed rate hikes"", ""impact"": -1.0}]"
2018-01,0.1,"[{""description"": ""Strong quarterly forecasts from technology firms boost optimism"", ""impact"": 2.0}, {""description"": ""Rising concerns over US-China trade tensions create caution"", ""impact"": -1.0}]"
2018-02,0.1,"[{""description"": ""Robust economic expansion signs support market gains"", ""impact"": 2.5}, {""description"": ""Escalating geopolitical tensions with North Korea spark unease"", ""impact"": -1.5}]"
2018-03,-0.05,"[{""description"": ""Better-than-expected earnings in select sectors provide support"", ""impact"": 1.5}, {""description"": ""Increased volatility and uncertainty trigger market jitters"", ""impact"": -2.0}]"
2018-04,0.05,"[{""description"": ""Mixed economic data leads to cautious investor sentiment"", ""impact"": -0.5}, {""description"": ""Tech sector performance partially offsets broader slowdown concerns"", ""impact"": 1.0}]"
2018-05,-0.1,"[{""description"": ""Heightened market volatility raises correction fears"", ""impact"": -2.5}, {""description"": ""Resilient economic indicators offer some positive support"", ""impact"": 1.5}]"
2018-06,-0.05,"[{""description"": ""US-China trade tensions intensify, adding investor pressure"", ""impact"": -2.0}, {""description"": ""Solid corporate earnings slightly lift market mood"", ""impact"": 1.5}]"
2018-07,0.05,"[{""description"": ""Record corporate earnings and strong consumer spending boost confidence"", ""impact"": 2.0}, {""description"": ""Ongoing concerns over trade conflicts and rate hikes temper gains"", ""impact"": -1.5}]"
2018-08,-0.15,"[{""description"": ""Mounting trade war fears and market volatility hit sentiment"", ""impact"": -2.5}, {""description"": ""Encouraging earnings reports from a few sectors provide modest relief"", ""impact"": 1.0}]"
2018-09,-0.1,"[{""description"": ""Uncertainty over US political developments and Brexit elevate risks"", ""impact"": -2.0}, {""description"": ""Some positive tech earnings help cushion the downturn"", ""impact"": 1.0}]"
2018-10,-0.4,"[{""description"": ""Dramatic market sell-off amid intensified trade war concerns"", ""impact"": -3.0}, {""description"": ""Disappointing earnings results deepen market pessimism"", ""impact"": -1.0}]"
2018-11,-0.05,"[{""description"": ""Continued volatility driven by political uncertainties fuels caution"", ""impact"": -2.0}, {""description"": ""Favorable labor market data provide slight support"", ""impact"": 1.5}]"
2018-12,-0.35,"[{""description"": ""Global slowdown fears trigger a sharp market sell-off"", ""impact"": -4.0}, {""description"": ""Shift to safe-haven assets reflects rising risk aversion"", ""impact"": -0.5}, {""description"": ""Positive retail sales data offer a minor boost"", ""impact"": 1.0}]"
2019-01,-0.25,"[{""description"": ""Ongoing US-China trade negotiation concerns affecting market outlook"", ""impact"": -1.5}, {""description"": ""Global growth worries following weak manufacturing data"", ""impact"": -1.0}]"
2019-02,0.05,"[{""description"": ""Hints from policymakers on potential Fed rate cuts amid slowing growth"", ""impact"": 2.0}, {""description"": ""US-China trade talks face setbacks, increasing market uncertainty"", ""impact"": -1.5}]"
2019-03,0.0,"[{""description"": ""Volatility in Asian markets due to trade war uncertainties"", ""impact"": -1.5}, {""description"": ""European central banks explore easing measures to support growth"", ""impact"": 1.5}]"
2019-04,-0.1,"[{""description"": ""Persistent US-China trade tensions weigh on investor sentiment"", ""impact"": -2.0}, {""description"": ""Slight easing in global debt concerns provides minor support"", ""impact"": 1.0}]"
2019-05,-0.05,"[{""description"": ""Brexit uncertainty continues to impact European markets"", ""impact"": -2.5}, {""description"": ""Strong US corporate earnings reports offer a boost to sentiment"", ""impact"": 2.0}]"
2019-06,0.05,"[{""description"": ""Central banks signal possible monetary policy easing"", ""impact"": 1.5}, {""description"": ""Ongoing concerns over slowing global growth temper optimism"", ""impact"": -1.0}]"
2019-07,0.1,"[{""description"": ""Progress reported in US-China trade negotiations sparks optimism"", ""impact"": 2.0}, {""description"": ""Inflation worries in emerging markets add a note of caution"", ""impact"": -1.0}]"
2019-08,-0.3,"[{""description"": ""Disappointing US earnings reports lead to market weakness"", ""impact"": -2.0}, {""description"": ""Mixed signals from ongoing trade talks deepen uncertainty"", ""impact"": -1.0}]"
2019-09,-0.35,"[{""description"": ""Banking sector under pressure amid challenges with low interest margins"", ""impact"": -2.0}, {""description"": ""Renewed international trade fears following regional political tensions"", ""impact"": -1.5}]"
2019-10,0.15,"[{""description"": ""Global markets uplifted by central bank comments hinting at policy support"", ""impact"": 2.5}, {""description"": ""US-China trade frictions remain a concern, tempering sentiment gains"", ""impact"": -1.0}]"
2019-11,-0.1,"[{""description"": ""Brexit uncertainties continue to unsettle European investors"", ""impact"": -2.0}, {""description"": ""US manufacturing data shows modest growth, offering some relief"", ""impact"": 1.0}]"
2019-12,0.05,"[{""description"": ""End-of-year profit taking results in increased market volatility"", ""impact"": -1.5}, {""description"": ""Rallied investor sentiment as prospects for resolving trade disputes emerge"", ""impact"": 2.0}]"
2020-01,-0.25,"[{""description"": ""Outbreak of pneumonia in Wuhan raises initial health concerns"", ""impact"": -2.5}]"
2020-02,-0.2,"[{""description"": ""Coronavirus cases begin appearing in multiple countries, increasing global worry"", ""impact"": -3.0}, {""description"": ""China implements containment measures, offering cautious optimism"", ""impact"": 1.0}]"
2020-03,-0.4,"[{""description"": ""Global market crash amid rising COVID-19 fears"", ""impact"": -5.0}, {""description"": ""Central banks announce rate cuts and stimulus measures"", ""impact"": 2.5}, {""description"": ""Nationwide lockdown measures heighten economic uncertainty"", ""impact"": -1.5}]"
2020-04,-0.15,"[{""description"": ""Prolonged lockdowns continue to strain economic activity"", ""impact"": -2.5}, {""description"": ""Resilience in healthcare and tech sectors offers slight relief"", ""impact"": 1.0}]"
2020-05,0.15,"[{""description"": ""Some regions begin easing lockdown restrictions"", ""impact"": 2.0}, {""description"": ""Persisting COVID-19 cases fuel ongoing concerns"", ""impact"": -2.0}, {""description"": ""Discussion of fiscal stimulus fosters cautious optimism"", ""impact"": 1.5}]"
2020-06,-0.1,"[{""description"": ""Broad reopening policies spark optimism"", ""impact"": 2.5}, {""description"": ""Rising case numbers in select areas dampen sentiment"", ""impact"": -2.5}, {""description"": ""Uncertainty over economic recovery remains"", ""impact"": -1.0}]"
2020-07,0.0,"[{""description"": ""Consumer spending shows signs of rebound"", ""impact"": 2.0}, {""description"": ""Resurgence of COVID-19 cases in urban centers raises concerns"", ""impact"": -2.0}]"
2020-08,-0.1,"[{""description"": ""Increased COVID-19 testing and vaccine development updates boost hopes"", ""impact"": 1.5}, {""description"": ""Trade tensions and geopolitical strains add uncertainty"", ""impact"": -1.5}, {""description"": ""Some corporate earnings, particularly in retail, disappoint"", ""impact"": -1.0}]"
2020-09,0.0,"[{""description"": ""Mixed corporate earnings reflect a slow economic recovery"", ""impact"": -1.0}, {""description"": ""Persistently high jobless claims cause concern"", ""impact"": -1.5}, {""description"": ""Positive economic indicators offer a modest lift"", ""impact"": 1.0}, {""description"": ""Early vaccine trial progress is reported, spurring cautious hope"", ""impact"": 1.5}]"
2020-10,-0.15,"[{""description"": ""Intensifying US presidential election rhetoric contributes to market volatility"", ""impact"": -2.0}, {""description"": ""Ongoing debates over a new stimulus package create policy uncertainty"", ""impact"": -1.0}, {""description"": ""Strong tech earnings provide a slight boost"", ""impact"": 1.5}]"
2020-11,-0.25,"[{""description"": ""Uncertainty around US presidential election results fuels market jitters"", ""impact"": -2.5}, {""description"": ""Rising COVID-19 cases during election week intensify concerns"", ""impact"": -1.0}, {""description"": ""Gains in tech and online retail sectors offer marginal optimism"", ""impact"": 1.0}]"
2020-12,-0.15,"[{""description"": ""Political uncertainty remains as election outcomes solidify"", ""impact"": -2.0}, {""description"": ""Continued COVID-19 surges weigh on market sentiment"", ""impact"": -1.5}, {""description"": ""Vaccine trial updates provide cautious optimism"", ""impact"": 2.0}]"
2021-01,0.35,"[{""description"": ""Vaccine rollout accelerates, boosting market confidence"", ""impact"": 2.5}, {""description"": ""Fiscal stimulus debates enter final stages, uncertainty arises"", ""impact"": 1.0}]"
2021-02,0.05,"[{""description"": ""Strong earnings in tech sector reinforce optimism"", ""impact"": 2.0}, {""description"": ""COVID variant concerns stir market caution"", ""impact"": -1.5}]"
2021-03,0.1,"[{""description"": ""Broad economic indicators remain solid, boosting sentiment"", ""impact"": 2.0}, {""description"": ""Supply chain disruptions create mild uncertainty"", ""impact"": -1.0}]"
2021-04,-0.05,"[{""description"": ""Inflation concerns emerge amid economic recovery"", ""impact"": -2.0}, {""description"": ""Manufacturing data impresses, adding positive sentiment"", ""impact"": 1.5}]"
2021-05,0.1,"[{""description"": ""Labor market recovery strengthens, adding confidence"", ""impact"": 2.0}, {""description"": ""Bond yields rise, prompting caution on asset valuations"", ""impact"": -1.0}]"
2021-06,0.15,"[{""description"": ""Central bank signals cautious outlook on inflation"", ""impact"": -1.0}, {""description"": ""Technology and consumer sectors drive gains"", ""impact"": 2.5}]"
2021-07,0.05,"[{""description"": ""Earnings season shows robust results in diverse sectors"", ""impact"": 2.0}, {""description"": ""COVID Delta variant prompts some market uncertainty"", ""impact"": -1.5}]"
2021-08,-0.1,"[{""description"": ""Supply chain bottlenecks persist, straining confidence"", ""impact"": -2.0}, {""description"": ""Strong corporate earnings partially offset concerns"", ""impact"": 1.0}]"
2021-09,-0.15,"[{""description"": ""Inflation data disappoints, raises market worries"", ""impact"": -2.5}, {""description"": ""Improved job market statistics offer relief"", ""impact"": 1.0}]"
2021-10,0.05,"[{""description"": ""Tech stocks rebound amid earnings optimism"", ""impact"": 2.0}, {""description"": ""Geopolitical tensions in Europe add risk"", ""impact"": -1.5}]"
2021-11,0.15,"[{""description"": ""Robust Q3 earnings boost market sentiment"", ""impact"": 2.5}, {""description"": ""Supply chain issues and regulatory concerns cause mild unease"", ""impact"": -1.0}]"
2021-12,0.1,"[{""description"": ""Year-end rallies boost investor confidence"", ""impact"": 3.0}, {""description"": ""Concerns over inflation and fiscal policy generate caution"", ""impact"": -2.0}]"
2022-01,-0.5,"[{""description"": ""Omicron surge raises health and economic concerns"", ""impact"": -2.5}, {""description"": ""Inflation worries intensify with rising prices"", ""impact"": -1.5}, {""description"": ""Fed signals caution amid market volatility"", ""impact"": -1.0}]"
2022-02,-0.35,"[{""description"": ""Russia initiates military action in Ukraine"", ""impact"": -6.0}, {""description"": ""Oil prices surge amid geopolitical tensions"", ""impact"": 2.5}]"
2022-03,-0.35,"[{""description"": ""EU announces new sanctions on Russia"", ""impact"": -3.0}, {""description"": ""US increases support for Ukraine"", ""impact"": 1.5}, {""description"": ""Global inflation concerns intensify"", ""impact"": -2.0}]"
2022-04,-0.3,"[{""description"": ""Major central bank meeting signals tightening"", ""impact"": -2.5}, {""description"": ""Energy prices remain volatile"", ""impact"": -1.0}, {""description"": ""Mixed corporate earnings add uncertainty"", ""impact"": 0.5}]"
2022-05,-0.25,"[{""description"": ""China ups COVID restrictions affecting trade"", ""impact"": -2.0}, {""description"": ""US economic data underperforms amid inflation fears"", ""impact"": -1.5}, {""description"": ""Some central banks maintain dovish stance"", ""impact"": 1.0}]"
2022-06,-0.35,"[{""description"": ""Fed signals impending rate hikes"", ""impact"": -2.0}, {""description"": ""Mixed Q2 earnings reports cause uncertainty"", ""impact"": -0.5}, {""description"": ""Energy price fluctuations worry investors"", ""impact"": -1.0}]"
2022-07,-0.25,"[{""description"": ""Persistent inflation concerns depress market mood"", ""impact"": -2.0}, {""description"": ""Hawkish Fed tone adds to uncertainty"", ""impact"": -1.5}, {""description"": ""Strong US jobs data provides mild optimism"", ""impact"": 1.0}]"
2022-08,-0.2,"[{""description"": ""US debt ceiling talks spark fiscal concerns"", ""impact"": -1.5}, {""description"": ""Mixed earnings reports add to market jitters"", ""impact"": -1.0}, {""description"": ""Supply chain issues show slight signs of easing"", ""impact"": 0.5}]"
2022-09,-0.25,"[{""description"": ""Q3 GDP data misses market expectations"", ""impact"": -2.0}, {""description"": ""Tech sector slump continues"", ""impact"": -1.5}, {""description"": ""Improved consumer sentiment data boosts outlook"", ""impact"": 1.0}]"
2022-10,-0.45,"[{""description"": ""Fed raises interest rates amid inflation concerns"", ""impact"": -2.5}, {""description"": ""Mixed corporate earnings spark market volatility"", ""impact"": -1.0}, {""description"": ""Energy market volatility adds pressure"", ""impact"": -1.0}]"
2022-11,-0.05,"[{""description"": ""Overall market shows stabilization amid mixed signals"", ""impact"": 0.5}, {""description"": ""Persistent inflation weighs on investor sentiment"", ""impact"": -2.0}, {""description"": ""Mild easing in geopolitical tensions boosts outlook"", ""impact"": 1.0}]"
2022-12,0.1,"[{""description"": ""Year-end earnings season shows improvement"", ""impact"": 1.5}, {""description"": ""US fiscal adjustments announced ahead of year-end"", ""impact"": 0.5}, {""description"": ""Holiday spending concerns temper optimism"", ""impact"": -1.0}]"
2023-01,-0.4,"[{""description"": ""High inflation data prompts market caution"", ""impact"": -2.5}, {""description"": ""Federal Reserve signals potential further rate hikes"", ""impact"": -1.5}]"
2023-02,-0.25,"[{""description"": ""Mixed corporate earnings reports create cautious outlook"", ""impact"": -1.0}, {""description"": ""Rising interest rate concerns weigh on market sentiment"", ""impact"": -1.5}]"
2023-03,-0.25,"[{""description"": ""Banking sector under scrutiny amid liquidity concerns"", ""impact"": -3.0}, {""description"": ""Positive tech earnings partially offset bank worries"", ""impact"": 0.5}]"
2023-04,0.05,"[{""description"": ""U.S. Federal Reserve hints at ongoing rate hikes"", ""impact"": -1.5}, {""description"": ""Improved Q1 corporate earnings bolster market confidence"", ""impact"": 2.0}]"
2023-05,0.05,"[{""description"": ""Mixed economic data shows slowing growth indicators"", ""impact"": -1.0}, {""description"": ""Initial signs of easing inflation spark cautious optimism"", ""impact"": 1.5}]"
2023-06,-0.1,"[{""description"": ""Rising global geopolitical tensions create market uncertainty"", ""impact"": -2.0}, {""description"": ""Improved corporate guidance partially lifts spirits"", ""impact"": 1.0}]"
2023-07,0.1,"[{""description"": ""Robust consumer spending data boosts market confidence"", ""impact"": 2.0}, {""description"": ""Lingering inflation concerns temper optimism"", ""impact"": -1.0}]"
2023-08,-0.25,"[{""description"": ""Mixed earnings reports from major firms induce caution"", ""impact"": -1.5}, {""description"": ""Geopolitical uncertainties in Europe add downside pressure"", ""impact"": -1.0}]"
2023-09,-0.1,"[{""description"": ""Ongoing US debt ceiling debates increase uncertainty"", ""impact"": -2.0}, {""description"": ""Slowing inflation figures alleviate some market fears"", ""impact"": 1.0}]"
2023-10,0.1,"[{""description"": ""Better-than-expected Q3 economic data bolster optimism"", ""impact"": 2.0}, {""description"": ""Renewed policy debates trigger investor caution"", ""impact"": -1.0}]"
2023-11,0.05,"[{""description"": ""Robust Q3 earnings provide localized boosts"", ""impact"": 1.5}, {""description"": ""Persisting global uncertainties temper overall sentiment"", ""impact"": -1.0}]"
2023-12,0.05,"[{""description"": ""Encouraging holiday retail data boost market sentiment"", ""impact"": 2.0}, {""description"": ""Concerns over potential tax policy shifts add caution"", ""impact"": -1.5}]"
2024-01,0.3,"[{""description"": ""New Year optimism among investors"", ""impact"": 2.0}, {""description"": ""Fed meeting emphasizes cautious policy stance"", ""impact"": 1.0}]"
2024-02,0.05,"[{""description"": ""Tech sector earnings beat modest expectations"", ""impact"": 1.5}, {""description"": ""Global trade tensions remain unresolved"", ""impact"": -1.0}]"
2024-03,0.1,"[{""description"": ""Strong US employment report boosts sentiment"", ""impact"": 2.5}, {""description"": ""Persistent inflation concerns weigh on markets"", ""impact"": -1.5}]"
2024-04,-0.05,"[{""description"": ""Heightened geopolitical tensions in Eastern Europe"", ""impact"": -2.0}, {""description"": ""Improved US consumer confidence levels"", ""impact"": 1.5}]"
2024-05,0.1,"[{""description"": ""Robust corporate earnings reported in the energy sector"", ""impact"": 2.0}, {""description"": ""Localized health scare in Europe raises concerns"", ""impact"": -1.0}]"
2024-06,-0.05,"[{""description"": ""Fed minutes hint at gradual rate hikes ahead"", ""impact"": -1.5}, {""description"": ""Favorable trade deal negotiations reported"", ""impact"": 1.0}]"
2024-07,0.15,"[{""description"": ""US presidential campaign heats up with sharp debates"", ""impact"": -0.5}, {""description"": ""Blue chip companies report strong quarterly results"", ""impact"": 2.0}]"
2024-08,0.05,"[{""description"": ""Cooling inflation boosts consumer sentiment"", ""impact"": 1.5}, {""description"": ""Concerns emerge over slowing global demand"", ""impact"": -1.0}]"
2024-09,-0.2,"[{""description"": ""Mixed manufacturing data raises market uncertainty"", ""impact"": -0.5}, {""description"": ""Renewed geopolitical concerns in Asia affect investor mood"", ""impact"": -1.5}]"
2024-10,-0.1,"[{""description"": ""Tech sector faces volatility amid regulatory scrutiny"", ""impact"": -2.0}, {""description"": ""Stabilizing energy prices provide a modest lift"", ""impact"": 1.0}]"
2024-11,0.1,"[{""description"": ""US presidential election campaigns intensify"", ""impact"": -0.5}, {""description"": ""Retail earnings exceed expectations"", ""impact"": 2.5}, {""description"": ""Lingering concerns over potential government shutdown"", ""impact"": -1.0}]"
2024-12,0.05,"[{""description"": ""Year-end economic review shows mixed results"", ""impact"": -0.5}, {""description"": ""Strong holiday sales boost investor confidence"", ""impact"": 2.0}, {""description"": ""Policy uncertainty persists ahead of budget talks"", ""impact"": -1.0}]"
2025-01,0.3,"[{""description"": ""U.S. GDP release shows moderate growth"", ""impact"": 1.5}, {""description"": ""Federal Reserve hints at gradual rate adjustments"", ""impact"": -0.5}, {""description"": ""Tech sector earnings beat expectations"", ""impact"": 2.0}]"
2025-02,-0.18,"[{""description"": ""Inflation data remains persistent, raising rate hike speculation"", ""impact"": -1.8}, {""description"": ""Geopolitical tensions in Eastern Europe add uncertainty"", ""impact"": -2.0}, {""description"": ""Industrial sector earnings somewhat exceed forecasts"", ""impact"": 1.5}, {""description"": ""Ongoing trade negotiations provide cautious optimism"", ""impact"": 0.5}]"
2025-03,0.13,"[{""description"": ""New energy policy proposals spark market debate"", ""impact"": 0.5}, {""description"": ""Consumer discretionary earnings report introduces caution"", ""impact"": -1.0}, {""description"": ""Tech sector innovation news boosts market mood"", ""impact"": 1.8}]"
2025-04,0.0,"[{""description"": ""Federal Reserve meeting indicates potential monetary tightening"", ""impact"": -1.5}, {""description"": ""Global trade summit yields supportive statements"", ""impact"": 1.2}, {""description"": ""Manufacturing PMI data remains steady"", ""impact"": 0.3}]"
2025-05,0.22999999999999998,"[{""description"": ""Central bank commentary hints at slower pace of rate hikes"", ""impact"": 0.8}, {""description"": ""Banking sector earnings fall short of expectations"", ""impact"": -1.3}, {""description"": ""Surge in renewable energy investments sparks optimism"", ""impact"": 2.1}, {""description"": ""Geopolitical de-escalation in the Middle East offers relief"", ""impact"": 0.7}]"
2025-06,-0.1,"[{""description"": ""Strong U.S. job market report boosts market outlook"", ""impact"": 2.0}, {""description"": ""Unexpected corporate restructuring at a major tech firm worries investors"", ""impact"": -2.5}, {""description"": ""Mixed reactions emerge from ongoing trade talks"", ""impact"": -0.5}]"
2025-07,0.15,"[{""description"": ""Improved consumer confidence data lifts market sentiment"", ""impact"": 1.8}, {""description"": ""Underperforming transportation sector earnings temper optimism"", ""impact"": -1.2}, {""description"": ""Easing inflation signs provide some reassurance"", ""impact"": 0.9}]"
2025-08,0.06999999999999999,"[{""description"": ""Major policy announcement on infrastructure investments boosts sentiment"", ""impact"": 2.5}, {""description"": ""Rising energy prices spark moderate concerns"", ""impact"": -1.0}, {""description"": ""Geopolitical update in Asia prompts cautious outlook"", ""impact"": -0.8}]"
2025-09,0.0,"[{""description"": ""Tech sector earnings provide a boost"", ""impact"": 1.0}, {""description"": ""Consumer sector setbacks weigh on sentiment"", ""impact"": -1.1}, {""description"": ""Stable manufacturing data offers minimal uplift"", ""impact"": 0.1}]"
2025-10,0.04,"[{""description"": ""Fiscal policy announcement hints at tax relief"", ""impact"": 1.7}, {""description"": ""Mixed industrial earnings dampen enthusiasm"", ""impact"": -0.8}, {""description"": ""Global economic outlook remains cautious"", ""impact"": -0.5}]"
2025-11,-0.05,"[{""description"": ""Strong retail sales report fuels market optimism"", ""impact"": 2.0}, {""description"": ""Persistent geopolitical tensions in Eastern Europe create concerns"", ""impact"": -1.5}, {""description"": ""Auto sector earnings disappoint, weighing on sentiment"", ""impact"": -1.0}]"
